eval,cond,pred,n_valid,mean_e,p95_e,max_e,misleading_s,misleading_seeds,freeze,post_int,stale_win,excess
h0.25_B0,N0,P0,5,0.017533123052512888,0.02418595968859297,0.025906966446265372,7.5200000000000005,5,0.0,,,0.025906966446265372
h0.25_B0,N0,PA,5,0.002197945727574041,0.01091075897454624,0.0189044476557561,0.0,0,0.0,,,0.0189044476557561
h0.25_B0,N0,PB,5,0.001515389199614578,0.009049713120005265,0.016581639890957327,0.0,0,0.0,,,0.016581639890957327
h0.25_B0,N0,PC,5,0.0033348048807823995,0.013391834664594753,0.02619139366678757,0.14,4,0.0,,,0.012425376753754715
h0.25_B0,N0,PD,5,0.0019420717263806783,0.010640406661145758,0.018055627720519402,0.0,0,0.0,,,0.004289610807486547
h0.25_B0,A,P0,5,0.027934636603371286,0.03785127968589837,0.03833215542738858,8.0,5,0.0,,,0.03833215542738858
h0.25_B0,A,PA,5,0.0033815555535708455,0.018958708024710676,0.022962430785977293,0.36,5,0.0,,,0.022962430785977293
h0.25_B0,A,PB,5,0.0015272419977939047,0.008611942877046358,0.0172227377664199,0.0,0,0.0,,,0.0172227377664199
h0.25_B0,A,PC,5,0.003497711278171346,0.01387177774319257,0.02342098177113222,0.18,3,0.0,,,0.009654964858099366
h0.25_B0,A,PD,5,0.002663522341431706,0.01402677820359396,0.01849872364821066,0.0,0,0.0,,,0.0047327067351778055
h0.25_B0,C,P0,5,0.06412737577201852,0.09098148154161716,0.1106196031666968,9.96,5,0.0,0.02960638900440144,,0.1106196031666968
h0.25_B0,C,PA,5,0.003914656324333954,0.02163322014925993,0.024394026847049267,0.64,5,0.0,0.0074635342404221205,,0.024394026847049267
h0.25_B0,C,PB,5,0.0014714493432328338,0.006189719928947933,0.016910813242945168,0.0,0,0.0,0.0032470232598840443,,0.016910813242945168
h0.25_B0,C,PC,5,0.0031322647622442088,0.01176165377329825,0.0227757639736601,0.08,1,0.0,0.0060548894325819155,,0.009009747060627247
h0.25_B0,C,PD,5,0.001998960582315211,0.00748054095546112,0.01818933783246902,0.0,0,0.0,0.005854034898039786,,0.0035449714274422856
h0.25_B0,D,P0,5,0.11561768385824807,0.2947100155150275,0.31248160299467187,8.68,5,0.0,0.020130012579123086,,0.31248160299467187
h0.25_B0,D,PA,5,0.011041917389060452,0.019946735800324397,0.021674547038603997,0.48,3,0.0,0.005829212120330692,,0.021674547038603997
h0.25_B0,D,PB,5,0.010259563742629221,0.018668408031676745,0.02073022752277048,0.28,3,0.0,0.005582230878954939,,0.02073022752277048
h0.25_B0,D,PC,5,0.0015803238477468454,0.00835539685131838,0.024582106437429477,0.06,2,0.0,0.007801954509687049,,0.01038702903520451
h0.25_B0,D,PD,5,0.010729042492371773,0.01941836841005034,0.020981000296506156,0.0,0,0.0,0.0055933511775957045,,0.003638820964454453
h0.25_B0,E,P0,5,0.06213715105355073,0.10788202463694037,0.1267331842801047,9.16,5,0.0,,,0.1267331842801047
h0.25_B0,E,PA,5,0.00862733728002804,0.012528909005426844,0.02066353588553534,0.04,0,0.0,,,0.02066353588553534
h0.25_B0,E,PB,5,0.007749845227998447,0.011181262318720981,0.018644791798463112,0.0,0,0.0,,,0.018644791798463112
h0.25_B0,E,PC,5,0.001885248266741555,0.007632772575196222,0.013474483169509065,0.0,0,0.0,,,-0.0002915337435237895
h0.25_B0,E,PD,5,0.00829836983323662,0.012281537503034689,0.019305525068970954,0.0,0,0.0,,,0.0055395081559380995
h0.25_B0,F,P0,5,0.026331054910846856,0.06676896898731523,0.08742878940854665,6.640000000000001,5,0.0,0.019201091641665433,,0.08742878940854665
h0.25_B0,F,PA,5,0.0039254701821082585,0.013917283216051552,0.018587271954259688,0.0,0,0.0,0.0057264344350952375,,0.018587271954259688
h0.25_B0,F,PB,5,0.001421805778837124,0.0066408767151603385,0.017704058625597447,0.0,0,0.0,0.006126634298269624,,0.017704058625597447
h0.25_B0,F,PC,5,0.0030404674992927662,0.011409701309617527,0.023845862567537384,0.06,1,0.0,0.008556718957796836,,0.009343236034362266
h0.25_B0,F,PD,5,0.0020406656648474172,0.009270083537335393,0.01846903370047585,0.0,0,0.0,0.006619740690471428,,0.004276393807828358
h0.25_B0,AC,P0,5,0.05991968476212035,0.09091632066129293,0.10992472348347165,10.02,5,0.0,0.04317851724517171,,0.10992472348347165
h0.25_B0,AC,PA,5,0.004532608969236734,0.021544340902288912,0.024391448925304187,0.8200000000000001,5,0.0,0.007523997736022403,,0.024391448925304187
h0.25_B0,AC,PB,5,0.001462079343013416,0.006599953405588071,0.017436221369726744,0.0,0,0.0,0.0034683299156019996,,0.017436221369726744
h0.25_B0,AC,PC,5,0.00309937840131328,0.010944580712417542,0.024422242530633718,0.08,0,0.0,0.006265033150617169,,0.010656225617600863
h0.25_B0,AC,PD,5,0.0025477199278409234,0.013106611731935287,0.019053899481578627,0.0,0,0.0,0.0062438604684188674,,0.005287882568545772
h0.25_B0,AD,P0,5,0.11993815555359633,0.296932818183624,0.31485343724771775,8.9,5,0.0,0.017092438222994555,,0.31485343724771775
h0.25_B0,AD,PA,5,0.011112653599062649,0.020083520007886636,0.023044580904236087,0.52,5,0.0,0.006270970112029835,,0.023044580904236087
h0.25_B0,AD,PB,5,0.010271432430491036,0.01871617478661165,0.020805684112109746,0.2,3,0.0,0.005754963982322387,,0.020805684112109746
h0.25_B0,AD,PC,5,0.001675585040020684,0.01007467712846339,0.023291931190217167,0.08,1,0.0,0.006939128383428745,,0.009525914277184312
h0.25_B0,AD,PD,5,0.010743852619173846,0.019406780625213876,0.020997348943938756,0.0,0,0.0,0.003851850086735069,,0.003930875111701726
h0.25_B0,CDF,P0,5,0.05722524158831229,0.09077698357558805,0.11061073429220657,9.94,5,0.0,0.050663528576312955,,0.11061073429220657
h0.25_B0,CDF,PA,5,0.007219702438491934,0.021907444283648304,0.024326831408882935,0.62,5,0.0,0.006765611305189296,,0.024326831408882935
h0.25_B0,CDF,PB,5,0.0012522133707558425,0.0045319313321611565,0.01760428316266035,0.0,0,0.0,0.004560531220358278,,0.01760428316266035
h0.25_B0,CDF,PC,5,0.0027881550738576323,0.01055909561016709,0.023947954458385236,0.06,0,0.0,0.00760238670996397,,0.010181937545352382
h0.25_B0,CDF,PD,5,0.0019549232018857493,0.007394922882260528,0.01779804668453842,0.0,0,0.0,0.006387694536062554,,0.0034125036695570442
h0.25_B0,ACDF,P0,5,0.0571457992714668,0.09077821169891177,0.1100464350917679,10.02,5,0.0,0.05434962550423515,,0.1100464350917679
h0.25_B0,ACDF,PA,5,0.007554136653605726,0.020874404594377796,0.024456114286035814,0.6,5,0.0,0.008385175782316377,,0.024456114286035814
h0.25_B0,ACDF,PB,5,0.0015972611187345506,0.007528050591178024,0.016049432942120176,0.0,0,0.0,0.004518270739011699,,0.016049432942120176
h0.25_B0,ACDF,PC,5,0.0029827298007568848,0.010683413313747716,0.022759347317447727,0.06,0,0.0,0.007324127657018848,,0.008993330404414872
h0.25_B0,ACDF,PD,5,0.0025707828671335487,0.011142901301822952,0.017168412308814458,0.0,0,0.0,0.007538390800824895,,0.0034023953957816027
h0.25_B0_no_bound,N0,P0,5,0.017533123052512888,0.02418595968859297,0.025906966446265372,7.5200000000000005,5,0.0,,,0.025906966446265372
h0.25_B0_no_bound,N0,PA,5,0.002197945727574041,0.01091075897454624,0.0189044476557561,0.0,0,0.0,,,0.0189044476557561
h0.25_B0_no_bound,N0,PB,5,0.001515389199614578,0.009049713120005265,0.016581639890957327,0.0,0,0.0,,,0.016581639890957327
h0.25_B0_no_bound,N0,PC,5,0.0033348048807823995,0.013391834664594753,0.02619139366678757,0.14,4,0.0,,,0.02619139366678757
h0.25_B0_no_bound,N0,PD,5,0.0019420717263806783,0.010640406661145758,0.018055627720519402,0.0,0,0.0,,,0.018055627720519402
h0.25_B0_no_bound,A,P0,5,0.027934636603371286,0.03785127968589837,0.03833215542738858,8.0,5,0.0,,,0.03833215542738858
h0.25_B0_no_bound,A,PA,5,0.0033815555535708455,0.018958708024710676,0.022962430785977293,0.36,5,0.0,,,0.022962430785977293
h0.25_B0_no_bound,A,PB,5,0.0015272419977939047,0.008611942877046358,0.0172227377664199,0.0,0,0.0,,,0.0172227377664199
h0.25_B0_no_bound,A,PC,5,0.003497711278171346,0.01387177774319257,0.02342098177113222,0.18,3,0.0,,,0.02342098177113222
h0.25_B0_no_bound,A,PD,5,0.002663522341431706,0.01402677820359396,0.01849872364821066,0.0,0,0.0,,,0.01849872364821066
h0.25_B0_no_bound,C,P0,5,0.06412737577201852,0.09098148154161716,0.1106196031666968,9.96,5,0.0,0.02960638900440144,,0.1106196031666968
h0.25_B0_no_bound,C,PA,5,0.003914656324333954,0.02163322014925993,0.024394026847049267,0.64,5,0.0,0.0074635342404221205,,0.024394026847049267
h0.25_B0_no_bound,C,PB,5,0.0014714493432328338,0.006189719928947933,0.016910813242945168,0.0,0,0.0,0.0032470232598840443,,0.016910813242945168
h0.25_B0_no_bound,C,PC,5,0.0031322647622442088,0.01176165377329825,0.0227757639736601,0.08,1,0.0,0.0060548894325819155,,0.0227757639736601
h0.25_B0_no_bound,C,PD,5,0.001998960582315211,0.00748054095546112,0.01818933783246902,0.0,0,0.0,0.005854034898039786,,0.01818933783246902
h0.25_B0_no_bound,D,P0,5,0.11561768385824807,0.2947100155150275,0.31248160299467187,8.68,5,0.0,0.020130012579123086,,0.31248160299467187
h0.25_B0_no_bound,D,PA,5,0.011041917389060452,0.019946735800324397,0.021674547038603997,0.48,3,0.0,0.005829212120330692,,0.021674547038603997
h0.25_B0_no_bound,D,PB,5,0.010259563742629221,0.018668408031676745,0.02073022752277048,0.28,3,0.0,0.005582230878954939,,0.02073022752277048
h0.25_B0_no_bound,D,PC,5,0.0015803238477468454,0.00835539685131838,0.024582106437429477,0.12,3,0.0,0.007801954509687049,,0.024582106437429477
h0.25_B0_no_bound,D,PD,5,0.010729042492371773,0.01941836841005034,0.020981000296506156,0.32,3,0.0,0.0055933511775957045,,0.020981000296506156
h0.25_B0_no_bound,E,P0,5,0.06213715105355073,0.10788202463694037,0.1267331842801047,9.16,5,0.0,,,0.1267331842801047
h0.25_B0_no_bound,E,PA,5,0.00862733728002804,0.012528909005426844,0.02066353588553534,0.04,0,0.0,,,0.02066353588553534
h0.25_B0_no_bound,E,PB,5,0.007749845227998447,0.011181262318720981,0.018644791798463112,0.0,0,0.0,,,0.018644791798463112
h0.25_B0_no_bound,E,PC,5,0.001885248266741555,0.007632772575196222,0.013474483169509065,0.0,0,0.0,,,0.013474483169509065
h0.25_B0_no_bound,E,PD,5,0.00829836983323662,0.012281537503034689,0.019305525068970954,0.0,0,0.0,,,0.019305525068970954
h0.25_B0_no_bound,F,P0,5,0.026331054910846856,0.06676896898731523,0.08742878940854665,6.640000000000001,5,0.0,0.019201091641665433,,0.08742878940854665
h0.25_B0_no_bound,F,PA,5,0.0039254701821082585,0.013917283216051552,0.018587271954259688,0.0,0,0.0,0.0057264344350952375,,0.018587271954259688
h0.25_B0_no_bound,F,PB,5,0.001421805778837124,0.0066408767151603385,0.017704058625597447,0.0,0,0.0,0.006126634298269624,,0.017704058625597447
h0.25_B0_no_bound,F,PC,5,0.0030404674992927662,0.011409701309617527,0.023845862567537384,0.1,2,0.0,0.008556718957796836,,0.023845862567537384
h0.25_B0_no_bound,F,PD,5,0.0020406656648474172,0.009270083537335393,0.01846903370047585,0.0,0,0.0,0.006619740690471428,,0.01846903370047585
h0.25_B0_no_bound,AC,P0,5,0.05991968476212035,0.09091632066129293,0.10992472348347165,10.02,5,0.0,0.04317851724517171,,0.10992472348347165
h0.25_B0_no_bound,AC,PA,5,0.004532608969236734,0.021544340902288912,0.024391448925304187,0.8200000000000001,5,0.0,0.007523997736022403,,0.024391448925304187
h0.25_B0_no_bound,AC,PB,5,0.001462079343013416,0.006599953405588071,0.017436221369726744,0.0,0,0.0,0.0034683299156019996,,0.017436221369726744
h0.25_B0_no_bound,AC,PC,5,0.00309937840131328,0.010944580712417542,0.024422242530633718,0.08,0,0.0,0.006265033150617169,,0.024422242530633718
h0.25_B0_no_bound,AC,PD,5,0.0025477199278409234,0.013106611731935287,0.019053899481578627,0.0,0,0.0,0.0062438604684188674,,0.019053899481578627
h0.25_B0_no_bound,AD,P0,5,0.11993815555359633,0.296932818183624,0.31485343724771775,8.9,5,0.0,0.017092438222994555,,0.31485343724771775
h0.25_B0_no_bound,AD,PA,5,0.011112653599062649,0.020083520007886636,0.023044580904236087,0.52,5,0.0,0.006270970112029835,,0.023044580904236087
h0.25_B0_no_bound,AD,PB,5,0.010271432430491036,0.01871617478661165,0.020805684112109746,0.2,3,0.0,0.005754963982322387,,0.020805684112109746
h0.25_B0_no_bound,AD,PC,5,0.001675585040020684,0.01007467712846339,0.023291931190217167,0.08,2,0.0,0.006939128383428745,,0.023291931190217167
h0.25_B0_no_bound,AD,PD,5,0.010743852619173846,0.019406780625213876,0.020997348943938756,0.08,2,0.0,0.003851850086735069,,0.020997348943938756
h0.25_B0_no_bound,CDF,P0,5,0.05722524158831229,0.09077698357558805,0.11061073429220657,9.94,5,0.0,0.050663528576312955,,0.11061073429220657
h0.25_B0_no_bound,CDF,PA,5,0.007219702438491934,0.021907444283648304,0.024326831408882935,0.62,5,0.0,0.006765611305189296,,0.024326831408882935
h0.25_B0_no_bound,CDF,PB,5,0.0012522133707558425,0.0045319313321611565,0.01760428316266035,0.0,0,0.0,0.004560531220358278,,0.01760428316266035
h0.25_B0_no_bound,CDF,PC,5,0.0027881550738576323,0.01055909561016709,0.023947954458385236,0.1,2,0.0,0.00760238670996397,,0.023947954458385236
h0.25_B0_no_bound,CDF,PD,5,0.0019549232018857493,0.007394922882260528,0.01779804668453842,0.0,0,0.0,0.006387694536062554,,0.01779804668453842
h0.25_B0_no_bound,ACDF,P0,5,0.0571457992714668,0.09077821169891177,0.1100464350917679,10.02,5,0.0,0.05434962550423515,,0.1100464350917679
h0.25_B0_no_bound,ACDF,PA,5,0.007554136653605726,0.020874404594377796,0.024456114286035814,0.6,5,0.0,0.008385175782316377,,0.024456114286035814
h0.25_B0_no_bound,ACDF,PB,5,0.0015972611187345506,0.007528050591178024,0.016049432942120176,0.0,0,0.0,0.004518270739011699,,0.016049432942120176
h0.25_B0_no_bound,ACDF,PC,5,0.0029827298007568848,0.010683413313747716,0.022759347317447727,0.06,0,0.0,0.007324127657018848,,0.022759347317447727
h0.25_B0_no_bound,ACDF,PD,5,0.0025707828671335487,0.011142901301822952,0.017168412308814458,0.0,0,0.0,0.007538390800824895,,0.017168412308814458
h0.25_B0_no_delay_model,N0,P0,5,0.017533123052512888,0.02418595968859297,0.025906966446265372,7.5200000000000005,5,0.0,,,0.025906966446265372
h0.25_B0_no_delay_model,N0,PA,5,0.002197945727574041,0.01091075897454624,0.0189044476557561,0.0,0,0.0,,,0.0189044476557561
h0.25_B0_no_delay_model,N0,PB,5,0.001515389199614578,0.009049713120005265,0.016581639890957327,0.0,0,0.0,,,0.016581639890957327
h0.25_B0_no_delay_model,N0,PC,5,0.0033348048807823995,0.013391834664594753,0.02619139366678757,0.14,4,0.0,,,0.012425376753754715
h0.25_B0_no_delay_model,N0,PD,5,0.0019420717263806783,0.010640406661145758,0.018055627720519402,0.0,0,0.0,,,0.004289610807486547
h0.25_B0_no_delay_model,A,P0,5,0.027934636603371286,0.03785127968589837,0.03833215542738858,8.0,5,0.0,,,0.03833215542738858
h0.25_B0_no_delay_model,A,PA,5,0.0033815555535708455,0.018958708024710676,0.022962430785977293,0.36,5,0.0,,,0.022962430785977293
h0.25_B0_no_delay_model,A,PB,5,0.0015272419977939047,0.008611942877046358,0.0172227377664199,0.0,0,0.0,,,0.0172227377664199
h0.25_B0_no_delay_model,A,PC,5,0.003497711278171346,0.01387177774319257,0.02342098177113222,0.18,3,0.0,,,0.009654964858099366
h0.25_B0_no_delay_model,A,PD,5,0.003144045294102659,0.018617829569748483,0.023790489640468343,0.28,5,0.0,,,0.010024472727435488
h0.25_B0_no_delay_model,C,P0,5,0.06412737577201852,0.09098148154161716,0.1106196031666968,9.96,5,0.0,0.02960638900440144,,0.1106196031666968
h0.25_B0_no_delay_model,C,PA,5,0.003914656324333954,0.02163322014925993,0.024394026847049267,0.64,5,0.0,0.0074635342404221205,,0.024394026847049267
h0.25_B0_no_delay_model,C,PB,5,0.0014714493432328338,0.006189719928947933,0.016910813242945168,0.0,0,0.0,0.0032470232598840443,,0.016910813242945168
h0.25_B0_no_delay_model,C,PC,5,0.0031322647622442088,0.01176165377329825,0.0227757639736601,0.08,1,0.0,0.0060548894325819155,,0.009009747060627247
h0.25_B0_no_delay_model,C,PD,5,0.001998960582315211,0.00748054095546112,0.01818933783246902,0.0,0,0.0,0.005854034898039786,,0.0035449714274422856
h0.25_B0_no_delay_model,D,P0,5,0.11561768385824807,0.2947100155150275,0.31248160299467187,8.68,5,0.0,0.020130012579123086,,0.31248160299467187
h0.25_B0_no_delay_model,D,PA,5,0.011041917389060452,0.019946735800324397,0.021674547038603997,0.48,3,0.0,0.005829212120330692,,0.021674547038603997
h0.25_B0_no_delay_model,D,PB,5,0.010259563742629221,0.018668408031676745,0.02073022752277048,0.28,3,0.0,0.005582230878954939,,0.02073022752277048
h0.25_B0_no_delay_model,D,PC,5,0.0015803238477468454,0.00835539685131838,0.024582106437429477,0.06,2,0.0,0.007801954509687049,,0.01038702903520451
h0.25_B0_no_delay_model,D,PD,5,0.010729042492371773,0.01941836841005034,0.020981000296506156,0.0,0,0.0,0.0055933511775957045,,0.003638820964454453
h0.25_B0_no_delay_model,E,P0,5,0.06213715105355073,0.10788202463694037,0.1267331842801047,9.16,5,0.0,,,0.1267331842801047
h0.25_B0_no_delay_model,E,PA,5,0.00862733728002804,0.012528909005426844,0.02066353588553534,0.04,0,0.0,,,0.02066353588553534
h0.25_B0_no_delay_model,E,PB,5,0.007749845227998447,0.011181262318720981,0.018644791798463112,0.0,0,0.0,,,0.018644791798463112
h0.25_B0_no_delay_model,E,PC,5,0.001885248266741555,0.007632772575196222,0.013474483169509065,0.0,0,0.0,,,-0.0002915337435237895
h0.25_B0_no_delay_model,E,PD,5,0.00829836983323662,0.012281537503034689,0.019305525068970954,0.0,0,0.0,,,0.0055395081559380995
h0.25_B0_no_delay_model,F,P0,5,0.026331054910846856,0.06676896898731523,0.08742878940854665,6.640000000000001,5,0.0,0.019201091641665433,,0.08742878940854665
h0.25_B0_no_delay_model,F,PA,5,0.0039254701821082585,0.013917283216051552,0.018587271954259688,0.0,0,0.0,0.0057264344350952375,,0.018587271954259688
h0.25_B0_no_delay_model,F,PB,5,0.001421805778837124,0.0066408767151603385,0.017704058625597447,0.0,0,0.0,0.006126634298269624,,0.017704058625597447
h0.25_B0_no_delay_model,F,PC,5,0.0030404674992927662,0.011409701309617527,0.023845862567537384,0.06,1,0.0,0.008556718957796836,,0.009343236034362266
h0.25_B0_no_delay_model,F,PD,5,0.0020406656648474172,0.009270083537335393,0.01846903370047585,0.0,0,0.0,0.006619740690471428,,0.004276393807828358
h0.25_B0_no_delay_model,AC,P0,5,0.05991968476212035,0.09091632066129293,0.10992472348347165,10.02,5,0.0,0.04317851724517171,,0.10992472348347165
h0.25_B0_no_delay_model,AC,PA,5,0.004532608969236734,0.021544340902288912,0.024391448925304187,0.8200000000000001,5,0.0,0.007523997736022403,,0.024391448925304187
h0.25_B0_no_delay_model,AC,PB,5,0.001462079343013416,0.006599953405588071,0.017436221369726744,0.0,0,0.0,0.0034683299156019996,,0.017436221369726744
h0.25_B0_no_delay_model,AC,PC,5,0.00309937840131328,0.010944580712417542,0.024422242530633718,0.08,0,0.0,0.006265033150617169,,0.010656225617600863
h0.25_B0_no_delay_model,AC,PD,5,0.0029094475145208924,0.017436221369726744,0.02253590038749213,0.16,5,0.0,0.0062438604684188674,,0.008769883474459275
h0.25_B0_no_delay_model,AD,P0,5,0.11993815555359633,0.296932818183624,0.31485343724771775,8.9,5,0.0,0.017092438222994555,,0.31485343724771775
h0.25_B0_no_delay_model,AD,PA,5,0.011112653599062649,0.020083520007886636,0.023044580904236087,0.52,5,0.0,0.006270970112029835,,0.023044580904236087
h0.25_B0_no_delay_model,AD,PB,5,0.010271432430491036,0.01871617478661165,0.020805684112109746,0.2,3,0.0,0.005754963982322387,,0.020805684112109746
h0.25_B0_no_delay_model,AD,PC,5,0.001675585040020684,0.01007467712846339,0.023291931190217167,0.08,1,0.0,0.006939128383428745,,0.009525914277184312
h0.25_B0_no_delay_model,AD,PD,5,0.010804607049532188,0.019419829517781744,0.023870426542638615,0.16,4,0.0,0.006133240028409037,,0.008612033408166042
h0.25_B0_no_delay_model,CDF,P0,5,0.05722524158831229,0.09077698357558805,0.11061073429220657,9.94,5,0.0,0.050663528576312955,,0.11061073429220657
h0.25_B0_no_delay_model,CDF,PA,5,0.007219702438491934,0.021907444283648304,0.024326831408882935,0.62,5,0.0,0.006765611305189296,,0.024326831408882935
h0.25_B0_no_delay_model,CDF,PB,5,0.0012522133707558425,0.0045319313321611565,0.01760428316266035,0.0,0,0.0,0.004560531220358278,,0.01760428316266035
h0.25_B0_no_delay_model,CDF,PC,5,0.0027881550738576323,0.01055909561016709,0.023947954458385236,0.06,0,0.0,0.00760238670996397,,0.010181937545352382
h0.25_B0_no_delay_model,CDF,PD,5,0.0019549232018857493,0.007394922882260528,0.01779804668453842,0.0,0,0.0,0.006387694536062554,,0.0034125036695570442
h0.25_B0_no_delay_model,ACDF,P0,5,0.0571457992714668,0.09077821169891177,0.1100464350917679,10.02,5,0.0,0.05434962550423515,,0.1100464350917679
h0.25_B0_no_delay_model,ACDF,PA,5,0.007554136653605726,0.020874404594377796,0.024456114286035814,0.6,5,0.0,0.008385175782316377,,0.024456114286035814
h0.25_B0_no_delay_model,ACDF,PB,5,0.0015972611187345506,0.007528050591178024,0.016049432942120176,0.0,0,0.0,0.004518270739011699,,0.016049432942120176
h0.25_B0_no_delay_model,ACDF,PC,5,0.0029827298007568848,0.010683413313747716,0.022759347317447727,0.06,0,0.0,0.007324127657018848,,0.008993330404414872
h0.25_B0_no_delay_model,ACDF,PD,5,0.0028468823490895986,0.011406631178987926,0.022429168090844307,0.1,2,0.0,0.008129340901014116,,0.008663151177811452
h0.25_B0_no_filter_model,N0,P0,5,0.017533123052512888,0.02418595968859297,0.025906966446265372,7.5200000000000005,5,0.0,,,0.025906966446265372
h0.25_B0_no_filter_model,N0,PA,5,0.002197945727574041,0.01091075897454624,0.0189044476557561,0.0,0,0.0,,,0.0189044476557561
h0.25_B0_no_filter_model,N0,PB,5,0.001515389199614578,0.009049713120005265,0.016581639890957327,0.0,0,0.0,,,0.016581639890957327
h0.25_B0_no_filter_model,N0,PC,5,0.0033348048807823995,0.013391834664594753,0.02619139366678757,0.14,4,0.0,,,0.012425376753754715
h0.25_B0_no_filter_model,N0,PD,5,0.0019420717263806783,0.010640406661145758,0.018055627720519402,0.0,0,0.0,,,0.004289610807486547
h0.25_B0_no_filter_model,A,P0,5,0.027934636603371286,0.03785127968589837,0.03833215542738858,8.0,5,0.0,,,0.03833215542738858
h0.25_B0_no_filter_model,A,PA,5,0.0033815555535708455,0.018958708024710676,0.022962430785977293,0.36,5,0.0,,,0.022962430785977293
h0.25_B0_no_filter_model,A,PB,5,0.0015272419977939047,0.008611942877046358,0.0172227377664199,0.0,0,0.0,,,0.0172227377664199
h0.25_B0_no_filter_model,A,PC,5,0.003497711278171346,0.01387177774319257,0.02342098177113222,0.18,3,0.0,,,0.009654964858099366
h0.25_B0_no_filter_model,A,PD,5,0.002663522341431706,0.01402677820359396,0.01849872364821066,0.0,0,0.0,,,0.0047327067351778055
h0.25_B0_no_filter_model,C,P0,5,0.06412737577201852,0.09098148154161716,0.1106196031666968,9.96,5,0.0,0.02960638900440144,,0.1106196031666968
h0.25_B0_no_filter_model,C,PA,5,0.003914656324333954,0.02163322014925993,0.024394026847049267,0.64,5,0.0,0.0074635342404221205,,0.024394026847049267
h0.25_B0_no_filter_model,C,PB,5,0.0014714493432328338,0.006189719928947933,0.016910813242945168,0.0,0,0.0,0.0032470232598840443,,0.016910813242945168
h0.25_B0_no_filter_model,C,PC,5,0.0031322647622442088,0.01176165377329825,0.0227757639736601,0.08,1,0.0,0.0060548894325819155,,0.009009747060627247
h0.25_B0_no_filter_model,C,PD,5,0.0037084061079164054,0.021386180290517375,0.023794070318714708,0.0,0,0.0,0.006895958695316851,,0.0035449714274422856
h0.25_B0_no_filter_model,D,P0,5,0.11561768385824807,0.2947100155150275,0.31248160299467187,8.68,5,0.0,0.020130012579123086,,0.31248160299467187
h0.25_B0_no_filter_model,D,PA,5,0.011041917389060452,0.019946735800324397,0.021674547038603997,0.48,3,0.0,0.005829212120330692,,0.021674547038603997
h0.25_B0_no_filter_model,D,PB,5,0.010259563742629221,0.018668408031676745,0.02073022752277048,0.28,3,0.0,0.005582230878954939,,0.02073022752277048
h0.25_B0_no_filter_model,D,PC,5,0.0015803238477468454,0.00835539685131838,0.024582106437429477,0.06,2,0.0,0.007801954509687049,,0.01038702903520451
h0.25_B0_no_filter_model,D,PD,5,0.010729042492371773,0.01941836841005034,0.020981000296506156,0.0,0,0.0,0.0055933511775957045,,0.003638820964454453
h0.25_B0_no_filter_model,E,P0,5,0.06213715105355073,0.10788202463694037,0.1267331842801047,9.16,5,0.0,,,0.1267331842801047
h0.25_B0_no_filter_model,E,PA,5,0.00862733728002804,0.012528909005426844,0.02066353588553534,0.04,0,0.0,,,0.02066353588553534
h0.25_B0_no_filter_model,E,PB,5,0.007749845227998447,0.011181262318720981,0.018644791798463112,0.0,0,0.0,,,0.018644791798463112
h0.25_B0_no_filter_model,E,PC,5,0.001885248266741555,0.007632772575196222,0.013474483169509065,0.0,0,0.0,,,-0.0002915337435237895
h0.25_B0_no_filter_model,E,PD,5,0.00829836983323662,0.012281537503034689,0.019305525068970954,0.0,0,0.0,,,0.0055395081559380995
h0.25_B0_no_filter_model,F,P0,5,0.026331054910846856,0.06676896898731523,0.08742878940854665,6.640000000000001,5,0.0,0.019201091641665433,,0.08742878940854665
h0.25_B0_no_filter_model,F,PA,5,0.0039254701821082585,0.013917283216051552,0.018587271954259688,0.0,0,0.0,0.0057264344350952375,,0.018587271954259688
h0.25_B0_no_filter_model,F,PB,5,0.001421805778837124,0.0066408767151603385,0.017704058625597447,0.0,0,0.0,0.006126634298269624,,0.017704058625597447
h0.25_B0_no_filter_model,F,PC,5,0.0030404674992927662,0.011409701309617527,0.023845862567537384,0.06,1,0.0,0.008556718957796836,,0.009343236034362266
h0.25_B0_no_filter_model,F,PD,5,0.0020406656648474172,0.009270083537335393,0.01846903370047585,0.0,0,0.0,0.006619740690471428,,0.004276393807828358
h0.25_B0_no_filter_model,AC,P0,5,0.05991968476212035,0.09091632066129293,0.10992472348347165,10.02,5,0.0,0.04317851724517171,,0.10992472348347165
h0.25_B0_no_filter_model,AC,PA,5,0.004532608969236734,0.021544340902288912,0.024391448925304187,0.8200000000000001,5,0.0,0.007523997736022403,,0.024391448925304187
h0.25_B0_no_filter_model,AC,PB,5,0.001462079343013416,0.006599953405588071,0.017436221369726744,0.0,0,0.0,0.0034683299156019996,,0.017436221369726744
h0.25_B0_no_filter_model,AC,PC,5,0.00309937840131328,0.010944580712417542,0.024422242530633718,0.08,0,0.0,0.006265033150617169,,0.010656225617600863
h0.25_B0_no_filter_model,AC,PD,5,0.00404915640864802,0.019175034375887298,0.023919145027036574,0.0,0,0.0,0.007216112285390049,,0.005287882568545772
h0.25_B0_no_filter_model,AD,P0,5,0.11993815555359633,0.296932818183624,0.31485343724771775,8.9,5,0.0,0.017092438222994555,,0.31485343724771775
h0.25_B0_no_filter_model,AD,PA,5,0.011112653599062649,0.020083520007886636,0.023044580904236087,0.52,5,0.0,0.006270970112029835,,0.023044580904236087
h0.25_B0_no_filter_model,AD,PB,5,0.010271432430491036,0.01871617478661165,0.020805684112109746,0.2,3,0.0,0.005754963982322387,,0.020805684112109746
h0.25_B0_no_filter_model,AD,PC,5,0.001675585040020684,0.01007467712846339,0.023291931190217167,0.08,1,0.0,0.006939128383428745,,0.009525914277184312
h0.25_B0_no_filter_model,AD,PD,5,0.010743852619173846,0.019406780625213876,0.020997348943938756,0.0,0,0.0,0.003851850086735069,,0.003930875111701726
h0.25_B0_no_filter_model,CDF,P0,5,0.05722524158831229,0.09077698357558805,0.11061073429220657,9.94,5,0.0,0.050663528576312955,,0.11061073429220657
h0.25_B0_no_filter_model,CDF,PA,5,0.007219702438491934,0.021907444283648304,0.024326831408882935,0.62,5,0.0,0.006765611305189296,,0.024326831408882935
h0.25_B0_no_filter_model,CDF,PB,5,0.0012522133707558425,0.0045319313321611565,0.01760428316266035,0.0,0,0.0,0.004560531220358278,,0.01760428316266035
h0.25_B0_no_filter_model,CDF,PC,5,0.0027881550738576323,0.01055909561016709,0.023947954458385236,0.06,0,0.0,0.00760238670996397,,0.010181937545352382
h0.25_B0_no_filter_model,CDF,PD,5,0.003711117979886887,0.0211919890550941,0.023968805659511483,0.0,0,0.0,0.006879994820324024,,0.0034125036695570442
h0.25_B0_no_filter_model,ACDF,P0,5,0.0571457992714668,0.09077821169891177,0.1100464350917679,10.02,5,0.0,0.05434962550423515,,0.1100464350917679
h0.25_B0_no_filter_model,ACDF,PA,5,0.007554136653605726,0.020874404594377796,0.024456114286035814,0.6,5,0.0,0.008385175782316377,,0.024456114286035814
h0.25_B0_no_filter_model,ACDF,PB,5,0.0015972611187345506,0.007528050591178024,0.016049432942120176,0.0,0,0.0,0.004518270739011699,,0.016049432942120176
h0.25_B0_no_filter_model,ACDF,PC,5,0.0029827298007568848,0.010683413313747716,0.022759347317447727,0.06,0,0.0,0.007324127657018848,,0.008993330404414872
h0.25_B0_no_filter_model,ACDF,PD,5,0.0039926471845216915,0.01883796449906265,0.023837883986603983,0.0,0,0.0,0.008032102691598923,,0.0034023953957816027
h0.25_B0_no_final_command,N0,P0,5,0.017533123052512888,0.02418595968859297,0.025906966446265372,7.5200000000000005,5,0.0,,,0.025906966446265372
h0.25_B0_no_final_command,N0,PA,5,0.002197945727574041,0.01091075897454624,0.0189044476557561,0.0,0,0.0,,,0.0189044476557561
h0.25_B0_no_final_command,N0,PB,5,0.001515389199614578,0.009049713120005265,0.016581639890957327,0.0,0,0.0,,,0.016581639890957327
h0.25_B0_no_final_command,N0,PC,5,0.001515389199614578,0.009049713120005265,0.016581639890957327,0.0,0,0.0,,,0.0028156229779244726
h0.25_B0_no_final_command,N0,PD,5,0.0019420717263806783,0.010640406661145758,0.018055627720519402,0.0,0,0.0,,,0.004289610807486547
h0.25_B0_no_final_command,A,P0,5,0.027934636603371286,0.03785127968589837,0.03833215542738858,8.0,5,0.0,,,0.03833215542738858
h0.25_B0_no_final_command,A,PA,5,0.0033815555535708455,0.018958708024710676,0.022962430785977293,0.36,5,0.0,,,0.022962430785977293
h0.25_B0_no_final_command,A,PB,5,0.0015272419977939047,0.008611942877046358,0.0172227377664199,0.0,0,0.0,,,0.0172227377664199
h0.25_B0_no_final_command,A,PC,5,0.0015272419977939047,0.008611942877046358,0.0172227377664199,0.0,0,0.0,,,0.0034567208533870467
h0.25_B0_no_final_command,A,PD,5,0.002663522341431706,0.01402677820359396,0.01849872364821066,0.0,0,0.0,,,0.0047327067351778055
h0.25_B0_no_final_command,C,P0,5,0.06412737577201852,0.09098148154161716,0.1106196031666968,9.96,5,0.0,0.02960638900440144,,0.1106196031666968
h0.25_B0_no_final_command,C,PA,5,0.003914656324333954,0.02163322014925993,0.024394026847049267,0.64,5,0.0,0.0074635342404221205,,0.024394026847049267
h0.25_B0_no_final_command,C,PB,5,0.0014714493432328338,0.006189719928947933,0.016910813242945168,0.0,0,0.0,0.0032470232598840443,,0.016910813242945168
h0.25_B0_no_final_command,C,PC,5,0.0014714493432328338,0.006189719928947933,0.016910813242945168,0.0,0,0.0,0.0032470232598840443,,0.003144796329912313
h0.25_B0_no_final_command,C,PD,5,0.001998960582315211,0.00748054095546112,0.01818933783246902,0.0,0,0.0,0.005854034898039786,,0.0035449714274422856
h0.25_B0_no_final_command,D,P0,5,0.11561768385824807,0.2947100155150275,0.31248160299467187,8.68,5,0.0,0.020130012579123086,,0.31248160299467187
h0.25_B0_no_final_command,D,PA,5,0.011041917389060452,0.019946735800324397,0.021674547038603997,0.48,3,0.0,0.005829212120330692,,0.021674547038603997
h0.25_B0_no_final_command,D,PB,5,0.010259563742629221,0.018668408031676745,0.02073022752277048,0.28,3,0.0,0.005582230878954939,,0.02073022752277048
h0.25_B0_no_final_command,D,PC,5,0.010259563742629221,0.018668408031676745,0.02073022752277048,0.0,0,0.0,0.005582230878954939,,0.002507342580806043
h0.25_B0_no_final_command,D,PD,5,0.010729042492371773,0.01941836841005034,0.020981000296506156,0.0,0,0.0,0.0055933511775957045,,0.003638820964454453
h0.25_B0_no_final_command,E,P0,5,0.06213715105355073,0.10788202463694037,0.1267331842801047,9.16,5,0.0,,,0.1267331842801047
h0.25_B0_no_final_command,E,PA,5,0.00862733728002804,0.012528909005426844,0.02066353588553534,0.04,0,0.0,,,0.02066353588553534
h0.25_B0_no_final_command,E,PB,5,0.007749845227998447,0.011181262318720981,0.018644791798463112,0.0,0,0.0,,,0.018644791798463112
h0.25_B0_no_final_command,E,PC,5,0.007749845227998447,0.011181262318720981,0.018644791798463112,0.0,0,0.0,,,0.0048787748854302575
h0.25_B0_no_final_command,E,PD,5,0.00829836983323662,0.012281537503034689,0.019305525068970954,0.0,0,0.0,,,0.0055395081559380995
h0.25_B0_no_final_command,F,P0,5,0.026331054910846856,0.06676896898731523,0.08742878940854665,6.640000000000001,5,0.0,0.019201091641665433,,0.08742878940854665
h0.25_B0_no_final_command,F,PA,5,0.0039254701821082585,0.013917283216051552,0.018587271954259688,0.0,0,0.0,0.0057264344350952375,,0.018587271954259688
h0.25_B0_no_final_command,F,PB,5,0.001421805778837124,0.0066408767151603385,0.017704058625597447,0.0,0,0.0,0.006126634298269624,,0.017704058625597447
h0.25_B0_no_final_command,F,PC,5,0.001421805778837124,0.0066408767151603385,0.017704058625597447,0.0,0,0.0,0.006126634298269624,,0.0030170881928690742
h0.25_B0_no_final_command,F,PD,5,0.0020406656648474172,0.009270083537335393,0.01846903370047585,0.0,0,0.0,0.006619740690471428,,0.004276393807828358
h0.25_B0_no_final_command,AC,P0,5,0.05991968476212035,0.09091632066129293,0.10992472348347165,10.02,5,0.0,0.04317851724517171,,0.10992472348347165
h0.25_B0_no_final_command,AC,PA,5,0.004532608969236734,0.021544340902288912,0.024391448925304187,0.8200000000000001,5,0.0,0.007523997736022403,,0.024391448925304187
h0.25_B0_no_final_command,AC,PB,5,0.001462079343013416,0.006599953405588071,0.017436221369726744,0.0,0,0.0,0.0034683299156019996,,0.017436221369726744
h0.25_B0_no_final_command,AC,PC,5,0.001462079343013416,0.006599953405588071,0.017436221369726744,0.0,0,0.0,0.0034683299156019996,,0.003670204456693889
h0.25_B0_no_final_command,AC,PD,5,0.0025477199278409234,0.013106611731935287,0.019053899481578627,0.0,0,0.0,0.0062438604684188674,,0.005287882568545772
h0.25_B0_no_final_command,AD,P0,5,0.11993815555359633,0.296932818183624,0.31485343724771775,8.9,5,0.0,0.017092438222994555,,0.31485343724771775
h0.25_B0_no_final_command,AD,PA,5,0.011112653599062649,0.020083520007886636,0.023044580904236087,0.52,5,0.0,0.006270970112029835,,0.023044580904236087
h0.25_B0_no_final_command,AD,PB,5,0.010271432430491036,0.01871617478661165,0.020805684112109746,0.2,3,0.0,0.005754963982322387,,0.020805684112109746
h0.25_B0_no_final_command,AD,PC,5,0.010271432430491036,0.01871617478661165,0.020805684112109746,0.0,0,0.0,0.005754963982322387,,0.002910530903828668
h0.25_B0_no_final_command,AD,PD,5,0.010743852619173846,0.019406780625213876,0.020997348943938756,0.0,0,0.0,0.003851850086735069,,0.003930875111701726
h0.25_B0_no_final_command,CDF,P0,5,0.05722524158831229,0.09077698357558805,0.11061073429220657,9.94,5,0.0,0.050663528576312955,,0.11061073429220657
h0.25_B0_no_final_command,CDF,PA,5,0.007219702438491934,0.021907444283648304,0.024326831408882935,0.62,5,0.0,0.006765611305189296,,0.024326831408882935
h0.25_B0_no_final_command,CDF,PB,5,0.0012522133707558425,0.0045319313321611565,0.01760428316266035,0.0,0,0.0,0.004560531220358278,,0.01760428316266035
h0.25_B0_no_final_command,CDF,PC,5,0.0012522133707558425,0.0045319313321611565,0.01760428316266035,0.0,0,0.0,0.004560531220358278,,0.0036434534375965524
h0.25_B0_no_final_command,CDF,PD,5,0.0019549232018857493,0.007394922882260528,0.01779804668453842,0.0,0,0.0,0.006387694536062554,,0.0034125036695570442
h0.25_B0_no_final_command,ACDF,P0,5,0.0571457992714668,0.09077821169891177,0.1100464350917679,10.02,5,0.0,0.05434962550423515,,0.1100464350917679
h0.25_B0_no_final_command,ACDF,PA,5,0.007554136653605726,0.020874404594377796,0.024456114286035814,0.6,5,0.0,0.008385175782316377,,0.024456114286035814
h0.25_B0_no_final_command,ACDF,PB,5,0.0015972611187345506,0.007528050591178024,0.016049432942120176,0.0,0,0.0,0.004518270739011699,,0.016049432942120176
h0.25_B0_no_final_command,ACDF,PC,5,0.0015972611187345506,0.007528050591178024,0.016049432942120176,0.0,0,0.0,0.004518270739011699,,0.002283416029087321
h0.25_B0_no_final_command,ACDF,PD,5,0.0025707828671335487,0.011142901301822952,0.017168412308814458,0.0,0,0.0,0.007538390800824895,,0.0034023953957816027
h0.25_B0_no_intervention_flag,N0,P0,5,0.017533123052512888,0.02418595968859297,0.025906966446265372,7.5200000000000005,5,0.0,,,0.025906966446265372
h0.25_B0_no_intervention_flag,N0,PA,5,0.002197945727574041,0.01091075897454624,0.0189044476557561,0.0,0,0.0,,,0.0189044476557561
h0.25_B0_no_intervention_flag,N0,PB,5,0.001515389199614578,0.009049713120005265,0.016581639890957327,0.0,0,0.0,,,0.016581639890957327
h0.25_B0_no_intervention_flag,N0,PC,5,0.0033348048807823995,0.013391834664594753,0.02619139366678757,0.14,4,0.0,,,0.012425376753754715
h0.25_B0_no_intervention_flag,N0,PD,5,0.0019420717263806783,0.010640406661145758,0.018055627720519402,0.0,0,0.0,,,0.004289610807486547
h0.25_B0_no_intervention_flag,A,P0,5,0.027934636603371286,0.03785127968589837,0.03833215542738858,8.0,5,0.0,,,0.03833215542738858
h0.25_B0_no_intervention_flag,A,PA,5,0.0033815555535708455,0.018958708024710676,0.022962430785977293,0.36,5,0.0,,,0.022962430785977293
h0.25_B0_no_intervention_flag,A,PB,5,0.0015272419977939047,0.008611942877046358,0.0172227377664199,0.0,0,0.0,,,0.0172227377664199
h0.25_B0_no_intervention_flag,A,PC,5,0.003497711278171346,0.01387177774319257,0.02342098177113222,0.18,3,0.0,,,0.009654964858099366
h0.25_B0_no_intervention_flag,A,PD,5,0.002663522341431706,0.01402677820359396,0.01849872364821066,0.0,0,0.0,,,0.0047327067351778055
h0.25_B0_no_intervention_flag,C,P0,5,0.06412737577201852,0.09098148154161716,0.1106196031666968,9.96,5,0.0,0.02960638900440144,,0.1106196031666968
h0.25_B0_no_intervention_flag,C,PA,5,0.003914656324333954,0.02163322014925993,0.024394026847049267,0.64,5,0.0,0.0074635342404221205,,0.024394026847049267
h0.25_B0_no_intervention_flag,C,PB,5,0.0014714493432328338,0.006189719928947933,0.016910813242945168,0.0,0,0.0,0.0032470232598840443,,0.016910813242945168
h0.25_B0_no_intervention_flag,C,PC,5,0.0031322647622442088,0.01176165377329825,0.0227757639736601,0.08,1,0.0,0.0060548894325819155,,0.009009747060627247
h0.25_B0_no_intervention_flag,C,PD,5,0.001998960582315211,0.00748054095546112,0.01818933783246902,0.0,0,0.0,0.005854034898039786,,0.004423320919436166
h0.25_B0_no_intervention_flag,D,P0,5,0.11561768385824807,0.2947100155150275,0.31248160299467187,8.68,5,0.0,0.020130012579123086,,0.31248160299467187
h0.25_B0_no_intervention_flag,D,PA,5,0.011041917389060452,0.019946735800324397,0.021674547038603997,0.48,3,0.0,0.005829212120330692,,0.021674547038603997
h0.25_B0_no_intervention_flag,D,PB,5,0.010259563742629221,0.018668408031676745,0.02073022752277048,0.28,3,0.0,0.005582230878954939,,0.02073022752277048
h0.25_B0_no_intervention_flag,D,PC,5,0.0015803238477468454,0.00835539685131838,0.024582106437429477,0.12,3,0.0,0.007801954509687049,,0.010816089524396623
h0.25_B0_no_intervention_flag,D,PD,5,0.010729042492371773,0.01941836841005034,0.020981000296506156,0.32,3,0.0,0.0055933511775957045,,0.007214983383473301
h0.25_B0_no_intervention_flag,E,P0,5,0.06213715105355073,0.10788202463694037,0.1267331842801047,9.16,5,0.0,,,0.1267331842801047
h0.25_B0_no_intervention_flag,E,PA,5,0.00862733728002804,0.012528909005426844,0.02066353588553534,0.04,0,0.0,,,0.02066353588553534
h0.25_B0_no_intervention_flag,E,PB,5,0.007749845227998447,0.011181262318720981,0.018644791798463112,0.0,0,0.0,,,0.018644791798463112
h0.25_B0_no_intervention_flag,E,PC,5,0.001885248266741555,0.007632772575196222,0.013474483169509065,0.0,0,0.0,,,-0.0002915337435237895
h0.25_B0_no_intervention_flag,E,PD,5,0.00829836983323662,0.012281537503034689,0.019305525068970954,0.0,0,0.0,,,0.0055395081559380995
h0.25_B0_no_intervention_flag,F,P0,5,0.026331054910846856,0.06676896898731523,0.08742878940854665,6.640000000000001,5,0.0,0.019201091641665433,,0.08742878940854665
h0.25_B0_no_intervention_flag,F,PA,5,0.0039254701821082585,0.013917283216051552,0.018587271954259688,0.0,0,0.0,0.0057264344350952375,,0.018587271954259688
h0.25_B0_no_intervention_flag,F,PB,5,0.001421805778837124,0.0066408767151603385,0.017704058625597447,0.0,0,0.0,0.006126634298269624,,0.017704058625597447
h0.25_B0_no_intervention_flag,F,PC,5,0.0030404674992927662,0.011409701309617527,0.023845862567537384,0.1,2,0.0,0.008556718957796836,,0.01007984565450453
h0.25_B0_no_intervention_flag,F,PD,5,0.0020406656648474172,0.009270083537335393,0.01846903370047585,0.0,0,0.0,0.006619740690471428,,0.004703016787442995
h0.25_B0_no_intervention_flag,AC,P0,5,0.05991968476212035,0.09091632066129293,0.10992472348347165,10.02,5,0.0,0.04317851724517171,,0.10992472348347165
h0.25_B0_no_intervention_flag,AC,PA,5,0.004532608969236734,0.021544340902288912,0.024391448925304187,0.8200000000000001,5,0.0,0.007523997736022403,,0.024391448925304187
h0.25_B0_no_intervention_flag,AC,PB,5,0.001462079343013416,0.006599953405588071,0.017436221369726744,0.0,0,0.0,0.0034683299156019996,,0.017436221369726744
h0.25_B0_no_intervention_flag,AC,PC,5,0.00309937840131328,0.010944580712417542,0.024422242530633718,0.08,0,0.0,0.006265033150617169,,0.010656225617600863
h0.25_B0_no_intervention_flag,AC,PD,5,0.0025477199278409234,0.013106611731935287,0.019053899481578627,0.0,0,0.0,0.0062438604684188674,,0.005287882568545772
h0.25_B0_no_intervention_flag,AD,P0,5,0.11993815555359633,0.296932818183624,0.31485343724771775,8.9,5,0.0,0.017092438222994555,,0.31485343724771775
h0.25_B0_no_intervention_flag,AD,PA,5,0.011112653599062649,0.020083520007886636,0.023044580904236087,0.52,5,0.0,0.006270970112029835,,0.023044580904236087
h0.25_B0_no_intervention_flag,AD,PB,5,0.010271432430491036,0.01871617478661165,0.020805684112109746,0.2,3,0.0,0.005754963982322387,,0.020805684112109746
h0.25_B0_no_intervention_flag,AD,PC,5,0.001675585040020684,0.01007467712846339,0.023291931190217167,0.08,2,0.0,0.006939128383428745,,0.009525914277184312
h0.25_B0_no_intervention_flag,AD,PD,5,0.010743852619173846,0.019406780625213876,0.020997348943938756,0.08,2,0.0,0.003851850086735069,,0.007231332030905901
h0.25_B0_no_intervention_flag,CDF,P0,5,0.05722524158831229,0.09077698357558805,0.11061073429220657,9.94,5,0.0,0.050663528576312955,,0.11061073429220657
h0.25_B0_no_intervention_flag,CDF,PA,5,0.007219702438491934,0.021907444283648304,0.024326831408882935,0.62,5,0.0,0.006765611305189296,,0.024326831408882935
h0.25_B0_no_intervention_flag,CDF,PB,5,0.0012522133707558425,0.0045319313321611565,0.01760428316266035,0.0,0,0.0,0.004560531220358278,,0.01760428316266035
h0.25_B0_no_intervention_flag,CDF,PC,5,0.0027881550738576323,0.01055909561016709,0.023947954458385236,0.1,2,0.0,0.00760238670996397,,0.010181937545352382
h0.25_B0_no_intervention_flag,CDF,PD,5,0.0019549232018857493,0.007394922882260528,0.01779804668453842,0.0,0,0.0,0.006387694536062554,,0.0040320297715055655
h0.25_B0_no_intervention_flag,ACDF,P0,5,0.0571457992714668,0.09077821169891177,0.1100464350917679,10.02,5,0.0,0.05434962550423515,,0.1100464350917679
h0.25_B0_no_intervention_flag,ACDF,PA,5,0.007554136653605726,0.020874404594377796,0.024456114286035814,0.6,5,0.0,0.008385175782316377,,0.024456114286035814
h0.25_B0_no_intervention_flag,ACDF,PB,5,0.0015972611187345506,0.007528050591178024,0.016049432942120176,0.0,0,0.0,0.004518270739011699,,0.016049432942120176
h0.25_B0_no_intervention_flag,ACDF,PC,5,0.0029827298007568848,0.010683413313747716,0.022759347317447727,0.06,0,0.0,0.007324127657018848,,0.008993330404414872
h0.25_B0_no_intervention_flag,ACDF,PD,5,0.0025707828671335487,0.011142901301822952,0.017168412308814458,0.0,0,0.0,0.007538390800824895,,0.0034023953957816027
h0.25_B0_no_sa_model,N0,P0,5,0.017533123052512888,0.02418595968859297,0.025906966446265372,7.5200000000000005,5,0.0,,,0.025906966446265372
h0.25_B0_no_sa_model,N0,PA,5,0.002197945727574041,0.01091075897454624,0.0189044476557561,0.0,0,0.0,,,0.0189044476557561
h0.25_B0_no_sa_model,N0,PB,5,0.001515389199614578,0.009049713120005265,0.016581639890957327,0.0,0,0.0,,,0.016581639890957327
h0.25_B0_no_sa_model,N0,PC,5,0.0033348048807823995,0.013391834664594753,0.02619139366678757,0.14,4,0.0,,,0.012425376753754715
h0.25_B0_no_sa_model,N0,PD,5,0.0019420717263806783,0.010640406661145758,0.018055627720519402,0.0,0,0.0,,,0.004289610807486547
h0.25_B0_no_sa_model,A,P0,5,0.027934636603371286,0.03785127968589837,0.03833215542738858,8.0,5,0.0,,,0.03833215542738858
h0.25_B0_no_sa_model,A,PA,5,0.0033815555535708455,0.018958708024710676,0.022962430785977293,0.36,5,0.0,,,0.022962430785977293
h0.25_B0_no_sa_model,A,PB,5,0.0015272419977939047,0.008611942877046358,0.0172227377664199,0.0,0,0.0,,,0.0172227377664199
h0.25_B0_no_sa_model,A,PC,5,0.003497711278171346,0.01387177774319257,0.02342098177113222,0.18,3,0.0,,,0.009654964858099366
h0.25_B0_no_sa_model,A,PD,5,0.002663522341431706,0.01402677820359396,0.01849872364821066,0.0,0,0.0,,,0.0047327067351778055
h0.25_B0_no_sa_model,C,P0,5,0.06412737577201852,0.09098148154161716,0.1106196031666968,9.96,5,0.0,0.02960638900440144,,0.1106196031666968
h0.25_B0_no_sa_model,C,PA,5,0.003914656324333954,0.02163322014925993,0.024394026847049267,0.64,5,0.0,0.0074635342404221205,,0.024394026847049267
h0.25_B0_no_sa_model,C,PB,5,0.0014714493432328338,0.006189719928947933,0.016910813242945168,0.0,0,0.0,0.0032470232598840443,,0.016910813242945168
h0.25_B0_no_sa_model,C,PC,5,0.0031322647622442088,0.01176165377329825,0.0227757639736601,0.08,1,0.0,0.0060548894325819155,,0.009009747060627247
h0.25_B0_no_sa_model,C,PD,5,0.001998960582315211,0.00748054095546112,0.01818933783246902,0.0,0,0.0,0.005854034898039786,,0.0035449714274422856
h0.25_B0_no_sa_model,D,P0,5,0.11561768385824807,0.2947100155150275,0.31248160299467187,8.68,5,0.0,0.020130012579123086,,0.31248160299467187
h0.25_B0_no_sa_model,D,PA,5,0.011041917389060452,0.019946735800324397,0.021674547038603997,0.48,3,0.0,0.005829212120330692,,0.021674547038603997
h0.25_B0_no_sa_model,D,PB,5,0.010259563742629221,0.018668408031676745,0.02073022752277048,0.28,3,0.0,0.005582230878954939,,0.02073022752277048
h0.25_B0_no_sa_model,D,PC,5,0.0015803238477468454,0.00835539685131838,0.024582106437429477,0.06,2,0.0,0.007801954509687049,,0.01038702903520451
h0.25_B0_no_sa_model,D,PD,5,0.010729042492371773,0.01941836841005034,0.020981000296506156,0.0,0,0.0,0.0055933511775957045,,0.003638820964454453
h0.25_B0_no_sa_model,E,P0,5,0.06213715105355073,0.10788202463694037,0.1267331842801047,9.16,5,0.0,,,0.1267331842801047
h0.25_B0_no_sa_model,E,PA,5,0.00862733728002804,0.012528909005426844,0.02066353588553534,0.04,0,0.0,,,0.02066353588553534
h0.25_B0_no_sa_model,E,PB,5,0.007749845227998447,0.011181262318720981,0.018644791798463112,0.0,0,0.0,,,0.018644791798463112
h0.25_B0_no_sa_model,E,PC,5,0.001885248266741555,0.007632772575196222,0.013474483169509065,0.0,0,0.0,,,-0.0002915337435237895
h0.25_B0_no_sa_model,E,PD,5,0.00829836983323662,0.012281537503034689,0.019305525068970954,0.0,0,0.0,,,0.0055395081559380995
h0.25_B0_no_sa_model,F,P0,5,0.026331054910846856,0.06676896898731523,0.08742878940854665,6.640000000000001,5,0.0,0.019201091641665433,,0.08742878940854665
h0.25_B0_no_sa_model,F,PA,5,0.0039254701821082585,0.013917283216051552,0.018587271954259688,0.0,0,0.0,0.0057264344350952375,,0.018587271954259688
h0.25_B0_no_sa_model,F,PB,5,0.001421805778837124,0.0066408767151603385,0.017704058625597447,0.0,0,0.0,0.006126634298269624,,0.017704058625597447
h0.25_B0_no_sa_model,F,PC,5,0.0030404674992927662,0.011409701309617527,0.023845862567537384,0.06,1,0.0,0.008556718957796836,,0.009343236034362266
h0.25_B0_no_sa_model,F,PD,5,0.003725293469778819,0.01340252957559921,0.017510627380271232,0.0,0,0.0,0.005332364195114581,,0.003744610467238377
h0.25_B0_no_sa_model,AC,P0,5,0.05991968476212035,0.09091632066129293,0.10992472348347165,10.02,5,0.0,0.04317851724517171,,0.10992472348347165
h0.25_B0_no_sa_model,AC,PA,5,0.004532608969236734,0.021544340902288912,0.024391448925304187,0.8200000000000001,5,0.0,0.007523997736022403,,0.024391448925304187
h0.25_B0_no_sa_model,AC,PB,5,0.001462079343013416,0.006599953405588071,0.017436221369726744,0.0,0,0.0,0.0034683299156019996,,0.017436221369726744
h0.25_B0_no_sa_model,AC,PC,5,0.00309937840131328,0.010944580712417542,0.024422242530633718,0.08,0,0.0,0.006265033150617169,,0.010656225617600863
h0.25_B0_no_sa_model,AC,PD,5,0.0025477199278409234,0.013106611731935287,0.019053899481578627,0.0,0,0.0,0.0062438604684188674,,0.005287882568545772
h0.25_B0_no_sa_model,AD,P0,5,0.11993815555359633,0.296932818183624,0.31485343724771775,8.9,5,0.0,0.017092438222994555,,0.31485343724771775
h0.25_B0_no_sa_model,AD,PA,5,0.011112653599062649,0.020083520007886636,0.023044580904236087,0.52,5,0.0,0.006270970112029835,,0.023044580904236087
h0.25_B0_no_sa_model,AD,PB,5,0.010271432430491036,0.01871617478661165,0.020805684112109746,0.2,3,0.0,0.005754963982322387,,0.020805684112109746
h0.25_B0_no_sa_model,AD,PC,5,0.001675585040020684,0.01007467712846339,0.023291931190217167,0.08,1,0.0,0.006939128383428745,,0.009525914277184312
h0.25_B0_no_sa_model,AD,PD,5,0.010743852619173846,0.019406780625213876,0.020997348943938756,0.0,0,0.0,0.003851850086735069,,0.003930875111701726
h0.25_B0_no_sa_model,CDF,P0,5,0.05722524158831229,0.09077698357558805,0.11061073429220657,9.94,5,0.0,0.050663528576312955,,0.11061073429220657
h0.25_B0_no_sa_model,CDF,PA,5,0.007219702438491934,0.021907444283648304,0.024326831408882935,0.62,5,0.0,0.006765611305189296,,0.024326831408882935
h0.25_B0_no_sa_model,CDF,PB,5,0.0012522133707558425,0.0045319313321611565,0.01760428316266035,0.0,0,0.0,0.004560531220358278,,0.01760428316266035
h0.25_B0_no_sa_model,CDF,PC,5,0.0027881550738576323,0.01055909561016709,0.023947954458385236,0.06,0,0.0,0.00760238670996397,,0.010181937545352382
h0.25_B0_no_sa_model,CDF,PD,5,0.005092903253069663,0.015751207111158298,0.01789774861820529,0.0,0,0.0,0.0056642553055257444,,0.0034125036695570442
h0.25_B0_no_sa_model,ACDF,P0,5,0.0571457992714668,0.09077821169891177,0.1100464350917679,10.02,5,0.0,0.05434962550423515,,0.1100464350917679
h0.25_B0_no_sa_model,ACDF,PA,5,0.007554136653605726,0.020874404594377796,0.024456114286035814,0.6,5,0.0,0.008385175782316377,,0.024456114286035814
h0.25_B0_no_sa_model,ACDF,PB,5,0.0015972611187345506,0.007528050591178024,0.016049432942120176,0.0,0,0.0,0.004518270739011699,,0.016049432942120176
h0.25_B0_no_sa_model,ACDF,PC,5,0.0029827298007568848,0.010683413313747716,0.022759347317447727,0.06,0,0.0,0.007324127657018848,,0.008993330404414872
h0.25_B0_no_sa_model,ACDF,PD,5,0.005472255097415481,0.015504467457347154,0.018743632139955047,0.0,0,0.0,0.0065045273131141045,,0.0034023953957816027
h0.25_B0_no_stale_stop,N0,P0,5,0.017533123052512888,0.02418595968859297,0.025906966446265372,7.5200000000000005,5,0.0,,,0.025906966446265372
h0.25_B0_no_stale_stop,N0,PA,5,0.002197945727574041,0.01091075897454624,0.0189044476557561,0.0,0,0.0,,,0.0189044476557561
h0.25_B0_no_stale_stop,N0,PB,5,0.001515389199614578,0.009049713120005265,0.016581639890957327,0.0,0,0.0,,,0.016581639890957327
h0.25_B0_no_stale_stop,N0,PC,5,0.0033348048807823995,0.013391834664594753,0.02619139366678757,0.14,4,0.0,,,0.012425376753754715
h0.25_B0_no_stale_stop,N0,PD,5,0.0019420717263806783,0.010640406661145758,0.018055627720519402,0.0,0,0.0,,,0.004289610807486547
h0.25_B0_no_stale_stop,A,P0,5,0.027934636603371286,0.03785127968589837,0.03833215542738858,8.0,5,0.0,,,0.03833215542738858
h0.25_B0_no_stale_stop,A,PA,5,0.0033815555535708455,0.018958708024710676,0.022962430785977293,0.36,5,0.0,,,0.022962430785977293
h0.25_B0_no_stale_stop,A,PB,5,0.0015272419977939047,0.008611942877046358,0.0172227377664199,0.0,0,0.0,,,0.0172227377664199
h0.25_B0_no_stale_stop,A,PC,5,0.003497711278171346,0.01387177774319257,0.02342098177113222,0.18,3,0.0,,,0.009654964858099366
h0.25_B0_no_stale_stop,A,PD,5,0.002663522341431706,0.01402677820359396,0.01849872364821066,0.0,0,0.0,,,0.0047327067351778055
h0.25_B0_no_stale_stop,C,P0,5,0.06412737577201852,0.09098148154161716,0.1106196031666968,9.96,5,0.0,0.02960638900440144,,0.1106196031666968
h0.25_B0_no_stale_stop,C,PA,5,0.003914656324333954,0.02163322014925993,0.024394026847049267,0.64,5,0.0,0.0074635342404221205,,0.024394026847049267
h0.25_B0_no_stale_stop,C,PB,5,0.0014714493432328338,0.006189719928947933,0.016910813242945168,0.0,0,0.0,0.0032470232598840443,,0.016910813242945168
h0.25_B0_no_stale_stop,C,PC,5,0.0031322647622442088,0.01176165377329825,0.0227757639736601,0.08,1,0.0,0.0060548894325819155,,0.009009747060627247
h0.25_B0_no_stale_stop,C,PD,5,0.001998960582315211,0.00748054095546112,0.01818933783246902,0.0,0,0.0,0.005854034898039786,,0.0035449714274422856
h0.25_B0_no_stale_stop,D,P0,5,0.11561768385824807,0.2947100155150275,0.31248160299467187,8.68,5,0.0,0.020130012579123086,,0.31248160299467187
h0.25_B0_no_stale_stop,D,PA,5,0.011041917389060452,0.019946735800324397,0.021674547038603997,0.48,3,0.0,0.005829212120330692,,0.021674547038603997
h0.25_B0_no_stale_stop,D,PB,5,0.010259563742629221,0.018668408031676745,0.02073022752277048,0.28,3,0.0,0.005582230878954939,,0.02073022752277048
h0.25_B0_no_stale_stop,D,PC,5,0.0015803238477468454,0.00835539685131838,0.024582106437429477,0.06,2,0.0,0.007801954509687049,,0.01038702903520451
h0.25_B0_no_stale_stop,D,PD,5,0.010729042492371773,0.01941836841005034,0.020981000296506156,0.0,0,0.0,0.0055933511775957045,,0.003638820964454453
h0.25_B0_no_stale_stop,E,P0,5,0.06213715105355073,0.10788202463694037,0.1267331842801047,9.16,5,0.0,,,0.1267331842801047
h0.25_B0_no_stale_stop,E,PA,5,0.00862733728002804,0.012528909005426844,0.02066353588553534,0.04,0,0.0,,,0.02066353588553534
h0.25_B0_no_stale_stop,E,PB,5,0.007749845227998447,0.011181262318720981,0.018644791798463112,0.0,0,0.0,,,0.018644791798463112
h0.25_B0_no_stale_stop,E,PC,5,0.001885248266741555,0.007632772575196222,0.013474483169509065,0.0,0,0.0,,,-0.0002915337435237895
h0.25_B0_no_stale_stop,E,PD,5,0.00829836983323662,0.012281537503034689,0.019305525068970954,0.0,0,0.0,,,0.0055395081559380995
h0.25_B0_no_stale_stop,F,P0,5,0.026331054910846856,0.06676896898731523,0.08742878940854665,6.640000000000001,5,0.0,0.019201091641665433,,0.08742878940854665
h0.25_B0_no_stale_stop,F,PA,5,0.0039254701821082585,0.013917283216051552,0.018587271954259688,0.0,0,0.0,0.0057264344350952375,,0.018587271954259688
h0.25_B0_no_stale_stop,F,PB,5,0.001421805778837124,0.0066408767151603385,0.017704058625597447,0.0,0,0.0,0.006126634298269624,,0.017704058625597447
h0.25_B0_no_stale_stop,F,PC,5,0.0030404674992927662,0.011409701309617527,0.023845862567537384,0.06,1,0.0,0.008556718957796836,,0.009343236034362266
h0.25_B0_no_stale_stop,F,PD,5,0.0020406656648474172,0.009270083537335393,0.01846903370047585,0.0,0,0.0,0.006619740690471428,,0.004276393807828358
h0.25_B0_no_stale_stop,AC,P0,5,0.05991968476212035,0.09091632066129293,0.10992472348347165,10.02,5,0.0,0.04317851724517171,,0.10992472348347165
h0.25_B0_no_stale_stop,AC,PA,5,0.004532608969236734,0.021544340902288912,0.024391448925304187,0.8200000000000001,5,0.0,0.007523997736022403,,0.024391448925304187
h0.25_B0_no_stale_stop,AC,PB,5,0.001462079343013416,0.006599953405588071,0.017436221369726744,0.0,0,0.0,0.0034683299156019996,,0.017436221369726744
h0.25_B0_no_stale_stop,AC,PC,5,0.00309937840131328,0.010944580712417542,0.024422242530633718,0.08,0,0.0,0.006265033150617169,,0.010656225617600863
h0.25_B0_no_stale_stop,AC,PD,5,0.0025477199278409234,0.013106611731935287,0.019053899481578627,0.0,0,0.0,0.0062438604684188674,,0.005287882568545772
h0.25_B0_no_stale_stop,AD,P0,5,0.11993815555359633,0.296932818183624,0.31485343724771775,8.9,5,0.0,0.017092438222994555,,0.31485343724771775
h0.25_B0_no_stale_stop,AD,PA,5,0.011112653599062649,0.020083520007886636,0.023044580904236087,0.52,5,0.0,0.006270970112029835,,0.023044580904236087
h0.25_B0_no_stale_stop,AD,PB,5,0.010271432430491036,0.01871617478661165,0.020805684112109746,0.2,3,0.0,0.005754963982322387,,0.020805684112109746
h0.25_B0_no_stale_stop,AD,PC,5,0.001675585040020684,0.01007467712846339,0.023291931190217167,0.08,1,0.0,0.006939128383428745,,0.009525914277184312
h0.25_B0_no_stale_stop,AD,PD,5,0.010743852619173846,0.019406780625213876,0.020997348943938756,0.0,0,0.0,0.003851850086735069,,0.003930875111701726
h0.25_B0_no_stale_stop,CDF,P0,5,0.05722524158831229,0.09077698357558805,0.11061073429220657,9.94,5,0.0,0.050663528576312955,,0.11061073429220657
h0.25_B0_no_stale_stop,CDF,PA,5,0.007219702438491934,0.021907444283648304,0.024326831408882935,0.62,5,0.0,0.006765611305189296,,0.024326831408882935
h0.25_B0_no_stale_stop,CDF,PB,5,0.0012522133707558425,0.0045319313321611565,0.01760428316266035,0.0,0,0.0,0.004560531220358278,,0.01760428316266035
h0.25_B0_no_stale_stop,CDF,PC,5,0.0027881550738576323,0.01055909561016709,0.023947954458385236,0.06,0,0.0,0.00760238670996397,,0.010181937545352382
h0.25_B0_no_stale_stop,CDF,PD,5,0.0019549232018857493,0.007394922882260528,0.01779804668453842,0.0,0,0.0,0.006387694536062554,,0.0034125036695570442
h0.25_B0_no_stale_stop,ACDF,P0,5,0.0571457992714668,0.09077821169891177,0.1100464350917679,10.02,5,0.0,0.05434962550423515,,0.1100464350917679
h0.25_B0_no_stale_stop,ACDF,PA,5,0.007554136653605726,0.020874404594377796,0.024456114286035814,0.6,5,0.0,0.008385175782316377,,0.024456114286035814
h0.25_B0_no_stale_stop,ACDF,PB,5,0.0015972611187345506,0.007528050591178024,0.016049432942120176,0.0,0,0.0,0.004518270739011699,,0.016049432942120176
h0.25_B0_no_stale_stop,ACDF,PC,5,0.0029827298007568848,0.010683413313747716,0.022759347317447727,0.06,0,0.0,0.007324127657018848,,0.008993330404414872
h0.25_B0_no_stale_stop,ACDF,PD,5,0.0025707828671335487,0.011142901301822952,0.017168412308814458,0.0,0,0.0,0.007538390800824895,,0.0034023953957816027
h0.25_B1,N0,P0,5,0.017533123052512888,0.02418595968859297,0.025906966446265372,7.5200000000000005,5,0.0,,,0.025906966446265372
h0.25_B1,N0,PA,5,0.004677568265455954,0.020813675810804896,0.023327074348103015,0.66,5,0.0,,,0.023327074348103015
h0.25_B1,N0,PB,5,0.003312566896402553,0.01746580275306701,0.025122657418569318,0.26,5,0.0,,,0.025122657418569318
h0.25_B1,N0,PC,5,nan,nan,nan,0.0,0,1.0,,,0.0
h0.25_B1,N0,PD,5,nan,nan,nan,0.0,0,1.0,,,0.0
h0.25_B1,A,P0,5,0.027934636603371286,0.03785127968589837,0.03833215542738858,8.0,5,0.0,,,0.03833215542738858
h0.25_B1,A,PA,5,0.007415074001997964,0.031163402541678018,0.03600182168435653,1.92,5,0.0,,,0.03600182168435653
h0.25_B1,A,PB,5,0.003318892593745776,0.017579225476476862,0.02505630263551712,0.28,5,0.0,,,0.02505630263551712
h0.25_B1,A,PC,5,nan,nan,nan,0.0,0,1.0,,,0.0
h0.25_B1,A,PD,5,nan,nan,nan,0.0,0,1.0,,,0.0
h0.25_B1,C,P0,5,0.06412737577201852,0.09098148154161716,0.1106196031666968,9.96,5,0.0,0.02960638900440144,,0.1106196031666968
h0.25_B1,C,PA,5,0.007889199754046816,0.03979962323144803,0.0493602995339809,1.54,5,0.0,0.008513129311889134,,0.0493602995339809
h0.25_B1,C,PB,5,0.00287995987437779,0.015920747749278902,0.024470698642777317,0.18,5,0.0,0.004123480350913207,,0.024470698642777317
h0.25_B1,C,PC,5,nan,nan,nan,0.0,0,1.0,,,0.0
h0.25_B1,C,PD,5,nan,nan,nan,0.0,0,1.0,,,0.0
h0.25_B1,D,P0,5,0.11561768385824807,0.2947100155150275,0.31248160299467187,8.68,5,0.0,0.020130012579123086,,0.31248160299467187
h0.25_B1,D,PA,5,0.022929394301922253,0.03964200917884188,0.04401655945627283,5.0600000000000005,5,0.0,0.010146924972962476,,0.04401655945627283
h0.25_B1,D,PB,5,0.022246670432229224,0.03955248973219968,0.04304456926600801,5.2,5,0.0,0.015059463446460421,,0.04304456926600801
h0.25_B1,D,PC,5,nan,nan,nan,0.0,0,1.0,,,0.0
h0.25_B1,D,PD,5,nan,nan,nan,0.0,0,1.0,,,0.0
h0.25_B1,E,P0,5,0.06213715105355073,0.10788202463694037,0.1267331842801047,9.16,5,0.0,,,0.1267331842801047
h0.25_B1,E,PA,5,0.01758238313938848,0.026572211897505877,0.03411519031886699,5.7,5,0.0,,,0.03411519031886699
h0.25_B1,E,PB,5,0.016984813062357475,0.02647043104959568,0.03436033521966483,3.14,5,0.0,,,0.03436033521966483
h0.25_B1,E,PC,5,nan,nan,nan,0.0,0,1.0,,,0.0
h0.25_B1,E,PD,5,nan,nan,nan,0.0,0,1.0,,,0.0
h0.25_B1,F,P0,5,0.026331054910846856,0.06676896898731523,0.08742878940854665,6.640000000000001,5,0.0,0.019201091641665433,,0.08742878940854665
h0.25_B1,F,PA,5,0.008120894078598792,0.025147519212590327,0.02997819738377305,1.42,5,0.0,0.015972524042975805,,0.02997819738377305
h0.25_B1,F,PB,5,0.002867367639502419,0.01676108972426612,0.025952828255547743,0.26,5,0.0,0.014395064826405672,,0.025952828255547743
h0.25_B1,F,PC,5,nan,nan,nan,0.0,0,1.0,,,0.0
h0.25_B1,F,PD,5,nan,nan,nan,0.0,0,1.0,,,0.0
h0.25_B1,AC,P0,5,0.05991968476212035,0.09091632066129293,0.10992472348347165,10.02,5,0.0,0.04317851724517171,,0.10992472348347165
h0.25_B1,AC,PA,5,0.009324917490868704,0.03425783883196131,0.04860888611131774,2.2800000000000002,5,0.0,0.008490516604121378,,0.04860888611131774
h0.25_B1,AC,PB,5,0.002856708669052515,0.015827319388225236,0.024618122541265237,0.18,5,0.0,0.0039056371499295206,,0.024618122541265237
h0.25_B1,AC,PC,5,nan,nan,nan,0.0,0,1.0,,,0.0
h0.25_B1,AC,PD,5,nan,nan,nan,0.0,0,1.0,,,0.0
h0.25_B1,AD,P0,5,0.11993815555359633,0.296932818183624,0.31485343724771775,8.9,5,0.0,0.017092438222994555,,0.31485343724771775
h0.25_B1,AD,PA,5,0.022968050873490412,0.03977468220509852,0.04139621486059247,5.54,5,0.0,0.013693370002188125,,0.04139621486059247
h0.25_B1,AD,PB,5,0.022191244505895113,0.0396282416399461,0.04314137718471365,5.18,5,0.0,0.01712821764479785,,0.04314137718471365
h0.25_B1,AD,PC,5,nan,nan,nan,0.0,0,1.0,,,0.0
h0.25_B1,AD,PD,5,nan,nan,nan,0.0,0,1.0,,,0.0
h0.25_B1,CDF,P0,5,0.05722524158831229,0.09077698357558805,0.11061073429220657,9.94,5,0.0,0.050663528576312955,,0.11061073429220657
h0.25_B1,CDF,PA,5,0.01451338415741369,0.03930360759145944,0.0495943719596737,3.2800000000000002,5,0.0,0.011949201446510118,,0.0495943719596737
h0.25_B1,CDF,PB,5,0.002354592247038052,0.013436093977053611,0.026104629702344513,0.16,5,0.0,0.009295421248193507,,0.026104629702344513
h0.25_B1,CDF,PC,5,nan,nan,nan,0.0,0,1.0,,,0.0
h0.25_B1,CDF,PD,5,nan,nan,nan,0.0,0,1.0,,,0.0
h0.25_B1,ACDF,P0,5,0.0571457992714668,0.09077821169891177,0.1100464350917679,10.02,5,0.0,0.05434962550423515,,0.1100464350917679
h0.25_B1,ACDF,PA,5,0.015009413638329402,0.03604817410119976,0.04783327206358489,3.56,5,0.0,0.015251786201091555,,0.04783327206358489
h0.25_B1,ACDF,PB,5,0.002901447522859823,0.013827341771637016,0.02995564314885292,0.24,5,0.0,0.006220147773185429,,0.02995564314885292
h0.25_B1,ACDF,PC,5,nan,nan,nan,0.0,0,1.0,,,0.0
h0.25_B1,ACDF,PD,5,nan,nan,nan,0.0,0,1.0,,,0.0
h0.25_B1_no_bound,N0,P0,5,0.017533123052512888,0.02418595968859297,0.025906966446265372,7.5200000000000005,5,0.0,,,0.025906966446265372
h0.25_B1_no_bound,N0,PA,5,0.004677568265455954,0.020813675810804896,0.023327074348103015,0.66,5,0.0,,,0.023327074348103015
h0.25_B1_no_bound,N0,PB,5,0.003312566896402553,0.01746580275306701,0.025122657418569318,0.26,5,0.0,,,0.025122657418569318
h0.25_B1_no_bound,N0,PC,5,nan,nan,nan,0.0,0,1.0,,,0.0
h0.25_B1_no_bound,N0,PD,5,nan,nan,nan,0.0,0,1.0,,,0.0
h0.25_B1_no_bound,A,P0,5,0.027934636603371286,0.03785127968589837,0.03833215542738858,8.0,5,0.0,,,0.03833215542738858
h0.25_B1_no_bound,A,PA,5,0.007415074001997964,0.031163402541678018,0.03600182168435653,1.92,5,0.0,,,0.03600182168435653
h0.25_B1_no_bound,A,PB,5,0.003318892593745776,0.017579225476476862,0.02505630263551712,0.28,5,0.0,,,0.02505630263551712
h0.25_B1_no_bound,A,PC,5,nan,nan,nan,0.0,0,1.0,,,0.0
h0.25_B1_no_bound,A,PD,5,nan,nan,nan,0.0,0,1.0,,,0.0
h0.25_B1_no_bound,C,P0,5,0.06412737577201852,0.09098148154161716,0.1106196031666968,9.96,5,0.0,0.02960638900440144,,0.1106196031666968
h0.25_B1_no_bound,C,PA,5,0.007889199754046816,0.03979962323144803,0.0493602995339809,1.54,5,0.0,0.008513129311889134,,0.0493602995339809
h0.25_B1_no_bound,C,PB,5,0.00287995987437779,0.015920747749278902,0.024470698642777317,0.18,5,0.0,0.004123480350913207,,0.024470698642777317
h0.25_B1_no_bound,C,PC,5,nan,nan,nan,0.0,0,1.0,,,0.0
h0.25_B1_no_bound,C,PD,5,nan,nan,nan,0.0,0,1.0,,,0.0
h0.25_B1_no_bound,D,P0,5,0.11561768385824807,0.2947100155150275,0.31248160299467187,8.68,5,0.0,0.020130012579123086,,0.31248160299467187
h0.25_B1_no_bound,D,PA,5,0.022929394301922253,0.03964200917884188,0.04401655945627283,5.0600000000000005,5,0.0,0.010146924972962476,,0.04401655945627283
h0.25_B1_no_bound,D,PB,5,0.022246670432229224,0.03955248973219968,0.04304456926600801,5.2,5,0.0,0.015059463446460421,,0.04304456926600801
h0.25_B1_no_bound,D,PC,5,nan,nan,nan,0.0,0,1.0,,,0.0
h0.25_B1_no_bound,D,PD,5,nan,nan,nan,0.0,0,1.0,,,0.0
h0.25_B1_no_bound,E,P0,5,0.06213715105355073,0.10788202463694037,0.1267331842801047,9.16,5,0.0,,,0.1267331842801047
h0.25_B1_no_bound,E,PA,5,0.01758238313938848,0.026572211897505877,0.03411519031886699,5.7,5,0.0,,,0.03411519031886699
h0.25_B1_no_bound,E,PB,5,0.016984813062357475,0.02647043104959568,0.03436033521966483,3.14,5,0.0,,,0.03436033521966483
h0.25_B1_no_bound,E,PC,5,nan,nan,nan,0.0,0,1.0,,,0.0
h0.25_B1_no_bound,E,PD,5,nan,nan,nan,0.0,0,1.0,,,0.0
h0.25_B1_no_bound,F,P0,5,0.026331054910846856,0.06676896898731523,0.08742878940854665,6.640000000000001,5,0.0,0.019201091641665433,,0.08742878940854665
h0.25_B1_no_bound,F,PA,5,0.008120894078598792,0.025147519212590327,0.02997819738377305,1.42,5,0.0,0.015972524042975805,,0.02997819738377305
h0.25_B1_no_bound,F,PB,5,0.002867367639502419,0.01676108972426612,0.025952828255547743,0.26,5,0.0,0.014395064826405672,,0.025952828255547743
h0.25_B1_no_bound,F,PC,5,nan,nan,nan,0.0,0,1.0,,,0.0
h0.25_B1_no_bound,F,PD,5,nan,nan,nan,0.0,0,1.0,,,0.0
h0.25_B1_no_bound,AC,P0,5,0.05991968476212035,0.09091632066129293,0.10992472348347165,10.02,5,0.0,0.04317851724517171,,0.10992472348347165
h0.25_B1_no_bound,AC,PA,5,0.009324917490868704,0.03425783883196131,0.04860888611131774,2.2800000000000002,5,0.0,0.008490516604121378,,0.04860888611131774
h0.25_B1_no_bound,AC,PB,5,0.002856708669052515,0.015827319388225236,0.024618122541265237,0.18,5,0.0,0.0039056371499295206,,0.024618122541265237
h0.25_B1_no_bound,AC,PC,5,nan,nan,nan,0.0,0,1.0,,,0.0
h0.25_B1_no_bound,AC,PD,5,nan,nan,nan,0.0,0,1.0,,,0.0
h0.25_B1_no_bound,AD,P0,5,0.11993815555359633,0.296932818183624,0.31485343724771775,8.9,5,0.0,0.017092438222994555,,0.31485343724771775
h0.25_B1_no_bound,AD,PA,5,0.022968050873490412,0.03977468220509852,0.04139621486059247,5.54,5,0.0,0.013693370002188125,,0.04139621486059247
h0.25_B1_no_bound,AD,PB,5,0.022191244505895113,0.0396282416399461,0.04314137718471365,5.18,5,0.0,0.01712821764479785,,0.04314137718471365
h0.25_B1_no_bound,AD,PC,5,nan,nan,nan,0.0,0,1.0,,,0.0
h0.25_B1_no_bound,AD,PD,5,nan,nan,nan,0.0,0,1.0,,,0.0
h0.25_B1_no_bound,CDF,P0,5,0.05722524158831229,0.09077698357558805,0.11061073429220657,9.94,5,0.0,0.050663528576312955,,0.11061073429220657
h0.25_B1_no_bound,CDF,PA,5,0.01451338415741369,0.03930360759145944,0.0495943719596737,3.2800000000000002,5,0.0,0.011949201446510118,,0.0495943719596737
h0.25_B1_no_bound,CDF,PB,5,0.002354592247038052,0.013436093977053611,0.026104629702344513,0.16,5,0.0,0.009295421248193507,,0.026104629702344513
h0.25_B1_no_bound,CDF,PC,5,nan,nan,nan,0.0,0,1.0,,,0.0
h0.25_B1_no_bound,CDF,PD,5,nan,nan,nan,0.0,0,1.0,,,0.0
h0.25_B1_no_bound,ACDF,P0,5,0.0571457992714668,0.09077821169891177,0.1100464350917679,10.02,5,0.0,0.05434962550423515,,0.1100464350917679
h0.25_B1_no_bound,ACDF,PA,5,0.015009413638329402,0.03604817410119976,0.04783327206358489,3.56,5,0.0,0.015251786201091555,,0.04783327206358489
h0.25_B1_no_bound,ACDF,PB,5,0.002901447522859823,0.013827341771637016,0.02995564314885292,0.24,5,0.0,0.006220147773185429,,0.02995564314885292
h0.25_B1_no_bound,ACDF,PC,5,nan,nan,nan,0.0,0,1.0,,,0.0
h0.25_B1_no_bound,ACDF,PD,5,nan,nan,nan,0.0,0,1.0,,,0.0
h0.25_B1_no_delay_model,N0,P0,5,0.017533123052512888,0.02418595968859297,0.025906966446265372,7.5200000000000005,5,0.0,,,0.025906966446265372
h0.25_B1_no_delay_model,N0,PA,5,0.004677568265455954,0.020813675810804896,0.023327074348103015,0.66,5,0.0,,,0.023327074348103015
h0.25_B1_no_delay_model,N0,PB,5,0.003312566896402553,0.01746580275306701,0.025122657418569318,0.26,5,0.0,,,0.025122657418569318
h0.25_B1_no_delay_model,N0,PC,5,nan,nan,nan,0.0,0,1.0,,,0.0
h0.25_B1_no_delay_model,N0,PD,5,nan,nan,nan,0.0,0,1.0,,,0.0
h0.25_B1_no_delay_model,A,P0,5,0.027934636603371286,0.03785127968589837,0.03833215542738858,8.0,5,0.0,,,0.03833215542738858
h0.25_B1_no_delay_model,A,PA,5,0.007415074001997964,0.031163402541678018,0.03600182168435653,1.92,5,0.0,,,0.03600182168435653
h0.25_B1_no_delay_model,A,PB,5,0.003318892593745776,0.017579225476476862,0.02505630263551712,0.28,5,0.0,,,0.02505630263551712
h0.25_B1_no_delay_model,A,PC,5,nan,nan,nan,0.0,0,1.0,,,0.0
h0.25_B1_no_delay_model,A,PD,5,nan,nan,nan,0.0,0,1.0,,,0.0
h0.25_B1_no_delay_model,C,P0,5,0.06412737577201852,0.09098148154161716,0.1106196031666968,9.96,5,0.0,0.02960638900440144,,0.1106196031666968
h0.25_B1_no_delay_model,C,PA,5,0.007889199754046816,0.03979962323144803,0.0493602995339809,1.54,5,0.0,0.008513129311889134,,0.0493602995339809
h0.25_B1_no_delay_model,C,PB,5,0.00287995987437779,0.015920747749278902,0.024470698642777317,0.18,5,0.0,0.004123480350913207,,0.024470698642777317
h0.25_B1_no_delay_model,C,PC,5,nan,nan,nan,0.0,0,1.0,,,0.0
h0.25_B1_no_delay_model,C,PD,5,nan,nan,nan,0.0,0,1.0,,,0.0
h0.25_B1_no_delay_model,D,P0,5,0.11561768385824807,0.2947100155150275,0.31248160299467187,8.68,5,0.0,0.020130012579123086,,0.31248160299467187
h0.25_B1_no_delay_model,D,PA,5,0.022929394301922253,0.03964200917884188,0.04401655945627283,5.0600000000000005,5,0.0,0.010146924972962476,,0.04401655945627283
h0.25_B1_no_delay_model,D,PB,5,0.022246670432229224,0.03955248973219968,0.04304456926600801,5.2,5,0.0,0.015059463446460421,,0.04304456926600801
h0.25_B1_no_delay_model,D,PC,5,nan,nan,nan,0.0,0,1.0,,,0.0
h0.25_B1_no_delay_model,D,PD,5,nan,nan,nan,0.0,0,1.0,,,0.0
h0.25_B1_no_delay_model,E,P0,5,0.06213715105355073,0.10788202463694037,0.1267331842801047,9.16,5,0.0,,,0.1267331842801047
h0.25_B1_no_delay_model,E,PA,5,0.01758238313938848,0.026572211897505877,0.03411519031886699,5.7,5,0.0,,,0.03411519031886699
h0.25_B1_no_delay_model,E,PB,5,0.016984813062357475,0.02647043104959568,0.03436033521966483,3.14,5,0.0,,,0.03436033521966483
h0.25_B1_no_delay_model,E,PC,5,nan,nan,nan,0.0,0,1.0,,,0.0
h0.25_B1_no_delay_model,E,PD,5,nan,nan,nan,0.0,0,1.0,,,0.0
h0.25_B1_no_delay_model,F,P0,5,0.026331054910846856,0.06676896898731523,0.08742878940854665,6.640000000000001,5,0.0,0.019201091641665433,,0.08742878940854665
h0.25_B1_no_delay_model,F,PA,5,0.008120894078598792,0.025147519212590327,0.02997819738377305,1.42,5,0.0,0.015972524042975805,,0.02997819738377305
h0.25_B1_no_delay_model,F,PB,5,0.002867367639502419,0.01676108972426612,0.025952828255547743,0.26,5,0.0,0.014395064826405672,,0.025952828255547743
h0.25_B1_no_delay_model,F,PC,5,nan,nan,nan,0.0,0,1.0,,,0.0
h0.25_B1_no_delay_model,F,PD,5,nan,nan,nan,0.0,0,1.0,,,0.0
h0.25_B1_no_delay_model,AC,P0,5,0.05991968476212035,0.09091632066129293,0.10992472348347165,10.02,5,0.0,0.04317851724517171,,0.10992472348347165
h0.25_B1_no_delay_model,AC,PA,5,0.009324917490868704,0.03425783883196131,0.04860888611131774,2.2800000000000002,5,0.0,0.008490516604121378,,0.04860888611131774
h0.25_B1_no_delay_model,AC,PB,5,0.002856708669052515,0.015827319388225236,0.024618122541265237,0.18,5,0.0,0.0039056371499295206,,0.024618122541265237
h0.25_B1_no_delay_model,AC,PC,5,nan,nan,nan,0.0,0,1.0,,,0.0
h0.25_B1_no_delay_model,AC,PD,5,nan,nan,nan,0.0,0,1.0,,,0.0
h0.25_B1_no_delay_model,AD,P0,5,0.11993815555359633,0.296932818183624,0.31485343724771775,8.9,5,0.0,0.017092438222994555,,0.31485343724771775
h0.25_B1_no_delay_model,AD,PA,5,0.022968050873490412,0.03977468220509852,0.04139621486059247,5.54,5,0.0,0.013693370002188125,,0.04139621486059247
h0.25_B1_no_delay_model,AD,PB,5,0.022191244505895113,0.0396282416399461,0.04314137718471365,5.18,5,0.0,0.01712821764479785,,0.04314137718471365
h0.25_B1_no_delay_model,AD,PC,5,nan,nan,nan,0.0,0,1.0,,,0.0
h0.25_B1_no_delay_model,AD,PD,5,nan,nan,nan,0.0,0,1.0,,,0.0
h0.25_B1_no_delay_model,CDF,P0,5,0.05722524158831229,0.09077698357558805,0.11061073429220657,9.94,5,0.0,0.050663528576312955,,0.11061073429220657
h0.25_B1_no_delay_model,CDF,PA,5,0.01451338415741369,0.03930360759145944,0.0495943719596737,3.2800000000000002,5,0.0,0.011949201446510118,,0.0495943719596737
h0.25_B1_no_delay_model,CDF,PB,5,0.002354592247038052,0.013436093977053611,0.026104629702344513,0.16,5,0.0,0.009295421248193507,,0.026104629702344513
h0.25_B1_no_delay_model,CDF,PC,5,nan,nan,nan,0.0,0,1.0,,,0.0
h0.25_B1_no_delay_model,CDF,PD,5,nan,nan,nan,0.0,0,1.0,,,0.0
h0.25_B1_no_delay_model,ACDF,P0,5,0.0571457992714668,0.09077821169891177,0.1100464350917679,10.02,5,0.0,0.05434962550423515,,0.1100464350917679
h0.25_B1_no_delay_model,ACDF,PA,5,0.015009413638329402,0.03604817410119976,0.04783327206358489,3.56,5,0.0,0.015251786201091555,,0.04783327206358489
h0.25_B1_no_delay_model,ACDF,PB,5,0.002901447522859823,0.013827341771637016,0.02995564314885292,0.24,5,0.0,0.006220147773185429,,0.02995564314885292
h0.25_B1_no_delay_model,ACDF,PC,5,nan,nan,nan,0.0,0,1.0,,,0.0
h0.25_B1_no_delay_model,ACDF,PD,5,nan,nan,nan,0.0,0,1.0,,,0.0
h0.25_B1_no_filter_model,N0,P0,5,0.017533123052512888,0.02418595968859297,0.025906966446265372,7.5200000000000005,5,0.0,,,0.025906966446265372
h0.25_B1_no_filter_model,N0,PA,5,0.004677568265455954,0.020813675810804896,0.023327074348103015,0.66,5,0.0,,,0.023327074348103015
h0.25_B1_no_filter_model,N0,PB,5,0.003312566896402553,0.01746580275306701,0.025122657418569318,0.26,5,0.0,,,0.025122657418569318
h0.25_B1_no_filter_model,N0,PC,5,nan,nan,nan,0.0,0,1.0,,,0.0
h0.25_B1_no_filter_model,N0,PD,5,nan,nan,nan,0.0,0,1.0,,,0.0
h0.25_B1_no_filter_model,A,P0,5,0.027934636603371286,0.03785127968589837,0.03833215542738858,8.0,5,0.0,,,0.03833215542738858
h0.25_B1_no_filter_model,A,PA,5,0.007415074001997964,0.031163402541678018,0.03600182168435653,1.92,5,0.0,,,0.03600182168435653
h0.25_B1_no_filter_model,A,PB,5,0.003318892593745776,0.017579225476476862,0.02505630263551712,0.28,5,0.0,,,0.02505630263551712
h0.25_B1_no_filter_model,A,PC,5,nan,nan,nan,0.0,0,1.0,,,0.0
h0.25_B1_no_filter_model,A,PD,5,nan,nan,nan,0.0,0,1.0,,,0.0
h0.25_B1_no_filter_model,C,P0,5,0.06412737577201852,0.09098148154161716,0.1106196031666968,9.96,5,0.0,0.02960638900440144,,0.1106196031666968
h0.25_B1_no_filter_model,C,PA,5,0.007889199754046816,0.03979962323144803,0.0493602995339809,1.54,5,0.0,0.008513129311889134,,0.0493602995339809
h0.25_B1_no_filter_model,C,PB,5,0.00287995987437779,0.015920747749278902,0.024470698642777317,0.18,5,0.0,0.004123480350913207,,0.024470698642777317
h0.25_B1_no_filter_model,C,PC,5,nan,nan,nan,0.0,0,1.0,,,0.0
h0.25_B1_no_filter_model,C,PD,5,nan,nan,nan,0.0,0,1.0,,,0.0
h0.25_B1_no_filter_model,D,P0,5,0.11561768385824807,0.2947100155150275,0.31248160299467187,8.68,5,0.0,0.020130012579123086,,0.31248160299467187
h0.25_B1_no_filter_model,D,PA,5,0.022929394301922253,0.03964200917884188,0.04401655945627283,5.0600000000000005,5,0.0,0.010146924972962476,,0.04401655945627283
h0.25_B1_no_filter_model,D,PB,5,0.022246670432229224,0.03955248973219968,0.04304456926600801,5.2,5,0.0,0.015059463446460421,,0.04304456926600801
h0.25_B1_no_filter_model,D,PC,5,nan,nan,nan,0.0,0,1.0,,,0.0
h0.25_B1_no_filter_model,D,PD,5,nan,nan,nan,0.0,0,1.0,,,0.0
h0.25_B1_no_filter_model,E,P0,5,0.06213715105355073,0.10788202463694037,0.1267331842801047,9.16,5,0.0,,,0.1267331842801047
h0.25_B1_no_filter_model,E,PA,5,0.01758238313938848,0.026572211897505877,0.03411519031886699,5.7,5,0.0,,,0.03411519031886699
h0.25_B1_no_filter_model,E,PB,5,0.016984813062357475,0.02647043104959568,0.03436033521966483,3.14,5,0.0,,,0.03436033521966483
h0.25_B1_no_filter_model,E,PC,5,nan,nan,nan,0.0,0,1.0,,,0.0
h0.25_B1_no_filter_model,E,PD,5,nan,nan,nan,0.0,0,1.0,,,0.0
h0.25_B1_no_filter_model,F,P0,5,0.026331054910846856,0.06676896898731523,0.08742878940854665,6.640000000000001,5,0.0,0.019201091641665433,,0.08742878940854665
h0.25_B1_no_filter_model,F,PA,5,0.008120894078598792,0.025147519212590327,0.02997819738377305,1.42,5,0.0,0.015972524042975805,,0.02997819738377305
h0.25_B1_no_filter_model,F,PB,5,0.002867367639502419,0.01676108972426612,0.025952828255547743,0.26,5,0.0,0.014395064826405672,,0.025952828255547743
h0.25_B1_no_filter_model,F,PC,5,nan,nan,nan,0.0,0,1.0,,,0.0
h0.25_B1_no_filter_model,F,PD,5,nan,nan,nan,0.0,0,1.0,,,0.0
h0.25_B1_no_filter_model,AC,P0,5,0.05991968476212035,0.09091632066129293,0.10992472348347165,10.02,5,0.0,0.04317851724517171,,0.10992472348347165
h0.25_B1_no_filter_model,AC,PA,5,0.009324917490868704,0.03425783883196131,0.04860888611131774,2.2800000000000002,5,0.0,0.008490516604121378,,0.04860888611131774
h0.25_B1_no_filter_model,AC,PB,5,0.002856708669052515,0.015827319388225236,0.024618122541265237,0.18,5,0.0,0.0039056371499295206,,0.024618122541265237
h0.25_B1_no_filter_model,AC,PC,5,nan,nan,nan,0.0,0,1.0,,,0.0
h0.25_B1_no_filter_model,AC,PD,5,nan,nan,nan,0.0,0,1.0,,,0.0
h0.25_B1_no_filter_model,AD,P0,5,0.11993815555359633,0.296932818183624,0.31485343724771775,8.9,5,0.0,0.017092438222994555,,0.31485343724771775
h0.25_B1_no_filter_model,AD,PA,5,0.022968050873490412,0.03977468220509852,0.04139621486059247,5.54,5,0.0,0.013693370002188125,,0.04139621486059247
h0.25_B1_no_filter_model,AD,PB,5,0.022191244505895113,0.0396282416399461,0.04314137718471365,5.18,5,0.0,0.01712821764479785,,0.04314137718471365
h0.25_B1_no_filter_model,AD,PC,5,nan,nan,nan,0.0,0,1.0,,,0.0
h0.25_B1_no_filter_model,AD,PD,5,nan,nan,nan,0.0,0,1.0,,,0.0
h0.25_B1_no_filter_model,CDF,P0,5,0.05722524158831229,0.09077698357558805,0.11061073429220657,9.94,5,0.0,0.050663528576312955,,0.11061073429220657
h0.25_B1_no_filter_model,CDF,PA,5,0.01451338415741369,0.03930360759145944,0.0495943719596737,3.2800000000000002,5,0.0,0.011949201446510118,,0.0495943719596737
h0.25_B1_no_filter_model,CDF,PB,5,0.002354592247038052,0.013436093977053611,0.026104629702344513,0.16,5,0.0,0.009295421248193507,,0.026104629702344513
h0.25_B1_no_filter_model,CDF,PC,5,nan,nan,nan,0.0,0,1.0,,,0.0
h0.25_B1_no_filter_model,CDF,PD,5,nan,nan,nan,0.0,0,1.0,,,0.0
h0.25_B1_no_filter_model,ACDF,P0,5,0.0571457992714668,0.09077821169891177,0.1100464350917679,10.02,5,0.0,0.05434962550423515,,0.1100464350917679
h0.25_B1_no_filter_model,ACDF,PA,5,0.015009413638329402,0.03604817410119976,0.04783327206358489,3.56,5,0.0,0.015251786201091555,,0.04783327206358489
h0.25_B1_no_filter_model,ACDF,PB,5,0.002901447522859823,0.013827341771637016,0.02995564314885292,0.24,5,0.0,0.006220147773185429,,0.02995564314885292
h0.25_B1_no_filter_model,ACDF,PC,5,nan,nan,nan,0.0,0,1.0,,,0.0
h0.25_B1_no_filter_model,ACDF,PD,5,nan,nan,nan,0.0,0,1.0,,,0.0
h0.25_B1_no_final_command,N0,P0,5,0.017533123052512888,0.02418595968859297,0.025906966446265372,7.5200000000000005,5,0.0,,,0.025906966446265372
h0.25_B1_no_final_command,N0,PA,5,0.004677568265455954,0.020813675810804896,0.023327074348103015,0.66,5,0.0,,,0.023327074348103015
h0.25_B1_no_final_command,N0,PB,5,0.003312566896402553,0.01746580275306701,0.025122657418569318,0.26,5,0.0,,,0.025122657418569318
h0.25_B1_no_final_command,N0,PC,5,nan,nan,nan,0.0,0,1.0,,,0.0
h0.25_B1_no_final_command,N0,PD,5,nan,nan,nan,0.0,0,1.0,,,0.0
h0.25_B1_no_final_command,A,P0,5,0.027934636603371286,0.03785127968589837,0.03833215542738858,8.0,5,0.0,,,0.03833215542738858
h0.25_B1_no_final_command,A,PA,5,0.007415074001997964,0.031163402541678018,0.03600182168435653,1.92,5,0.0,,,0.03600182168435653
h0.25_B1_no_final_command,A,PB,5,0.003318892593745776,0.017579225476476862,0.02505630263551712,0.28,5,0.0,,,0.02505630263551712
h0.25_B1_no_final_command,A,PC,5,nan,nan,nan,0.0,0,1.0,,,0.0
h0.25_B1_no_final_command,A,PD,5,nan,nan,nan,0.0,0,1.0,,,0.0
h0.25_B1_no_final_command,C,P0,5,0.06412737577201852,0.09098148154161716,0.1106196031666968,9.96,5,0.0,0.02960638900440144,,0.1106196031666968
h0.25_B1_no_final_command,C,PA,5,0.007889199754046816,0.03979962323144803,0.0493602995339809,1.54,5,0.0,0.008513129311889134,,0.0493602995339809
h0.25_B1_no_final_command,C,PB,5,0.00287995987437779,0.015920747749278902,0.024470698642777317,0.18,5,0.0,0.004123480350913207,,0.024470698642777317
h0.25_B1_no_final_command,C,PC,5,nan,nan,nan,0.0,0,1.0,,,0.0
h0.25_B1_no_final_command,C,PD,5,nan,nan,nan,0.0,0,1.0,,,0.0
h0.25_B1_no_final_command,D,P0,5,0.11561768385824807,0.2947100155150275,0.31248160299467187,8.68,5,0.0,0.020130012579123086,,0.31248160299467187
h0.25_B1_no_final_command,D,PA,5,0.022929394301922253,0.03964200917884188,0.04401655945627283,5.0600000000000005,5,0.0,0.010146924972962476,,0.04401655945627283
h0.25_B1_no_final_command,D,PB,5,0.022246670432229224,0.03955248973219968,0.04304456926600801,5.2,5,0.0,0.015059463446460421,,0.04304456926600801
h0.25_B1_no_final_command,D,PC,5,nan,nan,nan,0.0,0,1.0,,,0.0
h0.25_B1_no_final_command,D,PD,5,nan,nan,nan,0.0,0,1.0,,,0.0
h0.25_B1_no_final_command,E,P0,5,0.06213715105355073,0.10788202463694037,0.1267331842801047,9.16,5,0.0,,,0.1267331842801047
h0.25_B1_no_final_command,E,PA,5,0.01758238313938848,0.026572211897505877,0.03411519031886699,5.7,5,0.0,,,0.03411519031886699
h0.25_B1_no_final_command,E,PB,5,0.016984813062357475,0.02647043104959568,0.03436033521966483,3.14,5,0.0,,,0.03436033521966483
h0.25_B1_no_final_command,E,PC,5,nan,nan,nan,0.0,0,1.0,,,0.0
h0.25_B1_no_final_command,E,PD,5,nan,nan,nan,0.0,0,1.0,,,0.0
h0.25_B1_no_final_command,F,P0,5,0.026331054910846856,0.06676896898731523,0.08742878940854665,6.640000000000001,5,0.0,0.019201091641665433,,0.08742878940854665
h0.25_B1_no_final_command,F,PA,5,0.008120894078598792,0.025147519212590327,0.02997819738377305,1.42,5,0.0,0.015972524042975805,,0.02997819738377305
h0.25_B1_no_final_command,F,PB,5,0.002867367639502419,0.01676108972426612,0.025952828255547743,0.26,5,0.0,0.014395064826405672,,0.025952828255547743
h0.25_B1_no_final_command,F,PC,5,nan,nan,nan,0.0,0,1.0,,,0.0
h0.25_B1_no_final_command,F,PD,5,nan,nan,nan,0.0,0,1.0,,,0.0
h0.25_B1_no_final_command,AC,P0,5,0.05991968476212035,0.09091632066129293,0.10992472348347165,10.02,5,0.0,0.04317851724517171,,0.10992472348347165
h0.25_B1_no_final_command,AC,PA,5,0.009324917490868704,0.03425783883196131,0.04860888611131774,2.2800000000000002,5,0.0,0.008490516604121378,,0.04860888611131774
h0.25_B1_no_final_command,AC,PB,5,0.002856708669052515,0.015827319388225236,0.024618122541265237,0.18,5,0.0,0.0039056371499295206,,0.024618122541265237
h0.25_B1_no_final_command,AC,PC,5,nan,nan,nan,0.0,0,1.0,,,0.0
h0.25_B1_no_final_command,AC,PD,5,nan,nan,nan,0.0,0,1.0,,,0.0
h0.25_B1_no_final_command,AD,P0,5,0.11993815555359633,0.296932818183624,0.31485343724771775,8.9,5,0.0,0.017092438222994555,,0.31485343724771775
h0.25_B1_no_final_command,AD,PA,5,0.022968050873490412,0.03977468220509852,0.04139621486059247,5.54,5,0.0,0.013693370002188125,,0.04139621486059247
h0.25_B1_no_final_command,AD,PB,5,0.022191244505895113,0.0396282416399461,0.04314137718471365,5.18,5,0.0,0.01712821764479785,,0.04314137718471365
h0.25_B1_no_final_command,AD,PC,5,nan,nan,nan,0.0,0,1.0,,,0.0
h0.25_B1_no_final_command,AD,PD,5,nan,nan,nan,0.0,0,1.0,,,0.0
h0.25_B1_no_final_command,CDF,P0,5,0.05722524158831229,0.09077698357558805,0.11061073429220657,9.94,5,0.0,0.050663528576312955,,0.11061073429220657
h0.25_B1_no_final_command,CDF,PA,5,0.01451338415741369,0.03930360759145944,0.0495943719596737,3.2800000000000002,5,0.0,0.011949201446510118,,0.0495943719596737
h0.25_B1_no_final_command,CDF,PB,5,0.002354592247038052,0.013436093977053611,0.026104629702344513,0.16,5,0.0,0.009295421248193507,,0.026104629702344513
h0.25_B1_no_final_command,CDF,PC,5,nan,nan,nan,0.0,0,1.0,,,0.0
h0.25_B1_no_final_command,CDF,PD,5,nan,nan,nan,0.0,0,1.0,,,0.0
h0.25_B1_no_final_command,ACDF,P0,5,0.0571457992714668,0.09077821169891177,0.1100464350917679,10.02,5,0.0,0.05434962550423515,,0.1100464350917679
h0.25_B1_no_final_command,ACDF,PA,5,0.015009413638329402,0.03604817410119976,0.04783327206358489,3.56,5,0.0,0.015251786201091555,,0.04783327206358489
h0.25_B1_no_final_command,ACDF,PB,5,0.002901447522859823,0.013827341771637016,0.02995564314885292,0.24,5,0.0,0.006220147773185429,,0.02995564314885292
h0.25_B1_no_final_command,ACDF,PC,5,nan,nan,nan,0.0,0,1.0,,,0.0
h0.25_B1_no_final_command,ACDF,PD,5,nan,nan,nan,0.0,0,1.0,,,0.0
h0.25_B1_no_intervention_flag,N0,P0,5,0.017533123052512888,0.02418595968859297,0.025906966446265372,7.5200000000000005,5,0.0,,,0.025906966446265372
h0.25_B1_no_intervention_flag,N0,PA,5,0.004677568265455954,0.020813675810804896,0.023327074348103015,0.66,5,0.0,,,0.023327074348103015
h0.25_B1_no_intervention_flag,N0,PB,5,0.003312566896402553,0.01746580275306701,0.025122657418569318,0.26,5,0.0,,,0.025122657418569318
h0.25_B1_no_intervention_flag,N0,PC,5,nan,nan,nan,0.0,0,1.0,,,0.0
h0.25_B1_no_intervention_flag,N0,PD,5,nan,nan,nan,0.0,0,1.0,,,0.0
h0.25_B1_no_intervention_flag,A,P0,5,0.027934636603371286,0.03785127968589837,0.03833215542738858,8.0,5,0.0,,,0.03833215542738858
h0.25_B1_no_intervention_flag,A,PA,5,0.007415074001997964,0.031163402541678018,0.03600182168435653,1.92,5,0.0,,,0.03600182168435653
h0.25_B1_no_intervention_flag,A,PB,5,0.003318892593745776,0.017579225476476862,0.02505630263551712,0.28,5,0.0,,,0.02505630263551712
h0.25_B1_no_intervention_flag,A,PC,5,nan,nan,nan,0.0,0,1.0,,,0.0
h0.25_B1_no_intervention_flag,A,PD,5,nan,nan,nan,0.0,0,1.0,,,0.0
h0.25_B1_no_intervention_flag,C,P0,5,0.06412737577201852,0.09098148154161716,0.1106196031666968,9.96,5,0.0,0.02960638900440144,,0.1106196031666968
h0.25_B1_no_intervention_flag,C,PA,5,0.007889199754046816,0.03979962323144803,0.0493602995339809,1.54,5,0.0,0.008513129311889134,,0.0493602995339809
h0.25_B1_no_intervention_flag,C,PB,5,0.00287995987437779,0.015920747749278902,0.024470698642777317,0.18,5,0.0,0.004123480350913207,,0.024470698642777317
h0.25_B1_no_intervention_flag,C,PC,5,nan,nan,nan,0.0,0,1.0,,,0.0
h0.25_B1_no_intervention_flag,C,PD,5,nan,nan,nan,0.0,0,1.0,,,0.0
h0.25_B1_no_intervention_flag,D,P0,5,0.11561768385824807,0.2947100155150275,0.31248160299467187,8.68,5,0.0,0.020130012579123086,,0.31248160299467187
h0.25_B1_no_intervention_flag,D,PA,5,0.022929394301922253,0.03964200917884188,0.04401655945627283,5.0600000000000005,5,0.0,0.010146924972962476,,0.04401655945627283
h0.25_B1_no_intervention_flag,D,PB,5,0.022246670432229224,0.03955248973219968,0.04304456926600801,5.2,5,0.0,0.015059463446460421,,0.04304456926600801
h0.25_B1_no_intervention_flag,D,PC,5,nan,nan,nan,0.0,0,1.0,,,0.0
h0.25_B1_no_intervention_flag,D,PD,5,nan,nan,nan,0.0,0,1.0,,,0.0
h0.25_B1_no_intervention_flag,E,P0,5,0.06213715105355073,0.10788202463694037,0.1267331842801047,9.16,5,0.0,,,0.1267331842801047
h0.25_B1_no_intervention_flag,E,PA,5,0.01758238313938848,0.026572211897505877,0.03411519031886699,5.7,5,0.0,,,0.03411519031886699
h0.25_B1_no_intervention_flag,E,PB,5,0.016984813062357475,0.02647043104959568,0.03436033521966483,3.14,5,0.0,,,0.03436033521966483
h0.25_B1_no_intervention_flag,E,PC,5,nan,nan,nan,0.0,0,1.0,,,0.0
h0.25_B1_no_intervention_flag,E,PD,5,nan,nan,nan,0.0,0,1.0,,,0.0
h0.25_B1_no_intervention_flag,F,P0,5,0.026331054910846856,0.06676896898731523,0.08742878940854665,6.640000000000001,5,0.0,0.019201091641665433,,0.08742878940854665
h0.25_B1_no_intervention_flag,F,PA,5,0.008120894078598792,0.025147519212590327,0.02997819738377305,1.42,5,0.0,0.015972524042975805,,0.02997819738377305
h0.25_B1_no_intervention_flag,F,PB,5,0.002867367639502419,0.01676108972426612,0.025952828255547743,0.26,5,0.0,0.014395064826405672,,0.025952828255547743
h0.25_B1_no_intervention_flag,F,PC,5,nan,nan,nan,0.0,0,1.0,,,0.0
h0.25_B1_no_intervention_flag,F,PD,5,nan,nan,nan,0.0,0,1.0,,,0.0
h0.25_B1_no_intervention_flag,AC,P0,5,0.05991968476212035,0.09091632066129293,0.10992472348347165,10.02,5,0.0,0.04317851724517171,,0.10992472348347165
h0.25_B1_no_intervention_flag,AC,PA,5,0.009324917490868704,0.03425783883196131,0.04860888611131774,2.2800000000000002,5,0.0,0.008490516604121378,,0.04860888611131774
h0.25_B1_no_intervention_flag,AC,PB,5,0.002856708669052515,0.015827319388225236,0.024618122541265237,0.18,5,0.0,0.0039056371499295206,,0.024618122541265237
h0.25_B1_no_intervention_flag,AC,PC,5,nan,nan,nan,0.0,0,1.0,,,0.0
h0.25_B1_no_intervention_flag,AC,PD,5,nan,nan,nan,0.0,0,1.0,,,0.0
h0.25_B1_no_intervention_flag,AD,P0,5,0.11993815555359633,0.296932818183624,0.31485343724771775,8.9,5,0.0,0.017092438222994555,,0.31485343724771775
h0.25_B1_no_intervention_flag,AD,PA,5,0.022968050873490412,0.03977468220509852,0.04139621486059247,5.54,5,0.0,0.013693370002188125,,0.04139621486059247
h0.25_B1_no_intervention_flag,AD,PB,5,0.022191244505895113,0.0396282416399461,0.04314137718471365,5.18,5,0.0,0.01712821764479785,,0.04314137718471365
h0.25_B1_no_intervention_flag,AD,PC,5,nan,nan,nan,0.0,0,1.0,,,0.0
h0.25_B1_no_intervention_flag,AD,PD,5,nan,nan,nan,0.0,0,1.0,,,0.0
h0.25_B1_no_intervention_flag,CDF,P0,5,0.05722524158831229,0.09077698357558805,0.11061073429220657,9.94,5,0.0,0.050663528576312955,,0.11061073429220657
h0.25_B1_no_intervention_flag,CDF,PA,5,0.01451338415741369,0.03930360759145944,0.0495943719596737,3.2800000000000002,5,0.0,0.011949201446510118,,0.0495943719596737
h0.25_B1_no_intervention_flag,CDF,PB,5,0.002354592247038052,0.013436093977053611,0.026104629702344513,0.16,5,0.0,0.009295421248193507,,0.026104629702344513
h0.25_B1_no_intervention_flag,CDF,PC,5,nan,nan,nan,0.0,0,1.0,,,0.0
h0.25_B1_no_intervention_flag,CDF,PD,5,nan,nan,nan,0.0,0,1.0,,,0.0
h0.25_B1_no_intervention_flag,ACDF,P0,5,0.0571457992714668,0.09077821169891177,0.1100464350917679,10.02,5,0.0,0.05434962550423515,,0.1100464350917679
h0.25_B1_no_intervention_flag,ACDF,PA,5,0.015009413638329402,0.03604817410119976,0.04783327206358489,3.56,5,0.0,0.015251786201091555,,0.04783327206358489
h0.25_B1_no_intervention_flag,ACDF,PB,5,0.002901447522859823,0.013827341771637016,0.02995564314885292,0.24,5,0.0,0.006220147773185429,,0.02995564314885292
h0.25_B1_no_intervention_flag,ACDF,PC,5,nan,nan,nan,0.0,0,1.0,,,0.0
h0.25_B1_no_intervention_flag,ACDF,PD,5,nan,nan,nan,0.0,0,1.0,,,0.0
h0.25_B1_no_sa_model,N0,P0,5,0.017533123052512888,0.02418595968859297,0.025906966446265372,7.5200000000000005,5,0.0,,,0.025906966446265372
h0.25_B1_no_sa_model,N0,PA,5,0.004677568265455954,0.020813675810804896,0.023327074348103015,0.66,5,0.0,,,0.023327074348103015
h0.25_B1_no_sa_model,N0,PB,5,0.003312566896402553,0.01746580275306701,0.025122657418569318,0.26,5,0.0,,,0.025122657418569318
h0.25_B1_no_sa_model,N0,PC,5,nan,nan,nan,0.0,0,1.0,,,0.0
h0.25_B1_no_sa_model,N0,PD,5,nan,nan,nan,0.0,0,1.0,,,0.0
h0.25_B1_no_sa_model,A,P0,5,0.027934636603371286,0.03785127968589837,0.03833215542738858,8.0,5,0.0,,,0.03833215542738858
h0.25_B1_no_sa_model,A,PA,5,0.007415074001997964,0.031163402541678018,0.03600182168435653,1.92,5,0.0,,,0.03600182168435653
h0.25_B1_no_sa_model,A,PB,5,0.003318892593745776,0.017579225476476862,0.02505630263551712,0.28,5,0.0,,,0.02505630263551712
h0.25_B1_no_sa_model,A,PC,5,nan,nan,nan,0.0,0,1.0,,,0.0
h0.25_B1_no_sa_model,A,PD,5,nan,nan,nan,0.0,0,1.0,,,0.0
h0.25_B1_no_sa_model,C,P0,5,0.06412737577201852,0.09098148154161716,0.1106196031666968,9.96,5,0.0,0.02960638900440144,,0.1106196031666968
h0.25_B1_no_sa_model,C,PA,5,0.007889199754046816,0.03979962323144803,0.0493602995339809,1.54,5,0.0,0.008513129311889134,,0.0493602995339809
h0.25_B1_no_sa_model,C,PB,5,0.00287995987437779,0.015920747749278902,0.024470698642777317,0.18,5,0.0,0.004123480350913207,,0.024470698642777317
h0.25_B1_no_sa_model,C,PC,5,nan,nan,nan,0.0,0,1.0,,,0.0
h0.25_B1_no_sa_model,C,PD,5,nan,nan,nan,0.0,0,1.0,,,0.0
h0.25_B1_no_sa_model,D,P0,5,0.11561768385824807,0.2947100155150275,0.31248160299467187,8.68,5,0.0,0.020130012579123086,,0.31248160299467187
h0.25_B1_no_sa_model,D,PA,5,0.022929394301922253,0.03964200917884188,0.04401655945627283,5.0600000000000005,5,0.0,0.010146924972962476,,0.04401655945627283
h0.25_B1_no_sa_model,D,PB,5,0.022246670432229224,0.03955248973219968,0.04304456926600801,5.2,5,0.0,0.015059463446460421,,0.04304456926600801
h0.25_B1_no_sa_model,D,PC,5,nan,nan,nan,0.0,0,1.0,,,0.0
h0.25_B1_no_sa_model,D,PD,5,nan,nan,nan,0.0,0,1.0,,,0.0
h0.25_B1_no_sa_model,E,P0,5,0.06213715105355073,0.10788202463694037,0.1267331842801047,9.16,5,0.0,,,0.1267331842801047
h0.25_B1_no_sa_model,E,PA,5,0.01758238313938848,0.026572211897505877,0.03411519031886699,5.7,5,0.0,,,0.03411519031886699
h0.25_B1_no_sa_model,E,PB,5,0.016984813062357475,0.02647043104959568,0.03436033521966483,3.14,5,0.0,,,0.03436033521966483
h0.25_B1_no_sa_model,E,PC,5,nan,nan,nan,0.0,0,1.0,,,0.0
h0.25_B1_no_sa_model,E,PD,5,nan,nan,nan,0.0,0,1.0,,,0.0
h0.25_B1_no_sa_model,F,P0,5,0.026331054910846856,0.06676896898731523,0.08742878940854665,6.640000000000001,5,0.0,0.019201091641665433,,0.08742878940854665
h0.25_B1_no_sa_model,F,PA,5,0.008120894078598792,0.025147519212590327,0.02997819738377305,1.42,5,0.0,0.015972524042975805,,0.02997819738377305
h0.25_B1_no_sa_model,F,PB,5,0.002867367639502419,0.01676108972426612,0.025952828255547743,0.26,5,0.0,0.014395064826405672,,0.025952828255547743
h0.25_B1_no_sa_model,F,PC,5,nan,nan,nan,0.0,0,1.0,,,0.0
h0.25_B1_no_sa_model,F,PD,5,nan,nan,nan,0.0,0,1.0,,,0.0
h0.25_B1_no_sa_model,AC,P0,5,0.05991968476212035,0.09091632066129293,0.10992472348347165,10.02,5,0.0,0.04317851724517171,,0.10992472348347165
h0.25_B1_no_sa_model,AC,PA,5,0.009324917490868704,0.03425783883196131,0.04860888611131774,2.2800000000000002,5,0.0,0.008490516604121378,,0.04860888611131774
h0.25_B1_no_sa_model,AC,PB,5,0.002856708669052515,0.015827319388225236,0.024618122541265237,0.18,5,0.0,0.0039056371499295206,,0.024618122541265237
h0.25_B1_no_sa_model,AC,PC,5,nan,nan,nan,0.0,0,1.0,,,0.0
h0.25_B1_no_sa_model,AC,PD,5,nan,nan,nan,0.0,0,1.0,,,0.0
h0.25_B1_no_sa_model,AD,P0,5,0.11993815555359633,0.296932818183624,0.31485343724771775,8.9,5,0.0,0.017092438222994555,,0.31485343724771775
h0.25_B1_no_sa_model,AD,PA,5,0.022968050873490412,0.03977468220509852,0.04139621486059247,5.54,5,0.0,0.013693370002188125,,0.04139621486059247
h0.25_B1_no_sa_model,AD,PB,5,0.022191244505895113,0.0396282416399461,0.04314137718471365,5.18,5,0.0,0.01712821764479785,,0.04314137718471365
h0.25_B1_no_sa_model,AD,PC,5,nan,nan,nan,0.0,0,1.0,,,0.0
h0.25_B1_no_sa_model,AD,PD,5,nan,nan,nan,0.0,0,1.0,,,0.0
h0.25_B1_no_sa_model,CDF,P0,5,0.05722524158831229,0.09077698357558805,0.11061073429220657,9.94,5,0.0,0.050663528576312955,,0.11061073429220657
h0.25_B1_no_sa_model,CDF,PA,5,0.01451338415741369,0.03930360759145944,0.0495943719596737,3.2800000000000002,5,0.0,0.011949201446510118,,0.0495943719596737
h0.25_B1_no_sa_model,CDF,PB,5,0.002354592247038052,0.013436093977053611,0.026104629702344513,0.16,5,0.0,0.009295421248193507,,0.026104629702344513
h0.25_B1_no_sa_model,CDF,PC,5,nan,nan,nan,0.0,0,1.0,,,0.0
h0.25_B1_no_sa_model,CDF,PD,5,nan,nan,nan,0.0,0,1.0,,,0.0
h0.25_B1_no_sa_model,ACDF,P0,5,0.0571457992714668,0.09077821169891177,0.1100464350917679,10.02,5,0.0,0.05434962550423515,,0.1100464350917679
h0.25_B1_no_sa_model,ACDF,PA,5,0.015009413638329402,0.03604817410119976,0.04783327206358489,3.56,5,0.0,0.015251786201091555,,0.04783327206358489
h0.25_B1_no_sa_model,ACDF,PB,5,0.002901447522859823,0.013827341771637016,0.02995564314885292,0.24,5,0.0,0.006220147773185429,,0.02995564314885292
h0.25_B1_no_sa_model,ACDF,PC,5,nan,nan,nan,0.0,0,1.0,,,0.0
h0.25_B1_no_sa_model,ACDF,PD,5,nan,nan,nan,0.0,0,1.0,,,0.0
h0.25_B1_no_stale_stop,N0,P0,5,0.017533123052512888,0.02418595968859297,0.025906966446265372,7.5200000000000005,5,0.0,,,0.025906966446265372
h0.25_B1_no_stale_stop,N0,PA,5,0.004677568265455954,0.020813675810804896,0.023327074348103015,0.66,5,0.0,,,0.023327074348103015
h0.25_B1_no_stale_stop,N0,PB,5,0.003312566896402553,0.01746580275306701,0.025122657418569318,0.26,5,0.0,,,0.025122657418569318
h0.25_B1_no_stale_stop,N0,PC,5,0.010389789057886399,0.03837265794833141,0.06496318569944211,1.78,5,0.0,,,0.05119716878640925
h0.25_B1_no_stale_stop,N0,PD,5,0.004241654232656219,0.019085494331648106,0.02247825796109291,0.26,3,0.0,,,0.008712241048060057
h0.25_B1_no_stale_stop,A,P0,5,0.027934636603371286,0.03785127968589837,0.03833215542738858,8.0,5,0.0,,,0.03833215542738858
h0.25_B1_no_stale_stop,A,PA,5,0.007415074001997964,0.031163402541678018,0.03600182168435653,1.92,5,0.0,,,0.03600182168435653
h0.25_B1_no_stale_stop,A,PB,5,0.003318892593745776,0.017579225476476862,0.02505630263551712,0.28,5,0.0,,,0.02505630263551712
h0.25_B1_no_stale_stop,A,PC,5,0.010691886997390059,0.03881202013845057,0.053523418928914476,1.6400000000000001,5,0.0,,,0.03975740201588162
h0.25_B1_no_stale_stop,A,PD,5,0.005117255057798522,0.020056904844053425,0.022874518559363875,0.54,4,0.0,,,0.00910850164633102
h0.25_B1_no_stale_stop,C,P0,5,0.06412737577201852,0.09098148154161716,0.1106196031666968,9.96,5,0.0,0.02960638900440144,,0.1106196031666968
h0.25_B1_no_stale_stop,C,PA,5,0.007889199754046816,0.03979962323144803,0.0493602995339809,1.54,5,0.0,0.008513129311889134,,0.0493602995339809
h0.25_B1_no_stale_stop,C,PB,5,0.00287995987437779,0.015920747749278902,0.024470698642777317,0.18,5,0.0,0.004123480350913207,,0.024470698642777317
h0.25_B1_no_stale_stop,C,PC,5,0.010024076548971873,0.03423419953706873,0.05209659778050692,1.26,5,0.0,0.0116081827402991,,0.03833058086747406
h0.25_B1_no_stale_stop,C,PD,5,0.004103463098948649,0.018186699678612757,0.02200067683798681,0.2,3,0.0,0.008069651034046707,,0.007355166245590189
h0.25_B1_no_stale_stop,D,P0,5,0.11561768385824807,0.2947100155150275,0.31248160299467187,8.68,5,0.0,0.020130012579123086,,0.31248160299467187
h0.25_B1_no_stale_stop,D,PA,5,0.022929394301922253,0.03964200917884188,0.04401655945627283,5.0600000000000005,5,0.0,0.010146924972962476,,0.04401655945627283
h0.25_B1_no_stale_stop,D,PB,5,0.022246670432229224,0.03955248973219968,0.04304456926600801,5.2,5,0.0,0.015059463446460421,,0.04304456926600801
h0.25_B1_no_stale_stop,D,PC,5,0.005061312731400472,0.029386585555165524,0.055659162425004675,0.84,5,0.0,0.022492005102222448,,0.03757715374240354
h0.25_B1_no_stale_stop,D,PD,5,0.022612006113289153,0.040143983234466725,0.04333295097531029,1.92,3,0.0,0.009396828996787903,,0.008336332456923874
h0.25_B1_no_stale_stop,E,P0,5,0.06213715105355073,0.10788202463694037,0.1267331842801047,9.16,5,0.0,,,0.1267331842801047
h0.25_B1_no_stale_stop,E,PA,5,0.01758238313938848,0.026572211897505877,0.03411519031886699,5.7,5,0.0,,,0.03411519031886699
h0.25_B1_no_stale_stop,E,PB,5,0.016984813062357475,0.02647043104959568,0.03436033521966483,3.14,5,0.0,,,0.03436033521966483
h0.25_B1_no_stale_stop,E,PC,5,0.005623042275390559,0.021136080870727103,0.03210069002040736,0.6,5,0.0,,,0.0183346731073745
h0.25_B1_no_stale_stop,E,PD,5,0.01711351655344841,0.025458833532733614,0.03307940085537262,3.54,5,0.0,,,0.019313383942339765
h0.25_B1_no_stale_stop,F,P0,5,0.026331054910846856,0.06676896898731523,0.08742878940854665,6.640000000000001,5,0.0,0.019201091641665433,,0.08742878940854665
h0.25_B1_no_stale_stop,F,PA,5,0.008120894078598792,0.025147519212590327,0.02997819738377305,1.42,5,0.0,0.015972524042975805,,0.02997819738377305
h0.25_B1_no_stale_stop,F,PB,5,0.002867367639502419,0.01676108972426612,0.025952828255547743,0.26,5,0.0,0.014395064826405672,,0.025952828255547743
h0.25_B1_no_stale_stop,F,PC,5,0.009893896032627048,0.035800666928847105,0.051788440509906136,1.02,5,0.0,0.022751896285147084,,0.03802242359687328
h0.25_B1_no_stale_stop,F,PD,5,0.0043739171851070015,0.01927608629606848,0.023115392030195865,0.32,5,0.0,0.018226794079406562,,0.00934937511716301
h0.25_B1_no_stale_stop,AC,P0,5,0.05991968476212035,0.09091632066129293,0.10992472348347165,10.02,5,0.0,0.04317851724517171,,0.10992472348347165
h0.25_B1_no_stale_stop,AC,PA,5,0.009324917490868704,0.03425783883196131,0.04860888611131774,2.2800000000000002,5,0.0,0.008490516604121378,,0.04860888611131774
h0.25_B1_no_stale_stop,AC,PB,5,0.002856708669052515,0.015827319388225236,0.024618122541265237,0.18,5,0.0,0.0039056371499295206,,0.024618122541265237
h0.25_B1_no_stale_stop,AC,PC,5,0.009842254551876881,0.033549266095640566,0.05299786538906244,1.1400000000000001,5,0.0,0.011797593374305693,,0.039231848476029584
h0.25_B1_no_stale_stop,AC,PD,5,0.0047607040735052186,0.01992409650654717,0.022848369143028992,0.34,5,0.0,0.008840169140257372,,0.009082352229996137
h0.25_B1_no_stale_stop,AD,P0,5,0.11993815555359633,0.296932818183624,0.31485343724771775,8.9,5,0.0,0.017092438222994555,,0.31485343724771775
h0.25_B1_no_stale_stop,AD,PA,5,0.022968050873490412,0.03977468220509852,0.04139621486059247,5.54,5,0.0,0.013693370002188125,,0.04139621486059247
h0.25_B1_no_stale_stop,AD,PB,5,0.022191244505895113,0.0396282416399461,0.04314137718471365,5.18,5,0.0,0.01712821764479785,,0.04314137718471365
h0.25_B1_no_stale_stop,AD,PC,5,0.005126064061315343,0.030330681205737262,0.05524395830288556,0.9400000000000001,5,0.0,0.024021297200255753,,0.0414779413898527
h0.25_B1_no_stale_stop,AD,PD,5,0.02258097404977987,0.040165156279101846,0.04028669697147615,2.52,5,0.0,0.009267323402657157,,0.00939867265357098
h0.25_B1_no_stale_stop,CDF,P0,5,0.05722524158831229,0.09077698357558805,0.11061073429220657,9.94,5,0.0,0.050663528576312955,,0.11061073429220657
h0.25_B1_no_stale_stop,CDF,PA,5,0.01451338415741369,0.03930360759145944,0.0495943719596737,3.2800000000000002,5,0.0,0.011949201446510118,,0.0495943719596737
h0.25_B1_no_stale_stop,CDF,PB,5,0.002354592247038052,0.013436093977053611,0.026104629702344513,0.16,5,0.0,0.009295421248193507,,0.026104629702344513
h0.25_B1_no_stale_stop,CDF,PC,5,0.009069884013355779,0.03174803354301599,0.050346064510464104,0.5,5,0.0,0.017725062580967847,,0.033601888329154506
h0.25_B1_no_stale_stop,CDF,PD,5,0.0040385251224007565,0.018730676909627667,0.022150733100789223,0.1,2,0.0,0.013040212451555984,,0.008092756531285722
h0.25_B1_no_stale_stop,ACDF,P0,5,0.0571457992714668,0.09077821169891177,0.1100464350917679,10.02,5,0.0,0.05434962550423515,,0.1100464350917679
h0.25_B1_no_stale_stop,ACDF,PA,5,0.015009413638329402,0.03604817410119976,0.04783327206358489,3.56,5,0.0,0.015251786201091555,,0.04783327206358489
h0.25_B1_no_stale_stop,ACDF,PB,5,0.002901447522859823,0.013827341771637016,0.02995564314885292,0.24,5,0.0,0.006220147773185429,,0.02995564314885292
h0.25_B1_no_stale_stop,ACDF,PC,5,0.009319780547107961,0.03181030011091476,0.052681709516368753,0.62,5,0.0,0.01470003177878678,,0.0389156926033359
h0.25_B1_no_stale_stop,ACDF,PD,5,0.004785560055779252,0.01915893458287687,0.02223184322155676,0.22,3,0.0,0.013599927040030683,,0.007774106829077377
h0.25_B2,N0,P0,5,0.017533123052512888,0.02418595968859297,0.025906966446265372,7.5200000000000005,5,0.0,,0.019927826765662956,0.025906966446265372
h0.25_B2,N0,PA,5,0.003881869897055559,0.02132611630198273,0.022065609612714764,0.88,5,0.0,,0.021078988992325392,0.022065609612714764
h0.25_B2,N0,PB,5,0.0051145648900193024,0.03806727856165842,0.07863906712680496,0.74,5,0.0,,0.0394173178899845,0.07863906712680496
h0.25_B2,N0,PC,5,0.0033190355390706645,0.012915222215244472,0.02619139366678757,0.14,4,0.07984031936127745,,0.009342846184206308,0.012425376753754715
h0.25_B2,N0,PD,5,0.0021093312344997307,0.012794644033215445,0.019847168053550638,0.0,1,0.07984031936127745,,0.017177556945552414,0.006081151140517783
h0.25_B2,A,P0,5,0.027934636603371286,0.03785127968589837,0.03833215542738858,8.0,5,0.0,,0.03233589891523847,0.03833215542738858
h0.25_B2,A,PA,5,0.005911292273725633,0.033674115209081985,0.034978045256073786,1.26,5,0.0,,0.0324158148178686,0.034978045256073786
h0.25_B2,A,PB,5,0.0039850772472330535,0.02575647787835908,0.06515180715875458,0.58,5,0.0,,0.02785245971148189,0.06515180715875458
h0.25_B2,A,PC,5,0.0032660477845731224,0.012349892058029527,0.02342098177113222,0.12,3,0.07984031936127745,,0.0013525721409667342,0.009654964858099366
h0.25_B2,A,PD,5,0.0025374944427723842,0.013666708845784822,0.01849872364821066,0.0,0,0.07984031936127745,,0.013091836501158981,0.0047327067351778055
h0.25_B2,C,P0,5,0.06412737577201852,0.09098148154161716,0.1106196031666968,9.96,5,0.0,0.02960638900440144,0.06945252299811601,0.1106196031666968
h0.25_B2,C,PA,5,0.005633007404113798,0.023330315488393847,0.024394026847049267,1.5,5,0.0,0.0074635342404221205,0.021228810845489193,0.024394026847049267
h0.25_B2,C,PB,5,0.005017787385086896,0.03752656216439275,0.07718682798153437,0.74,5,0.0,0.0032470232598840443,0.03931413003895588,0.07718682798153437
h0.25_B2,C,PC,5,0.003081513090064087,0.011378520216044193,0.0227757639736601,0.06,0,0.07984031936127745,0.0060548894325819155,0.009219746739161733,0.009009747060627247
h0.25_B2,C,PD,5,0.002154775138582364,0.00969768176171153,0.01852205023182135,0.0,0,0.07984031936127745,0.005854034898039786,0.017132352709240746,0.0035301861494056227
h0.25_B2,D,P0,5,0.11561768385824807,0.2947100155150275,0.31248160299467187,8.68,5,0.0,0.020130012579123086,0.03461127074633718,0.31248160299467187
h0.25_B2,D,PA,5,0.014501786712993597,0.05230275824108753,0.08688376575792914,1.4000000000000001,5,0.0,0.005829212120330692,0.05297857168514401,0.08688376575792914
h0.25_B2,D,PB,5,0.008403486399635908,0.019696456018830764,0.023069476458045964,0.38,5,0.0,0.005582230878954939,0.0007646155028427522,0.023069476458045964
h0.25_B2,D,PC,5,0.0017144934058517182,0.009666252432642231,0.024582106437429477,0.06,2,0.07984031936127745,0.007801954509687049,0.00018362439113396434,0.01038702903520451
h0.25_B2,D,PD,5,0.010051991785872268,0.020279211923716546,0.03081851519848016,0.0,0,0.07984031936127745,0.0055933511775957045,0.02457332587984646,0.004235118919455912
h0.25_B2,E,P0,5,0.06213715105355073,0.10788202463694037,0.1267331842801047,9.16,5,0.0,,0.06563583548973112,0.1267331842801047
h0.25_B2,E,PA,5,0.011264107311969621,0.038041792912784936,0.05527925551713322,1.0,5,0.0,,0.03811974023656042,0.05527925551713322
h0.25_B2,E,PB,5,0.008964597069136455,0.02088656252672928,0.04388565410432682,0.54,5,0.0,,0.021838407662502307,0.04388565410432682
h0.25_B2,E,PC,5,0.0018357422581450936,0.007190889886886483,0.013382405126922535,0.0,0,0.07984031936127745,,0.005136770128923071,-0.0003836117861103199
h0.25_B2,E,PD,5,0.008295951173093027,0.01215643904844334,0.025483024381337236,0.14,5,0.07984031936127745,,0.02167390539418,0.011717007468304381
h0.25_B2,F,P0,5,0.026331054910846856,0.06676896898731523,0.08742878940854665,6.640000000000001,5,0.0,0.019201091641665433,0.017935901893883822,0.08742878940854665
h0.25_B2,F,PA,5,0.005345041932296666,0.01844649600265034,0.019972328611250628,0.0,2,0.0,0.01927792037504149,0.018038752020273864,0.019972328611250628
h0.25_B2,F,PB,5,0.005339137491099199,0.041307990120226144,0.08453801242319346,0.76,5,0.0,0.02273820173114238,0.04269779482525706,0.08453801242319346
h0.25_B2,F,PC,5,0.002946060067172746,0.010685605700165593,0.02310925294739512,0.06,1,0.07984031936127745,0.010248288393815289,0.009624231380352831,0.009343236034362266
h0.25_B2,F,PD,5,0.002162195110786514,0.011032815822767958,0.02093357619726356,0.08,2,0.07984031936127745,0.019868040221542357,0.019609011398509613,0.007167559284230704
h0.25_B2,AC,P0,5,0.05991968476212035,0.09091632066129293,0.10992472348347165,10.02,5,0.0,0.04317851724517171,0.05783490213734214,0.10992472348347165
h0.25_B2,AC,PA,5,0.007099737964196821,0.03449273354067395,0.03558963607693164,1.7,5,0.0,0.007523997736022403,0.03304168359947934,0.03558963607693164
h0.25_B2,AC,PB,5,0.003912375202842288,0.025098139806661368,0.06407613164250738,0.58,5,0.0,0.0034683299156019996,0.027633435710412234,0.06407613164250738
h0.25_B2,AC,PC,5,0.0028856553367138135,0.009422017585639555,0.024422242530633718,0.06,0,0.07984031936127745,0.006265033150617169,0.0013814779843866597,0.010656225617600863
h0.25_B2,AC,PD,5,0.0024430513015199487,0.012826779541864715,0.019053899481578627,0.0,0,0.07984031936127745,0.0062438604684188674,0.013611584876245397,0.005287882568545772
h0.25_B2,AD,P0,5,0.11993815555359633,0.296932818183624,0.31485343724771775,8.9,5,0.0,0.017092438222994555,0.04002294575346302,0.31485343724771775
h0.25_B2,AD,PA,5,0.014536537899652877,0.0525574884557341,0.08717331467330854,1.44,5,0.0,0.006270970112029835,0.053214871029466225,0.08717331467330854
h0.25_B2,AD,PB,5,0.008701719370847507,0.01957828770071293,0.023446220814774814,0.22,5,0.0,0.005754963982322387,0.0005283237774452118,0.023446220814774814
h0.25_B2,AD,PC,5,0.001821011766939687,0.010135656103091355,0.023291931190217167,0.08,0,0.07984031936127745,0.006939128383428745,3.755642434889621e-05,0.009525914277184312
h0.25_B2,AD,PD,5,0.010072605245429793,0.019403591785514308,0.020838825213190623,0.0,0,0.07984031936127745,0.003851850086735069,0.013769587173850743,0.003930875111701726
h0.25_B2,CDF,P0,5,0.05722524158831229,0.09077698357558805,0.11061073429220657,9.94,5,0.0,0.050663528576312955,0.07370397559403567,0.11061073429220657
h0.25_B2,CDF,PA,5,0.008499583915946943,0.021907444283648304,0.024326831408882935,0.84,5,0.0,0.012817688096804577,0.016680992877905858,0.024326831408882935
h0.25_B2,CDF,PB,5,0.0052583520767186176,0.04162246611820673,0.08546641090583022,0.76,5,0.0,0.013335969837914886,0.04282197965191758,0.08546641090583022
h0.25_B2,CDF,PC,5,0.0026073497420839808,0.009874227030932945,0.023947954458385236,0.06,0,0.07984031936127745,0.007376323203666561,0.010029297769224092,0.010181937545352382
h0.25_B2,CDF,PD,5,0.0021053252986483408,0.008263681494899538,0.021153981380602614,0.0,0,0.07984031936127745,0.009630652395899532,0.019482188908567934,0.0034125036695570442
h0.25_B2,ACDF,P0,5,0.0571457992714668,0.09077821169891177,0.1100464350917679,10.02,5,0.0,0.05434962550423515,0.0667836822674326,0.1100464350917679
h0.25_B2,ACDF,PA,5,0.009319674752957294,0.02473518206787489,0.027251683021822324,1.56,5,0.0,0.016168139780110623,0.023829813514687312,0.027251683021822324
h0.25_B2,ACDF,PB,5,0.004891687016428988,0.03349838479612079,0.07770656596060574,0.68,5,0.0,0.010223288139475303,0.03619975960769959,0.07770656596060574
h0.25_B2,ACDF,PC,5,0.0027707115396684964,0.00963052675605233,0.022759347317447727,0.06,0,0.07984031936127745,0.006359643864625081,0.005369898687431804,0.008993330404414872
h0.25_B2,ACDF,PD,5,0.002577046645590756,0.011284656439271517,0.01972189308451695,0.0,0,0.07984031936127745,0.00915195318686362,0.016655911549219624,0.0034023953957816027
h0.25_B2_no_bound,N0,P0,5,0.017533123052512888,0.02418595968859297,0.025906966446265372,7.5200000000000005,5,0.0,,0.019927826765662956,0.025906966446265372
h0.25_B2_no_bound,N0,PA,5,0.003881869897055559,0.02132611630198273,0.022065609612714764,0.88,5,0.0,,0.021078988992325392,0.022065609612714764
h0.25_B2_no_bound,N0,PB,5,0.0051145648900193024,0.03806727856165842,0.07863906712680496,0.74,5,0.0,,0.0394173178899845,0.07863906712680496
h0.25_B2_no_bound,N0,PC,5,0.0033190355390706645,0.012915222215244472,0.02619139366678757,0.14,4,0.07984031936127745,,0.009342846184206308,0.02619139366678757
h0.25_B2_no_bound,N0,PD,5,0.0021093312344997307,0.012794644033215445,0.019847168053550638,0.0,1,0.07984031936127745,,0.017177556945552414,0.019847168053550638
h0.25_B2_no_bound,A,P0,5,0.027934636603371286,0.03785127968589837,0.03833215542738858,8.0,5,0.0,,0.03233589891523847,0.03833215542738858
h0.25_B2_no_bound,A,PA,5,0.005911292273725633,0.033674115209081985,0.034978045256073786,1.26,5,0.0,,0.0324158148178686,0.034978045256073786
h0.25_B2_no_bound,A,PB,5,0.0039850772472330535,0.02575647787835908,0.06515180715875458,0.58,5,0.0,,0.02785245971148189,0.06515180715875458
h0.25_B2_no_bound,A,PC,5,0.0032660477845731224,0.012349892058029527,0.02342098177113222,0.12,3,0.07984031936127745,,0.0013525721409667342,0.02342098177113222
h0.25_B2_no_bound,A,PD,5,0.0025374944427723842,0.013666708845784822,0.01849872364821066,0.0,0,0.07984031936127745,,0.013091836501158981,0.01849872364821066
h0.25_B2_no_bound,C,P0,5,0.06412737577201852,0.09098148154161716,0.1106196031666968,9.96,5,0.0,0.02960638900440144,0.06945252299811601,0.1106196031666968
h0.25_B2_no_bound,C,PA,5,0.005633007404113798,0.023330315488393847,0.024394026847049267,1.5,5,0.0,0.0074635342404221205,0.021228810845489193,0.024394026847049267
h0.25_B2_no_bound,C,PB,5,0.005017787385086896,0.03752656216439275,0.07718682798153437,0.74,5,0.0,0.0032470232598840443,0.03931413003895588,0.07718682798153437
h0.25_B2_no_bound,C,PC,5,0.003081513090064087,0.011378520216044193,0.0227757639736601,0.06,0,0.07984031936127745,0.0060548894325819155,0.009219746739161733,0.0227757639736601
h0.25_B2_no_bound,C,PD,5,0.002154775138582364,0.00969768176171153,0.01852205023182135,0.0,0,0.07984031936127745,0.005854034898039786,0.017132352709240746,0.01852205023182135
h0.25_B2_no_bound,D,P0,5,0.11561768385824807,0.2947100155150275,0.31248160299467187,8.68,5,0.0,0.020130012579123086,0.03461127074633718,0.31248160299467187
h0.25_B2_no_bound,D,PA,5,0.014501786712993597,0.05230275824108753,0.08688376575792914,1.4000000000000001,5,0.0,0.005829212120330692,0.05297857168514401,0.08688376575792914
h0.25_B2_no_bound,D,PB,5,0.008403486399635908,0.019696456018830764,0.023069476458045964,0.38,5,0.0,0.005582230878954939,0.0007646155028427522,0.023069476458045964
h0.25_B2_no_bound,D,PC,5,0.0017144934058517182,0.009666252432642231,0.024582106437429477,0.12,3,0.07984031936127745,0.007801954509687049,0.00018362439113396434,0.024582106437429477
h0.25_B2_no_bound,D,PD,5,0.010051991785872268,0.020279211923716546,0.03081851519848016,0.48,4,0.07984031936127745,0.0055933511775957045,0.02457332587984646,0.03081851519848016
h0.25_B2_no_bound,E,P0,5,0.06213715105355073,0.10788202463694037,0.1267331842801047,9.16,5,0.0,,0.06563583548973112,0.1267331842801047
h0.25_B2_no_bound,E,PA,5,0.011264107311969621,0.038041792912784936,0.05527925551713322,1.0,5,0.0,,0.03811974023656042,0.05527925551713322
h0.25_B2_no_bound,E,PB,5,0.008964597069136455,0.02088656252672928,0.04388565410432682,0.54,5,0.0,,0.021838407662502307,0.04388565410432682
h0.25_B2_no_bound,E,PC,5,0.0018357422581450936,0.007190889886886483,0.013382405126922535,0.0,0,0.07984031936127745,,0.005136770128923071,0.013382405126922535
h0.25_B2_no_bound,E,PD,5,0.008295951173093027,0.01215643904844334,0.025483024381337236,0.14,5,0.07984031936127745,,0.02167390539418,0.025483024381337236
h0.25_B2_no_bound,F,P0,5,0.026331054910846856,0.06676896898731523,0.08742878940854665,6.640000000000001,5,0.0,0.019201091641665433,0.017935901893883822,0.08742878940854665
h0.25_B2_no_bound,F,PA,5,0.005345041932296666,0.01844649600265034,0.019972328611250628,0.0,2,0.0,0.01927792037504149,0.018038752020273864,0.019972328611250628
h0.25_B2_no_bound,F,PB,5,0.005339137491099199,0.041307990120226144,0.08453801242319346,0.76,5,0.0,0.02273820173114238,0.04269779482525706,0.08453801242319346
h0.25_B2_no_bound,F,PC,5,0.002946060067172746,0.010685605700165593,0.02310925294739512,0.06,1,0.07984031936127745,0.010248288393815289,0.009624231380352831,0.02310925294739512
h0.25_B2_no_bound,F,PD,5,0.002162195110786514,0.011032815822767958,0.02093357619726356,0.08,2,0.07984031936127745,0.019868040221542357,0.019609011398509613,0.02093357619726356
h0.25_B2_no_bound,AC,P0,5,0.05991968476212035,0.09091632066129293,0.10992472348347165,10.02,5,0.0,0.04317851724517171,0.05783490213734214,0.10992472348347165
h0.25_B2_no_bound,AC,PA,5,0.007099737964196821,0.03449273354067395,0.03558963607693164,1.7,5,0.0,0.007523997736022403,0.03304168359947934,0.03558963607693164
h0.25_B2_no_bound,AC,PB,5,0.003912375202842288,0.025098139806661368,0.06407613164250738,0.58,5,0.0,0.0034683299156019996,0.027633435710412234,0.06407613164250738
h0.25_B2_no_bound,AC,PC,5,0.0028856553367138135,0.009422017585639555,0.024422242530633718,0.06,0,0.07984031936127745,0.006265033150617169,0.0013814779843866597,0.024422242530633718
h0.25_B2_no_bound,AC,PD,5,0.0024430513015199487,0.012826779541864715,0.019053899481578627,0.0,0,0.07984031936127745,0.0062438604684188674,0.013611584876245397,0.019053899481578627
h0.25_B2_no_bound,AD,P0,5,0.11993815555359633,0.296932818183624,0.31485343724771775,8.9,5,0.0,0.017092438222994555,0.04002294575346302,0.31485343724771775
h0.25_B2_no_bound,AD,PA,5,0.014536537899652877,0.0525574884557341,0.08717331467330854,1.44,5,0.0,0.006270970112029835,0.053214871029466225,0.08717331467330854
h0.25_B2_no_bound,AD,PB,5,0.008701719370847507,0.01957828770071293,0.023446220814774814,0.22,5,0.0,0.005754963982322387,0.0005283237774452118,0.023446220814774814
h0.25_B2_no_bound,AD,PC,5,0.001821011766939687,0.010135656103091355,0.023291931190217167,0.08,1,0.07984031936127745,0.006939128383428745,3.755642434889621e-05,0.023291931190217167
h0.25_B2_no_bound,AD,PD,5,0.010072605245429793,0.019403591785514308,0.020838825213190623,0.08,2,0.07984031936127745,0.003851850086735069,0.013769587173850743,0.020838825213190623
h0.25_B2_no_bound,CDF,P0,5,0.05722524158831229,0.09077698357558805,0.11061073429220657,9.94,5,0.0,0.050663528576312955,0.07370397559403567,0.11061073429220657
h0.25_B2_no_bound,CDF,PA,5,0.008499583915946943,0.021907444283648304,0.024326831408882935,0.84,5,0.0,0.012817688096804577,0.016680992877905858,0.024326831408882935
h0.25_B2_no_bound,CDF,PB,5,0.0052583520767186176,0.04162246611820673,0.08546641090583022,0.76,5,0.0,0.013335969837914886,0.04282197965191758,0.08546641090583022
h0.25_B2_no_bound,CDF,PC,5,0.0026073497420839808,0.009874227030932945,0.023947954458385236,0.06,0,0.07984031936127745,0.007376323203666561,0.010029297769224092,0.023947954458385236
h0.25_B2_no_bound,CDF,PD,5,0.0021053252986483408,0.008263681494899538,0.021153981380602614,0.08,0,0.07984031936127745,0.009630652395899532,0.019482188908567934,0.021153981380602614
h0.25_B2_no_bound,ACDF,P0,5,0.0571457992714668,0.09077821169891177,0.1100464350917679,10.02,5,0.0,0.05434962550423515,0.0667836822674326,0.1100464350917679
h0.25_B2_no_bound,ACDF,PA,5,0.009319674752957294,0.02473518206787489,0.027251683021822324,1.56,5,0.0,0.016168139780110623,0.023829813514687312,0.027251683021822324
h0.25_B2_no_bound,ACDF,PB,5,0.004891687016428988,0.03349838479612079,0.07770656596060574,0.68,5,0.0,0.010223288139475303,0.03619975960769959,0.07770656596060574
h0.25_B2_no_bound,ACDF,PC,5,0.0027707115396684964,0.00963052675605233,0.022759347317447727,0.06,0,0.07984031936127745,0.006359643864625081,0.005369898687431804,0.022759347317447727
h0.25_B2_no_bound,ACDF,PD,5,0.002577046645590756,0.011284656439271517,0.01972189308451695,0.0,0,0.07984031936127745,0.00915195318686362,0.016655911549219624,0.01972189308451695
h0.25_B2_no_delay_model,N0,P0,5,0.017533123052512888,0.02418595968859297,0.025906966446265372,7.5200000000000005,5,0.0,,0.019927826765662956,0.025906966446265372
h0.25_B2_no_delay_model,N0,PA,5,0.003881869897055559,0.02132611630198273,0.022065609612714764,0.88,5,0.0,,0.021078988992325392,0.022065609612714764
h0.25_B2_no_delay_model,N0,PB,5,0.0051145648900193024,0.03806727856165842,0.07863906712680496,0.74,5,0.0,,0.0394173178899845,0.07863906712680496
h0.25_B2_no_delay_model,N0,PC,5,0.0033190355390706645,0.012915222215244472,0.02619139366678757,0.14,4,0.07984031936127745,,0.009342846184206308,0.012425376753754715
h0.25_B2_no_delay_model,N0,PD,5,0.0021093312344997307,0.012794644033215445,0.019847168053550638,0.0,1,0.07984031936127745,,0.017177556945552414,0.006081151140517783
h0.25_B2_no_delay_model,A,P0,5,0.027934636603371286,0.03785127968589837,0.03833215542738858,8.0,5,0.0,,0.03233589891523847,0.03833215542738858
h0.25_B2_no_delay_model,A,PA,5,0.005911292273725633,0.033674115209081985,0.034978045256073786,1.26,5,0.0,,0.0324158148178686,0.034978045256073786
h0.25_B2_no_delay_model,A,PB,5,0.0039850772472330535,0.02575647787835908,0.06515180715875458,0.58,5,0.0,,0.02785245971148189,0.06515180715875458
h0.25_B2_no_delay_model,A,PC,5,0.0032660477845731224,0.012349892058029527,0.02342098177113222,0.12,3,0.07984031936127745,,0.0013525721409667342,0.009654964858099366
h0.25_B2_no_delay_model,A,PD,5,0.003211152803179975,0.019359933160162646,0.029580660233091596,0.38,5,0.07984031936127745,,0.025293897298361723,0.01581464332005874
h0.25_B2_no_delay_model,C,P0,5,0.06412737577201852,0.09098148154161716,0.1106196031666968,9.96,5,0.0,0.02960638900440144,0.06945252299811601,0.1106196031666968
h0.25_B2_no_delay_model,C,PA,5,0.005633007404113798,0.023330315488393847,0.024394026847049267,1.5,5,0.0,0.0074635342404221205,0.021228810845489193,0.024394026847049267
h0.25_B2_no_delay_model,C,PB,5,0.005017787385086896,0.03752656216439275,0.07718682798153437,0.74,5,0.0,0.0032470232598840443,0.03931413003895588,0.07718682798153437
h0.25_B2_no_delay_model,C,PC,5,0.003081513090064087,0.011378520216044193,0.0227757639736601,0.06,0,0.07984031936127745,0.0060548894325819155,0.009219746739161733,0.009009747060627247
h0.25_B2_no_delay_model,C,PD,5,0.002154775138582364,0.00969768176171153,0.01852205023182135,0.0,0,0.07984031936127745,0.005854034898039786,0.017132352709240746,0.0035301861494056227
h0.25_B2_no_delay_model,D,P0,5,0.11561768385824807,0.2947100155150275,0.31248160299467187,8.68,5,0.0,0.020130012579123086,0.03461127074633718,0.31248160299467187
h0.25_B2_no_delay_model,D,PA,5,0.014501786712993597,0.05230275824108753,0.08688376575792914,1.4000000000000001,5,0.0,0.005829212120330692,0.05297857168514401,0.08688376575792914
h0.25_B2_no_delay_model,D,PB,5,0.008403486399635908,0.019696456018830764,0.023069476458045964,0.38,5,0.0,0.005582230878954939,0.0007646155028427522,0.023069476458045964
h0.25_B2_no_delay_model,D,PC,5,0.0017144934058517182,0.009666252432642231,0.024582106437429477,0.06,2,0.07984031936127745,0.007801954509687049,0.00018362439113396434,0.01038702903520451
h0.25_B2_no_delay_model,D,PD,5,0.010051991785872268,0.020279211923716546,0.03081851519848016,0.0,0,0.07984031936127745,0.0055933511775957045,0.02457332587984646,0.004235118919455912
h0.25_B2_no_delay_model,E,P0,5,0.06213715105355073,0.10788202463694037,0.1267331842801047,9.16,5,0.0,,0.06563583548973112,0.1267331842801047
h0.25_B2_no_delay_model,E,PA,5,0.011264107311969621,0.038041792912784936,0.05527925551713322,1.0,5,0.0,,0.03811974023656042,0.05527925551713322
h0.25_B2_no_delay_model,E,PB,5,0.008964597069136455,0.02088656252672928,0.04388565410432682,0.54,5,0.0,,0.021838407662502307,0.04388565410432682
h0.25_B2_no_delay_model,E,PC,5,0.0018357422581450936,0.007190889886886483,0.013382405126922535,0.0,0,0.07984031936127745,,0.005136770128923071,-0.0003836117861103199
h0.25_B2_no_delay_model,E,PD,5,0.008295951173093027,0.01215643904844334,0.025483024381337236,0.14,5,0.07984031936127745,,0.02167390539418,0.011717007468304381
h0.25_B2_no_delay_model,F,P0,5,0.026331054910846856,0.06676896898731523,0.08742878940854665,6.640000000000001,5,0.0,0.019201091641665433,0.017935901893883822,0.08742878940854665
h0.25_B2_no_delay_model,F,PA,5,0.005345041932296666,0.01844649600265034,0.019972328611250628,0.0,2,0.0,0.01927792037504149,0.018038752020273864,0.019972328611250628
h0.25_B2_no_delay_model,F,PB,5,0.005339137491099199,0.041307990120226144,0.08453801242319346,0.76,5,0.0,0.02273820173114238,0.04269779482525706,0.08453801242319346
h0.25_B2_no_delay_model,F,PC,5,0.002946060067172746,0.010685605700165593,0.02310925294739512,0.06,1,0.07984031936127745,0.010248288393815289,0.009624231380352831,0.009343236034362266
h0.25_B2_no_delay_model,F,PD,5,0.002162195110786514,0.011032815822767958,0.02093357619726356,0.08,2,0.07984031936127745,0.019868040221542357,0.019609011398509613,0.007167559284230704
h0.25_B2_no_delay_model,AC,P0,5,0.05991968476212035,0.09091632066129293,0.10992472348347165,10.02,5,0.0,0.04317851724517171,0.05783490213734214,0.10992472348347165
h0.25_B2_no_delay_model,AC,PA,5,0.007099737964196821,0.03449273354067395,0.03558963607693164,1.7,5,0.0,0.007523997736022403,0.03304168359947934,0.03558963607693164
h0.25_B2_no_delay_model,AC,PB,5,0.003912375202842288,0.025098139806661368,0.06407613164250738,0.58,5,0.0,0.0034683299156019996,0.027633435710412234,0.06407613164250738
h0.25_B2_no_delay_model,AC,PC,5,0.0028856553367138135,0.009422017585639555,0.024422242530633718,0.06,0,0.07984031936127745,0.006265033150617169,0.0013814779843866597,0.010656225617600863
h0.25_B2_no_delay_model,AC,PD,5,0.002954432419868533,0.018284781715803812,0.029128857659007728,0.16,5,0.07984031936127745,0.0062438604684188674,0.02497787930319393,0.008769883474459275
h0.25_B2_no_delay_model,AD,P0,5,0.11993815555359633,0.296932818183624,0.31485343724771775,8.9,5,0.0,0.017092438222994555,0.04002294575346302,0.31485343724771775
h0.25_B2_no_delay_model,AD,PA,5,0.014536537899652877,0.0525574884557341,0.08717331467330854,1.44,5,0.0,0.006270970112029835,0.053214871029466225,0.08717331467330854
h0.25_B2_no_delay_model,AD,PB,5,0.008701719370847507,0.01957828770071293,0.023446220814774814,0.22,5,0.0,0.005754963982322387,0.0005283237774452118,0.023446220814774814
h0.25_B2_no_delay_model,AD,PC,5,0.001821011766939687,0.010135656103091355,0.023291931190217167,0.08,0,0.07984031936127745,0.006939128383428745,3.755642434889621e-05,0.009525914277184312
h0.25_B2_no_delay_model,AD,PD,5,0.010267482309014097,0.019425034484653343,0.030745589102281368,0.16,4,0.07984031936127745,0.006133240028409037,0.024950679542689595,0.01010440962960576
h0.25_B2_no_delay_model,CDF,P0,5,0.05722524158831229,0.09077698357558805,0.11061073429220657,9.94,5,0.0,0.050663528576312955,0.07370397559403567,0.11061073429220657
h0.25_B2_no_delay_model,CDF,PA,5,0.008499583915946943,0.021907444283648304,0.024326831408882935,0.84,5,0.0,0.012817688096804577,0.016680992877905858,0.024326831408882935
h0.25_B2_no_delay_model,CDF,PB,5,0.0052583520767186176,0.04162246611820673,0.08546641090583022,0.76,5,0.0,0.013335969837914886,0.04282197965191758,0.08546641090583022
h0.25_B2_no_delay_model,CDF,PC,5,0.0026073497420839808,0.009874227030932945,0.023947954458385236,0.06,0,0.07984031936127745,0.007376323203666561,0.010029297769224092,0.010181937545352382
h0.25_B2_no_delay_model,CDF,PD,5,0.0021053252986483408,0.008263681494899538,0.021153981380602614,0.0,0,0.07984031936127745,0.009630652395899532,0.019482188908567934,0.0034125036695570442
h0.25_B2_no_delay_model,ACDF,P0,5,0.0571457992714668,0.09077821169891177,0.1100464350917679,10.02,5,0.0,0.05434962550423515,0.0667836822674326,0.1100464350917679
h0.25_B2_no_delay_model,ACDF,PA,5,0.009319674752957294,0.02473518206787489,0.027251683021822324,1.56,5,0.0,0.016168139780110623,0.023829813514687312,0.027251683021822324
h0.25_B2_no_delay_model,ACDF,PB,5,0.004891687016428988,0.03349838479612079,0.07770656596060574,0.68,5,0.0,0.010223288139475303,0.03619975960769959,0.07770656596060574
h0.25_B2_no_delay_model,ACDF,PC,5,0.0027707115396684964,0.00963052675605233,0.022759347317447727,0.06,0,0.07984031936127745,0.006359643864625081,0.005369898687431804,0.008993330404414872
h0.25_B2_no_delay_model,ACDF,PD,5,0.0029497929778850526,0.012248959798155573,0.02599817677138036,0.1,2,0.07984031936127745,0.01096544011674701,0.02299119176803866,0.008663151177811452
h0.25_B2_no_filter_model,N0,P0,5,0.017533123052512888,0.02418595968859297,0.025906966446265372,7.5200000000000005,5,0.0,,0.019927826765662956,0.025906966446265372
h0.25_B2_no_filter_model,N0,PA,5,0.003881869897055559,0.02132611630198273,0.022065609612714764,0.88,5,0.0,,0.021078988992325392,0.022065609612714764
h0.25_B2_no_filter_model,N0,PB,5,0.0051145648900193024,0.03806727856165842,0.07863906712680496,0.74,5,0.0,,0.0394173178899845,0.07863906712680496
h0.25_B2_no_filter_model,N0,PC,5,0.0033190355390706645,0.012915222215244472,0.02619139366678757,0.14,4,0.07984031936127745,,0.009342846184206308,0.012425376753754715
h0.25_B2_no_filter_model,N0,PD,5,0.0021093312344997307,0.012794644033215445,0.019847168053550638,0.0,1,0.07984031936127745,,0.017177556945552414,0.006081151140517783
h0.25_B2_no_filter_model,A,P0,5,0.027934636603371286,0.03785127968589837,0.03833215542738858,8.0,5,0.0,,0.03233589891523847,0.03833215542738858
h0.25_B2_no_filter_model,A,PA,5,0.005911292273725633,0.033674115209081985,0.034978045256073786,1.26,5,0.0,,0.0324158148178686,0.034978045256073786
h0.25_B2_no_filter_model,A,PB,5,0.0039850772472330535,0.02575647787835908,0.06515180715875458,0.58,5,0.0,,0.02785245971148189,0.06515180715875458
h0.25_B2_no_filter_model,A,PC,5,0.0032660477845731224,0.012349892058029527,0.02342098177113222,0.12,3,0.07984031936127745,,0.0013525721409667342,0.009654964858099366
h0.25_B2_no_filter_model,A,PD,5,0.0025374944427723842,0.013666708845784822,0.01849872364821066,0.0,0,0.07984031936127745,,0.013091836501158981,0.0047327067351778055
h0.25_B2_no_filter_model,C,P0,5,0.06412737577201852,0.09098148154161716,0.1106196031666968,9.96,5,0.0,0.02960638900440144,0.06945252299811601,0.1106196031666968
h0.25_B2_no_filter_model,C,PA,5,0.005633007404113798,0.023330315488393847,0.024394026847049267,1.5,5,0.0,0.0074635342404221205,0.021228810845489193,0.024394026847049267
h0.25_B2_no_filter_model,C,PB,5,0.005017787385086896,0.03752656216439275,0.07718682798153437,0.74,5,0.0,0.0032470232598840443,0.03931413003895588,0.07718682798153437
h0.25_B2_no_filter_model,C,PC,5,0.003081513090064087,0.011378520216044193,0.0227757639736601,0.06,0,0.07984031936127745,0.0060548894325819155,0.009219746739161733,0.009009747060627247
h0.25_B2_no_filter_model,C,PD,5,0.0039823364354393785,0.021621148190389225,0.023794070318714708,0.0,0,0.07984031936127745,0.006895958695316851,0.017132352709240746,0.0035301861494056227
h0.25_B2_no_filter_model,D,P0,5,0.11561768385824807,0.2947100155150275,0.31248160299467187,8.68,5,0.0,0.020130012579123086,0.03461127074633718,0.31248160299467187
h0.25_B2_no_filter_model,D,PA,5,0.014501786712993597,0.05230275824108753,0.08688376575792914,1.4000000000000001,5,0.0,0.005829212120330692,0.05297857168514401,0.08688376575792914
h0.25_B2_no_filter_model,D,PB,5,0.008403486399635908,0.019696456018830764,0.023069476458045964,0.38,5,0.0,0.005582230878954939,0.0007646155028427522,0.023069476458045964
h0.25_B2_no_filter_model,D,PC,5,0.0017144934058517182,0.009666252432642231,0.024582106437429477,0.06,2,0.07984031936127745,0.007801954509687049,0.00018362439113396434,0.01038702903520451
h0.25_B2_no_filter_model,D,PD,5,0.010051991785872268,0.020279211923716546,0.03081851519848016,0.0,0,0.07984031936127745,0.0055933511775957045,0.02457332587984646,0.004235118919455912
h0.25_B2_no_filter_model,E,P0,5,0.06213715105355073,0.10788202463694037,0.1267331842801047,9.16,5,0.0,,0.06563583548973112,0.1267331842801047
h0.25_B2_no_filter_model,E,PA,5,0.011264107311969621,0.038041792912784936,0.05527925551713322,1.0,5,0.0,,0.03811974023656042,0.05527925551713322
h0.25_B2_no_filter_model,E,PB,5,0.008964597069136455,0.02088656252672928,0.04388565410432682,0.54,5,0.0,,0.021838407662502307,0.04388565410432682
h0.25_B2_no_filter_model,E,PC,5,0.0018357422581450936,0.007190889886886483,0.013382405126922535,0.0,0,0.07984031936127745,,0.005136770128923071,-0.0003836117861103199
h0.25_B2_no_filter_model,E,PD,5,0.008295951173093027,0.01215643904844334,0.025483024381337236,0.14,5,0.07984031936127745,,0.02167390539418,0.011717007468304381
h0.25_B2_no_filter_model,F,P0,5,0.026331054910846856,0.06676896898731523,0.08742878940854665,6.640000000000001,5,0.0,0.019201091641665433,0.017935901893883822,0.08742878940854665
h0.25_B2_no_filter_model,F,PA,5,0.005345041932296666,0.01844649600265034,0.019972328611250628,0.0,2,0.0,0.01927792037504149,0.018038752020273864,0.019972328611250628
h0.25_B2_no_filter_model,F,PB,5,0.005339137491099199,0.041307990120226144,0.08453801242319346,0.76,5,0.0,0.02273820173114238,0.04269779482525706,0.08453801242319346
h0.25_B2_no_filter_model,F,PC,5,0.002946060067172746,0.010685605700165593,0.02310925294739512,0.06,1,0.07984031936127745,0.010248288393815289,0.009624231380352831,0.009343236034362266
h0.25_B2_no_filter_model,F,PD,5,0.002162195110786514,0.011032815822767958,0.02093357619726356,0.08,2,0.07984031936127745,0.019868040221542357,0.019609011398509613,0.007167559284230704
h0.25_B2_no_filter_model,AC,P0,5,0.05991968476212035,0.09091632066129293,0.10992472348347165,10.02,5,0.0,0.04317851724517171,0.05783490213734214,0.10992472348347165
h0.25_B2_no_filter_model,AC,PA,5,0.007099737964196821,0.03449273354067395,0.03558963607693164,1.7,5,0.0,0.007523997736022403,0.03304168359947934,0.03558963607693164
h0.25_B2_no_filter_model,AC,PB,5,0.003912375202842288,0.025098139806661368,0.06407613164250738,0.58,5,0.0,0.0034683299156019996,0.027633435710412234,0.06407613164250738
h0.25_B2_no_filter_model,AC,PC,5,0.0028856553367138135,0.009422017585639555,0.024422242530633718,0.06,0,0.07984031936127745,0.006265033150617169,0.0013814779843866597,0.010656225617600863
h0.25_B2_no_filter_model,AC,PD,5,0.004069472653985378,0.019727036249601405,0.023919145027036574,0.0,0,0.07984031936127745,0.007216112285390049,0.013611584876245397,0.005287882568545772
h0.25_B2_no_filter_model,AD,P0,5,0.11993815555359633,0.296932818183624,0.31485343724771775,8.9,5,0.0,0.017092438222994555,0.04002294575346302,0.31485343724771775
h0.25_B2_no_filter_model,AD,PA,5,0.014536537899652877,0.0525574884557341,0.08717331467330854,1.44,5,0.0,0.006270970112029835,0.053214871029466225,0.08717331467330854
h0.25_B2_no_filter_model,AD,PB,5,0.008701719370847507,0.01957828770071293,0.023446220814774814,0.22,5,0.0,0.005754963982322387,0.0005283237774452118,0.023446220814774814
h0.25_B2_no_filter_model,AD,PC,5,0.001821011766939687,0.010135656103091355,0.023291931190217167,0.08,0,0.07984031936127745,0.006939128383428745,3.755642434889621e-05,0.009525914277184312
h0.25_B2_no_filter_model,AD,PD,5,0.010072605245429793,0.019403591785514308,0.020838825213190623,0.0,0,0.07984031936127745,0.003851850086735069,0.013769587173850743,0.003930875111701726
h0.25_B2_no_filter_model,CDF,P0,5,0.05722524158831229,0.09077698357558805,0.11061073429220657,9.94,5,0.0,0.050663528576312955,0.07370397559403567,0.11061073429220657
h0.25_B2_no_filter_model,CDF,PA,5,0.008499583915946943,0.021907444283648304,0.024326831408882935,0.84,5,0.0,0.012817688096804577,0.016680992877905858,0.024326831408882935
h0.25_B2_no_filter_model,CDF,PB,5,0.0052583520767186176,0.04162246611820673,0.08546641090583022,0.76,5,0.0,0.013335969837914886,0.04282197965191758,0.08546641090583022
h0.25_B2_no_filter_model,CDF,PC,5,0.0026073497420839808,0.009874227030932945,0.023947954458385236,0.06,0,0.07984031936127745,0.007376323203666561,0.010029297769224092,0.010181937545352382
h0.25_B2_no_filter_model,CDF,PD,5,0.004004348957985908,0.02151823046758621,0.023968805659511483,0.0,0,0.07984031936127745,0.010197244593945567,0.019482188908567934,0.0034125036695570442
h0.25_B2_no_filter_model,ACDF,P0,5,0.0571457992714668,0.09077821169891177,0.1100464350917679,10.02,5,0.0,0.05434962550423515,0.0667836822674326,0.1100464350917679
h0.25_B2_no_filter_model,ACDF,PA,5,0.009319674752957294,0.02473518206787489,0.027251683021822324,1.56,5,0.0,0.016168139780110623,0.023829813514687312,0.027251683021822324
h0.25_B2_no_filter_model,ACDF,PB,5,0.004891687016428988,0.03349838479612079,0.07770656596060574,0.68,5,0.0,0.010223288139475303,0.03619975960769959,0.07770656596060574
h0.25_B2_no_filter_model,ACDF,PC,5,0.0027707115396684964,0.00963052675605233,0.022759347317447727,0.06,0,0.07984031936127745,0.006359643864625081,0.005369898687431804,0.008993330404414872
h0.25_B2_no_filter_model,ACDF,PD,5,0.0041222831380234234,0.0197080873818229,0.023837883986603983,0.0,0,0.07984031936127745,0.009802581642548013,0.016655911549219624,0.0034023953957816027
h0.25_B2_no_final_command,N0,P0,5,0.017533123052512888,0.02418595968859297,0.025906966446265372,7.5200000000000005,5,0.0,,0.019927826765662956,0.025906966446265372
h0.25_B2_no_final_command,N0,PA,5,0.003881869897055559,0.02132611630198273,0.022065609612714764,0.88,5,0.0,,0.021078988992325392,0.022065609612714764
h0.25_B2_no_final_command,N0,PB,5,0.0051145648900193024,0.03806727856165842,0.07863906712680496,0.74,5,0.0,,0.0394173178899845,0.07863906712680496
h0.25_B2_no_final_command,N0,PC,5,0.0015516710741606907,0.009156300065664546,0.016581639890957327,0.0,0,0.07984031936127745,,0.009328020957526809,0.0028156229779244726
h0.25_B2_no_final_command,N0,PD,5,0.0021093312344997307,0.012794644033215445,0.019847168053550638,0.0,1,0.07984031936127745,,0.017177556945552414,0.006081151140517783
h0.25_B2_no_final_command,A,P0,5,0.027934636603371286,0.03785127968589837,0.03833215542738858,8.0,5,0.0,,0.03233589891523847,0.03833215542738858
h0.25_B2_no_final_command,A,PA,5,0.005911292273725633,0.033674115209081985,0.034978045256073786,1.26,5,0.0,,0.0324158148178686,0.034978045256073786
h0.25_B2_no_final_command,A,PB,5,0.0039850772472330535,0.02575647787835908,0.06515180715875458,0.58,5,0.0,,0.02785245971148189,0.06515180715875458
h0.25_B2_no_final_command,A,PC,5,0.0013534863751336597,0.007160212222427324,0.0172227377664199,0.0,0,0.07984031936127745,,0.001319496483368309,0.0034567208533870467
h0.25_B2_no_final_command,A,PD,5,0.0025374944427723842,0.013666708845784822,0.01849872364821066,0.0,0,0.07984031936127745,,0.013091836501158981,0.0047327067351778055
h0.25_B2_no_final_command,C,P0,5,0.06412737577201852,0.09098148154161716,0.1106196031666968,9.96,5,0.0,0.02960638900440144,0.06945252299811601,0.1106196031666968
h0.25_B2_no_final_command,C,PA,5,0.005633007404113798,0.023330315488393847,0.024394026847049267,1.5,5,0.0,0.0074635342404221205,0.021228810845489193,0.024394026847049267
h0.25_B2_no_final_command,C,PB,5,0.005017787385086896,0.03752656216439275,0.07718682798153437,0.74,5,0.0,0.0032470232598840443,0.03931413003895588,0.07718682798153437
h0.25_B2_no_final_command,C,PC,5,0.0014574159149869253,0.0065029270532497045,0.016910813242945168,0.0,0,0.07984031936127745,0.0032470232598840443,0.00922318050380672,0.003144796329912313
h0.25_B2_no_final_command,C,PD,5,0.002154775138582364,0.00969768176171153,0.01852205023182135,0.0,0,0.07984031936127745,0.005854034898039786,0.017132352709240746,0.0035301861494056227
h0.25_B2_no_final_command,D,P0,5,0.11561768385824807,0.2947100155150275,0.31248160299467187,8.68,5,0.0,0.020130012579123086,0.03461127074633718,0.31248160299467187
h0.25_B2_no_final_command,D,PA,5,0.014501786712993597,0.05230275824108753,0.08688376575792914,1.4000000000000001,5,0.0,0.005829212120330692,0.05297857168514401,0.08688376575792914
h0.25_B2_no_final_command,D,PB,5,0.008403486399635908,0.019696456018830764,0.023069476458045964,0.38,5,0.0,0.005582230878954939,0.0007646155028427522,0.023069476458045964
h0.25_B2_no_final_command,D,PC,5,0.009101321330116334,0.018668408031676745,0.02037947509535917,0.0,0,0.07984031936127745,0.005582230878954939,0.0001768361796863779,0.002507342580806043
h0.25_B2_no_final_command,D,PD,5,0.010051991785872268,0.020279211923716546,0.03081851519848016,0.0,0,0.07984031936127745,0.0055933511775957045,0.02457332587984646,0.004235118919455912
h0.25_B2_no_final_command,E,P0,5,0.06213715105355073,0.10788202463694037,0.1267331842801047,9.16,5,0.0,,0.06563583548973112,0.1267331842801047
h0.25_B2_no_final_command,E,PA,5,0.011264107311969621,0.038041792912784936,0.05527925551713322,1.0,5,0.0,,0.03811974023656042,0.05527925551713322
h0.25_B2_no_final_command,E,PB,5,0.008964597069136455,0.02088656252672928,0.04388565410432682,0.54,5,0.0,,0.021838407662502307,0.04388565410432682
h0.25_B2_no_final_command,E,PC,5,0.00742087431232118,0.01007310186768039,0.018293368834048425,0.0,0,0.07984031936127745,,0.005125894500669169,0.00452735192101557
h0.25_B2_no_final_command,E,PD,5,0.008295951173093027,0.01215643904844334,0.025483024381337236,0.14,5,0.07984031936127745,,0.02167390539418,0.011717007468304381
h0.25_B2_no_final_command,F,P0,5,0.026331054910846856,0.06676896898731523,0.08742878940854665,6.640000000000001,5,0.0,0.019201091641665433,0.017935901893883822,0.08742878940854665
h0.25_B2_no_final_command,F,PA,5,0.005345041932296666,0.01844649600265034,0.019972328611250628,0.0,2,0.0,0.01927792037504149,0.018038752020273864,0.019972328611250628
h0.25_B2_no_final_command,F,PB,5,0.005339137491099199,0.041307990120226144,0.08453801242319346,0.76,5,0.0,0.02273820173114238,0.04269779482525706,0.08453801242319346
h0.25_B2_no_final_command,F,PC,5,0.0013749179713917136,0.00673815758701854,0.017125128704019884,0.0,0,0.07984031936127745,0.010231355818077813,0.009607298834183318,0.003359111790987029
h0.25_B2_no_final_command,F,PD,5,0.002162195110786514,0.011032815822767958,0.02093357619726356,0.08,2,0.07984031936127745,0.019868040221542357,0.019609011398509613,0.007167559284230704
h0.25_B2_no_final_command,AC,P0,5,0.05991968476212035,0.09091632066129293,0.10992472348347165,10.02,5,0.0,0.04317851724517171,0.05783490213734214,0.10992472348347165
h0.25_B2_no_final_command,AC,PA,5,0.007099737964196821,0.03449273354067395,0.03558963607693164,1.7,5,0.0,0.007523997736022403,0.03304168359947934,0.03558963607693164
h0.25_B2_no_final_command,AC,PB,5,0.003912375202842288,0.025098139806661368,0.06407613164250738,0.58,5,0.0,0.0034683299156019996,0.027633435710412234,0.06407613164250738
h0.25_B2_no_final_command,AC,PC,5,0.0012810917208227305,0.004854056707222881,0.017436221369726744,0.0,0,0.07984031936127745,0.0034683299156019996,0.0013823657298854314,0.003670204456693889
h0.25_B2_no_final_command,AC,PD,5,0.0024430513015199487,0.012826779541864715,0.019053899481578627,0.0,0,0.07984031936127745,0.0062438604684188674,0.013611584876245397,0.005287882568545772
h0.25_B2_no_final_command,AD,P0,5,0.11993815555359633,0.296932818183624,0.31485343724771775,8.9,5,0.0,0.017092438222994555,0.04002294575346302,0.31485343724771775
h0.25_B2_no_final_command,AD,PA,5,0.014536537899652877,0.0525574884557341,0.08717331467330854,1.44,5,0.0,0.006270970112029835,0.053214871029466225,0.08717331467330854
h0.25_B2_no_final_command,AD,PB,5,0.008701719370847507,0.01957828770071293,0.023446220814774814,0.22,5,0.0,0.005754963982322387,0.0005283237774452118,0.023446220814774814
h0.25_B2_no_final_command,AD,PC,5,0.009458162882005223,0.01866771664519331,0.02059902693015073,0.0,0,0.07984031936127745,0.005754963982322387,4.158575156959219e-05,0.002910530903828668
h0.25_B2_no_final_command,AD,PD,5,0.010072605245429793,0.019403591785514308,0.020838825213190623,0.0,0,0.07984031936127745,0.003851850086735069,0.013769587173850743,0.003930875111701726
h0.25_B2_no_final_command,CDF,P0,5,0.05722524158831229,0.09077698357558805,0.11061073429220657,9.94,5,0.0,0.050663528576312955,0.07370397559403567,0.11061073429220657
h0.25_B2_no_final_command,CDF,PA,5,0.008499583915946943,0.021907444283648304,0.024326831408882935,0.84,5,0.0,0.012817688096804577,0.016680992877905858,0.024326831408882935
h0.25_B2_no_final_command,CDF,PB,5,0.0052583520767186176,0.04162246611820673,0.08546641090583022,0.76,5,0.0,0.013335969837914886,0.04282197965191758,0.08546641090583022
h0.25_B2_no_final_command,CDF,PC,5,0.0012335359397936021,0.0045319313321611565,0.01760428316266035,0.0,0,0.07984031936127745,0.005316626058272522,0.01003500242938316,0.0036434534375965524
h0.25_B2_no_final_command,CDF,PD,5,0.0021053252986483408,0.008263681494899538,0.021153981380602614,0.0,0,0.07984031936127745,0.009630652395899532,0.019482188908567934,0.0034125036695570442
h0.25_B2_no_final_command,ACDF,P0,5,0.0571457992714668,0.09077821169891177,0.1100464350917679,10.02,5,0.0,0.05434962550423515,0.0667836822674326,0.1100464350917679
h0.25_B2_no_final_command,ACDF,PA,5,0.009319674752957294,0.02473518206787489,0.027251683021822324,1.56,5,0.0,0.016168139780110623,0.023829813514687312,0.027251683021822324
h0.25_B2_no_final_command,ACDF,PB,5,0.004891687016428988,0.03349838479612079,0.07770656596060574,0.68,5,0.0,0.010223288139475303,0.03619975960769959,0.07770656596060574
h0.25_B2_no_final_command,ACDF,PC,5,0.001531705500160769,0.007520887769491983,0.016049432942120176,0.0,0,0.07984031936127745,0.004300348538518386,0.005373898377620871,0.002283416029087321
h0.25_B2_no_final_command,ACDF,PD,5,0.002577046645590756,0.011284656439271517,0.01972189308451695,0.0,0,0.07984031936127745,0.00915195318686362,0.016655911549219624,0.0034023953957816027
h0.25_B2_no_intervention_flag,N0,P0,5,0.017533123052512888,0.02418595968859297,0.025906966446265372,7.5200000000000005,5,0.0,,0.019927826765662956,0.025906966446265372
h0.25_B2_no_intervention_flag,N0,PA,5,0.003881869897055559,0.02132611630198273,0.022065609612714764,0.88,5,0.0,,0.021078988992325392,0.022065609612714764
h0.25_B2_no_intervention_flag,N0,PB,5,0.0051145648900193024,0.03806727856165842,0.07863906712680496,0.74,5,0.0,,0.0394173178899845,0.07863906712680496
h0.25_B2_no_intervention_flag,N0,PC,5,0.0033190355390706645,0.012915222215244472,0.02619139366678757,0.14,4,0.07984031936127745,,0.009342846184206308,0.012425376753754715
h0.25_B2_no_intervention_flag,N0,PD,5,0.0021093312344997307,0.012794644033215445,0.019847168053550638,0.0,1,0.07984031936127745,,0.017177556945552414,0.006081151140517783
h0.25_B2_no_intervention_flag,A,P0,5,0.027934636603371286,0.03785127968589837,0.03833215542738858,8.0,5,0.0,,0.03233589891523847,0.03833215542738858
h0.25_B2_no_intervention_flag,A,PA,5,0.005911292273725633,0.033674115209081985,0.034978045256073786,1.26,5,0.0,,0.0324158148178686,0.034978045256073786
h0.25_B2_no_intervention_flag,A,PB,5,0.0039850772472330535,0.02575647787835908,0.06515180715875458,0.58,5,0.0,,0.02785245971148189,0.06515180715875458
h0.25_B2_no_intervention_flag,A,PC,5,0.0032660477845731224,0.012349892058029527,0.02342098177113222,0.12,3,0.07984031936127745,,0.0013525721409667342,0.009654964858099366
h0.25_B2_no_intervention_flag,A,PD,5,0.0025374944427723842,0.013666708845784822,0.01849872364821066,0.0,0,0.07984031936127745,,0.013091836501158981,0.0047327067351778055
h0.25_B2_no_intervention_flag,C,P0,5,0.06412737577201852,0.09098148154161716,0.1106196031666968,9.96,5,0.0,0.02960638900440144,0.06945252299811601,0.1106196031666968
h0.25_B2_no_intervention_flag,C,PA,5,0.005633007404113798,0.023330315488393847,0.024394026847049267,1.5,5,0.0,0.0074635342404221205,0.021228810845489193,0.024394026847049267
h0.25_B2_no_intervention_flag,C,PB,5,0.005017787385086896,0.03752656216439275,0.07718682798153437,0.74,5,0.0,0.0032470232598840443,0.03931413003895588,0.07718682798153437
h0.25_B2_no_intervention_flag,C,PC,5,0.003081513090064087,0.011378520216044193,0.0227757639736601,0.06,0,0.07984031936127745,0.0060548894325819155,0.009219746739161733,0.009009747060627247
h0.25_B2_no_intervention_flag,C,PD,5,0.002154775138582364,0.00969768176171153,0.01852205023182135,0.0,0,0.07984031936127745,0.005854034898039786,0.017132352709240746,0.004756033318788494
h0.25_B2_no_intervention_flag,D,P0,5,0.11561768385824807,0.2947100155150275,0.31248160299467187,8.68,5,0.0,0.020130012579123086,0.03461127074633718,0.31248160299467187
h0.25_B2_no_intervention_flag,D,PA,5,0.014501786712993597,0.05230275824108753,0.08688376575792914,1.4000000000000001,5,0.0,0.005829212120330692,0.05297857168514401,0.08688376575792914
h0.25_B2_no_intervention_flag,D,PB,5,0.008403486399635908,0.019696456018830764,0.023069476458045964,0.38,5,0.0,0.005582230878954939,0.0007646155028427522,0.023069476458045964
h0.25_B2_no_intervention_flag,D,PC,5,0.0017144934058517182,0.009666252432642231,0.024582106437429477,0.12,3,0.07984031936127745,0.007801954509687049,0.00018362439113396434,0.010816089524396623
h0.25_B2_no_intervention_flag,D,PD,5,0.010051991785872268,0.020279211923716546,0.03081851519848016,0.48,4,0.07984031936127745,0.0055933511775957045,0.02457332587984646,0.017052498285447304
h0.25_B2_no_intervention_flag,E,P0,5,0.06213715105355073,0.10788202463694037,0.1267331842801047,9.16,5,0.0,,0.06563583548973112,0.1267331842801047
h0.25_B2_no_intervention_flag,E,PA,5,0.011264107311969621,0.038041792912784936,0.05527925551713322,1.0,5,0.0,,0.03811974023656042,0.05527925551713322
h0.25_B2_no_intervention_flag,E,PB,5,0.008964597069136455,0.02088656252672928,0.04388565410432682,0.54,5,0.0,,0.021838407662502307,0.04388565410432682
h0.25_B2_no_intervention_flag,E,PC,5,0.0018357422581450936,0.007190889886886483,0.013382405126922535,0.0,0,0.07984031936127745,,0.005136770128923071,-0.0003836117861103199
h0.25_B2_no_intervention_flag,E,PD,5,0.008295951173093027,0.01215643904844334,0.025483024381337236,0.14,5,0.07984031936127745,,0.02167390539418,0.011717007468304381
h0.25_B2_no_intervention_flag,F,P0,5,0.026331054910846856,0.06676896898731523,0.08742878940854665,6.640000000000001,5,0.0,0.019201091641665433,0.017935901893883822,0.08742878940854665
h0.25_B2_no_intervention_flag,F,PA,5,0.005345041932296666,0.01844649600265034,0.019972328611250628,0.0,2,0.0,0.01927792037504149,0.018038752020273864,0.019972328611250628
h0.25_B2_no_intervention_flag,F,PB,5,0.005339137491099199,0.041307990120226144,0.08453801242319346,0.76,5,0.0,0.02273820173114238,0.04269779482525706,0.08453801242319346
h0.25_B2_no_intervention_flag,F,PC,5,0.002946060067172746,0.010685605700165593,0.02310925294739512,0.06,1,0.07984031936127745,0.010248288393815289,0.009624231380352831,0.009343236034362266
h0.25_B2_no_intervention_flag,F,PD,5,0.002162195110786514,0.011032815822767958,0.02093357619726356,0.08,2,0.07984031936127745,0.019868040221542357,0.019609011398509613,0.007167559284230704
h0.25_B2_no_intervention_flag,AC,P0,5,0.05991968476212035,0.09091632066129293,0.10992472348347165,10.02,5,0.0,0.04317851724517171,0.05783490213734214,0.10992472348347165
h0.25_B2_no_intervention_flag,AC,PA,5,0.007099737964196821,0.03449273354067395,0.03558963607693164,1.7,5,0.0,0.007523997736022403,0.03304168359947934,0.03558963607693164
h0.25_B2_no_intervention_flag,AC,PB,5,0.003912375202842288,0.025098139806661368,0.06407613164250738,0.58,5,0.0,0.0034683299156019996,0.027633435710412234,0.06407613164250738
h0.25_B2_no_intervention_flag,AC,PC,5,0.0028856553367138135,0.009422017585639555,0.024422242530633718,0.06,0,0.07984031936127745,0.006265033150617169,0.0013814779843866597,0.010656225617600863
h0.25_B2_no_intervention_flag,AC,PD,5,0.0024430513015199487,0.012826779541864715,0.019053899481578627,0.0,0,0.07984031936127745,0.0062438604684188674,0.013611584876245397,0.005287882568545772
h0.25_B2_no_intervention_flag,AD,P0,5,0.11993815555359633,0.296932818183624,0.31485343724771775,8.9,5,0.0,0.017092438222994555,0.04002294575346302,0.31485343724771775
h0.25_B2_no_intervention_flag,AD,PA,5,0.014536537899652877,0.0525574884557341,0.08717331467330854,1.44,5,0.0,0.006270970112029835,0.053214871029466225,0.08717331467330854
h0.25_B2_no_intervention_flag,AD,PB,5,0.008701719370847507,0.01957828770071293,0.023446220814774814,0.22,5,0.0,0.005754963982322387,0.0005283237774452118,0.023446220814774814
h0.25_B2_no_intervention_flag,AD,PC,5,0.001821011766939687,0.010135656103091355,0.023291931190217167,0.08,1,0.07984031936127745,0.006939128383428745,3.755642434889621e-05,0.009525914277184312
h0.25_B2_no_intervention_flag,AD,PD,5,0.010072605245429793,0.019403591785514308,0.020838825213190623,0.08,2,0.07984031936127745,0.003851850086735069,0.013769587173850743,0.007072808300157768
h0.25_B2_no_intervention_flag,CDF,P0,5,0.05722524158831229,0.09077698357558805,0.11061073429220657,9.94,5,0.0,0.050663528576312955,0.07370397559403567,0.11061073429220657
h0.25_B2_no_intervention_flag,CDF,PA,5,0.008499583915946943,0.021907444283648304,0.024326831408882935,0.84,5,0.0,0.012817688096804577,0.016680992877905858,0.024326831408882935
h0.25_B2_no_intervention_flag,CDF,PB,5,0.0052583520767186176,0.04162246611820673,0.08546641090583022,0.76,5,0.0,0.013335969837914886,0.04282197965191758,0.08546641090583022
h0.25_B2_no_intervention_flag,CDF,PC,5,0.0026073497420839808,0.009874227030932945,0.023947954458385236,0.06,0,0.07984031936127745,0.007376323203666561,0.010029297769224092,0.010181937545352382
h0.25_B2_no_intervention_flag,CDF,PD,5,0.0021053252986483408,0.008263681494899538,0.021153981380602614,0.08,0,0.07984031936127745,0.009630652395899532,0.019482188908567934,0.007387964467569759
h0.25_B2_no_intervention_flag,ACDF,P0,5,0.0571457992714668,0.09077821169891177,0.1100464350917679,10.02,5,0.0,0.05434962550423515,0.0667836822674326,0.1100464350917679
h0.25_B2_no_intervention_flag,ACDF,PA,5,0.009319674752957294,0.02473518206787489,0.027251683021822324,1.56,5,0.0,0.016168139780110623,0.023829813514687312,0.027251683021822324
h0.25_B2_no_intervention_flag,ACDF,PB,5,0.004891687016428988,0.03349838479612079,0.07770656596060574,0.68,5,0.0,0.010223288139475303,0.03619975960769959,0.07770656596060574
h0.25_B2_no_intervention_flag,ACDF,PC,5,0.0027707115396684964,0.00963052675605233,0.022759347317447727,0.06,0,0.07984031936127745,0.006359643864625081,0.005369898687431804,0.008993330404414872
h0.25_B2_no_intervention_flag,ACDF,PD,5,0.002577046645590756,0.011284656439271517,0.01972189308451695,0.0,0,0.07984031936127745,0.00915195318686362,0.016655911549219624,0.005955876171484095
h0.25_B2_no_sa_model,N0,P0,5,0.017533123052512888,0.02418595968859297,0.025906966446265372,7.5200000000000005,5,0.0,,0.019927826765662956,0.025906966446265372
h0.25_B2_no_sa_model,N0,PA,5,0.003881869897055559,0.02132611630198273,0.022065609612714764,0.88,5,0.0,,0.021078988992325392,0.022065609612714764
h0.25_B2_no_sa_model,N0,PB,5,0.0051145648900193024,0.03806727856165842,0.07863906712680496,0.74,5,0.0,,0.0394173178899845,0.07863906712680496
h0.25_B2_no_sa_model,N0,PC,5,0.0033190355390706645,0.012915222215244472,0.02619139366678757,0.14,4,0.07984031936127745,,0.009342846184206308,0.012425376753754715
h0.25_B2_no_sa_model,N0,PD,5,0.0021093312344997307,0.012794644033215445,0.019847168053550638,0.0,1,0.07984031936127745,,0.017177556945552414,0.006081151140517783
h0.25_B2_no_sa_model,A,P0,5,0.027934636603371286,0.03785127968589837,0.03833215542738858,8.0,5,0.0,,0.03233589891523847,0.03833215542738858
h0.25_B2_no_sa_model,A,PA,5,0.005911292273725633,0.033674115209081985,0.034978045256073786,1.26,5,0.0,,0.0324158148178686,0.034978045256073786
h0.25_B2_no_sa_model,A,PB,5,0.0039850772472330535,0.02575647787835908,0.06515180715875458,0.58,5,0.0,,0.02785245971148189,0.06515180715875458
h0.25_B2_no_sa_model,A,PC,5,0.0032660477845731224,0.012349892058029527,0.02342098177113222,0.12,3,0.07984031936127745,,0.0013525721409667342,0.009654964858099366
h0.25_B2_no_sa_model,A,PD,5,0.0025374944427723842,0.013666708845784822,0.01849872364821066,0.0,0,0.07984031936127745,,0.013091836501158981,0.0047327067351778055
h0.25_B2_no_sa_model,C,P0,5,0.06412737577201852,0.09098148154161716,0.1106196031666968,9.96,5,0.0,0.02960638900440144,0.06945252299811601,0.1106196031666968
h0.25_B2_no_sa_model,C,PA,5,0.005633007404113798,0.023330315488393847,0.024394026847049267,1.5,5,0.0,0.0074635342404221205,0.021228810845489193,0.024394026847049267
h0.25_B2_no_sa_model,C,PB,5,0.005017787385086896,0.03752656216439275,0.07718682798153437,0.74,5,0.0,0.0032470232598840443,0.03931413003895588,0.07718682798153437
h0.25_B2_no_sa_model,C,PC,5,0.003081513090064087,0.011378520216044193,0.0227757639736601,0.06,0,0.07984031936127745,0.0060548894325819155,0.009219746739161733,0.009009747060627247
h0.25_B2_no_sa_model,C,PD,5,0.002154775138582364,0.00969768176171153,0.01852205023182135,0.0,0,0.07984031936127745,0.005854034898039786,0.017132352709240746,0.0035301861494056227
h0.25_B2_no_sa_model,D,P0,5,0.11561768385824807,0.2947100155150275,0.31248160299467187,8.68,5,0.0,0.020130012579123086,0.03461127074633718,0.31248160299467187
h0.25_B2_no_sa_model,D,PA,5,0.014501786712993597,0.05230275824108753,0.08688376575792914,1.4000000000000001,5,0.0,0.005829212120330692,0.05297857168514401,0.08688376575792914
h0.25_B2_no_sa_model,D,PB,5,0.008403486399635908,0.019696456018830764,0.023069476458045964,0.38,5,0.0,0.005582230878954939,0.0007646155028427522,0.023069476458045964
h0.25_B2_no_sa_model,D,PC,5,0.0017144934058517182,0.009666252432642231,0.024582106437429477,0.06,2,0.07984031936127745,0.007801954509687049,0.00018362439113396434,0.01038702903520451
h0.25_B2_no_sa_model,D,PD,5,0.010051991785872268,0.020279211923716546,0.03081851519848016,0.0,0,0.07984031936127745,0.0055933511775957045,0.02457332587984646,0.004235118919455912
h0.25_B2_no_sa_model,E,P0,5,0.06213715105355073,0.10788202463694037,0.1267331842801047,9.16,5,0.0,,0.06563583548973112,0.1267331842801047
h0.25_B2_no_sa_model,E,PA,5,0.011264107311969621,0.038041792912784936,0.05527925551713322,1.0,5,0.0,,0.03811974023656042,0.05527925551713322
h0.25_B2_no_sa_model,E,PB,5,0.008964597069136455,0.02088656252672928,0.04388565410432682,0.54,5,0.0,,0.021838407662502307,0.04388565410432682
h0.25_B2_no_sa_model,E,PC,5,0.0018357422581450936,0.007190889886886483,0.013382405126922535,0.0,0,0.07984031936127745,,0.005136770128923071,-0.0003836117861103199
h0.25_B2_no_sa_model,E,PD,5,0.008295951173093027,0.01215643904844334,0.025483024381337236,0.14,5,0.07984031936127745,,0.02167390539418,0.011717007468304381
h0.25_B2_no_sa_model,F,P0,5,0.026331054910846856,0.06676896898731523,0.08742878940854665,6.640000000000001,5,0.0,0.019201091641665433,0.017935901893883822,0.08742878940854665
h0.25_B2_no_sa_model,F,PA,5,0.005345041932296666,0.01844649600265034,0.019972328611250628,0.0,2,0.0,0.01927792037504149,0.018038752020273864,0.019972328611250628
h0.25_B2_no_sa_model,F,PB,5,0.005339137491099199,0.041307990120226144,0.08453801242319346,0.76,5,0.0,0.02273820173114238,0.04269779482525706,0.08453801242319346
h0.25_B2_no_sa_model,F,PC,5,0.002946060067172746,0.010685605700165593,0.02310925294739512,0.06,1,0.07984031936127745,0.010248288393815289,0.009624231380352831,0.009343236034362266
h0.25_B2_no_sa_model,F,PD,5,0.003980749043361941,0.014050781534565942,0.017942138714568515,0.0,0,0.07984031936127745,0.01684030291247528,0.016658339631792855,0.00417612180153566
h0.25_B2_no_sa_model,AC,P0,5,0.05991968476212035,0.09091632066129293,0.10992472348347165,10.02,5,0.0,0.04317851724517171,0.05783490213734214,0.10992472348347165
h0.25_B2_no_sa_model,AC,PA,5,0.007099737964196821,0.03449273354067395,0.03558963607693164,1.7,5,0.0,0.007523997736022403,0.03304168359947934,0.03558963607693164
h0.25_B2_no_sa_model,AC,PB,5,0.003912375202842288,0.025098139806661368,0.06407613164250738,0.58,5,0.0,0.0034683299156019996,0.027633435710412234,0.06407613164250738
h0.25_B2_no_sa_model,AC,PC,5,0.0028856553367138135,0.009422017585639555,0.024422242530633718,0.06,0,0.07984031936127745,0.006265033150617169,0.0013814779843866597,0.010656225617600863
h0.25_B2_no_sa_model,AC,PD,5,0.0024430513015199487,0.012826779541864715,0.019053899481578627,0.0,0,0.07984031936127745,0.0062438604684188674,0.013611584876245397,0.005287882568545772
h0.25_B2_no_sa_model,AD,P0,5,0.11993815555359633,0.296932818183624,0.31485343724771775,8.9,5,0.0,0.017092438222994555,0.04002294575346302,0.31485343724771775
h0.25_B2_no_sa_model,AD,PA,5,0.014536537899652877,0.0525574884557341,0.08717331467330854,1.44,5,0.0,0.006270970112029835,0.053214871029466225,0.08717331467330854
h0.25_B2_no_sa_model,AD,PB,5,0.008701719370847507,0.01957828770071293,0.023446220814774814,0.22,5,0.0,0.005754963982322387,0.0005283237774452118,0.023446220814774814
h0.25_B2_no_sa_model,AD,PC,5,0.001821011766939687,0.010135656103091355,0.023291931190217167,0.08,0,0.07984031936127745,0.006939128383428745,3.755642434889621e-05,0.009525914277184312
h0.25_B2_no_sa_model,AD,PD,5,0.010072605245429793,0.019403591785514308,0.020838825213190623,0.0,0,0.07984031936127745,0.003851850086735069,0.013769587173850743,0.003930875111701726
h0.25_B2_no_sa_model,CDF,P0,5,0.05722524158831229,0.09077698357558805,0.11061073429220657,9.94,5,0.0,0.050663528576312955,0.07370397559403567,0.11061073429220657
h0.25_B2_no_sa_model,CDF,PA,5,0.008499583915946943,0.021907444283648304,0.024326831408882935,0.84,5,0.0,0.012817688096804577,0.016680992877905858,0.024326831408882935
h0.25_B2_no_sa_model,CDF,PB,5,0.0052583520767186176,0.04162246611820673,0.08546641090583022,0.76,5,0.0,0.013335969837914886,0.04282197965191758,0.08546641090583022
h0.25_B2_no_sa_model,CDF,PC,5,0.0026073497420839808,0.009874227030932945,0.023947954458385236,0.06,0,0.07984031936127745,0.007376323203666561,0.010029297769224092,0.010181937545352382
h0.25_B2_no_sa_model,CDF,PD,5,0.005539973016197592,0.016276233073333826,0.01803175641315857,0.0,0,0.07984031936127745,0.008788423559800059,0.01696889854286936,0.0034125036695570442
h0.25_B2_no_sa_model,ACDF,P0,5,0.0571457992714668,0.09077821169891177,0.1100464350917679,10.02,5,0.0,0.05434962550423515,0.0667836822674326,0.1100464350917679
h0.25_B2_no_sa_model,ACDF,PA,5,0.009319674752957294,0.02473518206787489,0.027251683021822324,1.56,5,0.0,0.016168139780110623,0.023829813514687312,0.027251683021822324
h0.25_B2_no_sa_model,ACDF,PB,5,0.004891687016428988,0.03349838479612079,0.07770656596060574,0.68,5,0.0,0.010223288139475303,0.03619975960769959,0.07770656596060574
h0.25_B2_no_sa_model,ACDF,PC,5,0.0027707115396684964,0.00963052675605233,0.022759347317447727,0.06,0,0.07984031936127745,0.006359643864625081,0.005369898687431804,0.008993330404414872
h0.25_B2_no_sa_model,ACDF,PD,5,0.005730075367432366,0.015570512891542088,0.018743632139955047,0.0,0,0.07984031936127745,0.007171424865224427,0.009307766926291212,0.0034023953957816027
h0.25_B2_no_stale_stop,N0,P0,5,0.017533123052512888,0.02418595968859297,0.025906966446265372,7.5200000000000005,5,0.0,,0.019927826765662956,0.025906966446265372
h0.25_B2_no_stale_stop,N0,PA,5,0.003881869897055559,0.02132611630198273,0.022065609612714764,0.88,5,0.0,,0.021078988992325392,0.022065609612714764
h0.25_B2_no_stale_stop,N0,PB,5,0.0051145648900193024,0.03806727856165842,0.07863906712680496,0.74,5,0.0,,0.0394173178899845,0.07863906712680496
h0.25_B2_no_stale_stop,N0,PC,5,0.006915264641669386,0.03808210117689157,0.07865388707270674,0.88,5,0.0,,0.03943214062755576,0.06488787015967389
h0.25_B2_no_stale_stop,N0,PD,5,0.0035084937281453263,0.019101963877561107,0.020541335918911337,0.04,2,0.0,,0.018856863499395204,0.006775319005878482
h0.25_B2_no_stale_stop,A,P0,5,0.027934636603371286,0.03785127968589837,0.03833215542738858,8.0,5,0.0,,0.03233589891523847,0.03833215542738858
h0.25_B2_no_stale_stop,A,PA,5,0.005911292273725633,0.033674115209081985,0.034978045256073786,1.26,5,0.0,,0.0324158148178686,0.034978045256073786
h0.25_B2_no_stale_stop,A,PB,5,0.0039850772472330535,0.02575647787835908,0.06515180715875458,0.58,5,0.0,,0.02785245971148189,0.06515180715875458
h0.25_B2_no_stale_stop,A,PC,5,0.0058728612605078645,0.025796992451559746,0.06519230616551039,0.72,5,0.0,,0.027888879970168524,0.05142628925247753
h0.25_B2_no_stale_stop,A,PD,5,0.004017078579958108,0.020412400914894893,0.02176406595221583,0.58,4,0.0,,0.019023940225661725,0.007998049039182975
h0.25_B2_no_stale_stop,C,P0,5,0.06412737577201852,0.09098148154161716,0.1106196031666968,9.96,5,0.0,0.02960638900440144,0.06945252299811601,0.1106196031666968
h0.25_B2_no_stale_stop,C,PA,5,0.005633007404113798,0.023330315488393847,0.024394026847049267,1.5,5,0.0,0.0074635342404221205,0.021228810845489193,0.024394026847049267
h0.25_B2_no_stale_stop,C,PB,5,0.005017787385086896,0.03752656216439275,0.07718682798153437,0.74,5,0.0,0.0032470232598840443,0.03931413003895588,0.07718682798153437
h0.25_B2_no_stale_stop,C,PC,5,0.0067022783876524205,0.037523131033657245,0.07718339953911978,0.56,5,0.0,0.0060548894325819155,0.03931069878745137,0.03841738262608692
h0.25_B2_no_stale_stop,C,PD,5,0.003537775894657143,0.019303758345750162,0.020379886552073945,0.0,0,0.0,0.005854034898039786,0.018987384271936233,0.0035301861494056227
h0.25_B2_no_stale_stop,D,P0,5,0.11561768385824807,0.2947100155150275,0.31248160299467187,8.68,5,0.0,0.020130012579123086,0.03461127074633718,0.31248160299467187
h0.25_B2_no_stale_stop,D,PA,5,0.014501786712993597,0.05230275824108753,0.08688376575792914,1.4000000000000001,5,0.0,0.005829212120330692,0.05297857168514401,0.08688376575792914
h0.25_B2_no_stale_stop,D,PB,5,0.008403486399635908,0.019696456018830764,0.023069476458045964,0.38,5,0.0,0.005582230878954939,0.0007646155028427522,0.023069476458045964
h0.25_B2_no_stale_stop,D,PC,5,0.0016074448440069546,0.00835539685131838,0.02501785274357462,0.06,2,0.0,0.007801954509687049,0.0007714044160763874,0.01038702903520451
h0.25_B2_no_stale_stop,D,PD,5,0.014154190624225588,0.051595611135393904,0.08617661865235972,0.7000000000000001,4,0.0,0.0055933511775957045,0.05227142458018501,0.04741060173932686
h0.25_B2_no_stale_stop,E,P0,5,0.06213715105355073,0.10788202463694037,0.1267331842801047,9.16,5,0.0,,0.06563583548973112,0.1267331842801047
h0.25_B2_no_stale_stop,E,PA,5,0.011264107311969621,0.038041792912784936,0.05527925551713322,1.0,5,0.0,,0.03811974023656042,0.05527925551713322
h0.25_B2_no_stale_stop,E,PB,5,0.008964597069136455,0.02088656252672928,0.04388565410432682,0.54,5,0.0,,0.021838407662502307,0.04388565410432682
h0.25_B2_no_stale_stop,E,PC,5,0.0037763521106877937,0.020896980871087534,0.0438960715308658,0.54,5,0.0,,0.021848825906384636,0.03013005461783294
h0.25_B2_no_stale_stop,E,PD,5,0.010879567411865671,0.036616205919141075,0.05354960866820977,0.96,5,0.0,,0.03646301497610654,0.039783591755176914
h0.25_B2_no_stale_stop,F,P0,5,0.026331054910846856,0.06676896898731523,0.08742878940854665,6.640000000000001,5,0.0,0.019201091641665433,0.017935901893883822,0.08742878940854665
h0.25_B2_no_stale_stop,F,PA,5,0.005345041932296666,0.01844649600265034,0.019972328611250628,0.0,2,0.0,0.01927792037504149,0.018038752020273864,0.019972328611250628
h0.25_B2_no_stale_stop,F,PB,5,0.005339137491099199,0.041307990120226144,0.08453801242319346,0.76,5,0.0,0.02273820173114238,0.04269779482525706,0.08453801242319346
h0.25_B2_no_stale_stop,F,PC,5,0.006922368190964666,0.04132473578795602,0.08455170585318737,0.8200000000000001,5,0.0,0.022751896285147084,0.0427114890382406,0.07078568894015452
h0.25_B2_no_stale_stop,F,PD,5,0.0037475248231542795,0.02177781138610359,0.022616078680389277,0.9,5,0.0,0.02118518670940889,0.021425219041518395,0.008850061767356423
h0.25_B2_no_stale_stop,AC,P0,5,0.05991968476212035,0.09091632066129293,0.10992472348347165,10.02,5,0.0,0.04317851724517171,0.05783490213734214,0.10992472348347165
h0.25_B2_no_stale_stop,AC,PA,5,0.007099737964196821,0.03449273354067395,0.03558963607693164,1.7,5,0.0,0.007523997736022403,0.03304168359947934,0.03558963607693164
h0.25_B2_no_stale_stop,AC,PB,5,0.003912375202842288,0.025098139806661368,0.06407613164250738,0.58,5,0.0,0.0034683299156019996,0.027633435710412234,0.06407613164250738
h0.25_B2_no_stale_stop,AC,PC,5,0.00538857103733967,0.025113768825574728,0.06407222666302911,0.4,5,0.0,0.006265033150617169,0.027629862843507547,0.026008204400057994
h0.25_B2_no_stale_stop,AC,PD,5,0.003931302130467809,0.02091325242639331,0.02201012132237373,0.0,0,0.0,0.0062438604684188674,0.019462185057216804,0.005287882568545772
h0.25_B2_no_stale_stop,AD,P0,5,0.11993815555359633,0.296932818183624,0.31485343724771775,8.9,5,0.0,0.017092438222994555,0.04002294575346302,0.31485343724771775
h0.25_B2_no_stale_stop,AD,PA,5,0.014536537899652877,0.0525574884557341,0.08717331467330854,1.44,5,0.0,0.006270970112029835,0.053214871029466225,0.08717331467330854
h0.25_B2_no_stale_stop,AD,PB,5,0.008701719370847507,0.01957828770071293,0.023446220814774814,0.22,5,0.0,0.005754963982322387,0.0005283237774452118,0.023446220814774814
h0.25_B2_no_stale_stop,AD,PC,5,0.001693816336802751,0.01007467712846339,0.02540437824095953,0.08,1,0.0,0.006939128383428745,0.0005348425183046168,0.009525914277184312
h0.25_B2_no_stale_stop,AD,PD,5,0.013111956411432408,0.040535987656909155,0.07515181387060545,0.58,5,0.0,0.003851850086735069,0.04119337024303766,0.03638579695757259
h0.25_B2_no_stale_stop,CDF,P0,5,0.05722524158831229,0.09077698357558805,0.11061073429220657,9.94,5,0.0,0.050663528576312955,0.07370397559403567,0.11061073429220657
h0.25_B2_no_stale_stop,CDF,PA,5,0.008499583915946943,0.021907444283648304,0.024326831408882935,0.84,5,0.0,0.012817688096804577,0.016680992877905858,0.024326831408882935
h0.25_B2_no_stale_stop,CDF,PB,5,0.0052583520767186176,0.04162246611820673,0.08546641090583022,0.76,5,0.0,0.013335969837914886,0.04282197965191758,0.08546641090583022
h0.25_B2_no_stale_stop,CDF,PC,5,0.006423559481763493,0.04161910988168532,0.08546305367604072,0.6,5,0.0,0.014745772791314385,0.04281862273973368,0.047341954914723955
h0.25_B2_no_stale_stop,CDF,PD,5,0.003680624045439164,0.021446226903879578,0.02256127561429589,0.0,1,0.0,0.013276270640329392,0.02113866973788698,0.0034125036695570442
h0.25_B2_no_stale_stop,ACDF,P0,5,0.0571457992714668,0.09077821169891177,0.1100464350917679,10.02,5,0.0,0.05434962550423515,0.0667836822674326,0.1100464350917679
h0.25_B2_no_stale_stop,ACDF,PA,5,0.009319674752957294,0.02473518206787489,0.027251683021822324,1.56,5,0.0,0.016168139780110623,0.023829813514687312,0.027251683021822324
h0.25_B2_no_stale_stop,ACDF,PB,5,0.004891687016428988,0.03349838479612079,0.07770656596060574,0.68,5,0.0,0.010223288139475303,0.03619975960769959,0.07770656596060574
h0.25_B2_no_stale_stop,ACDF,PC,5,0.006054745744653072,0.033494357837232064,0.07770247759123776,0.54,5,0.0,0.011815014335479978,0.036195786928916035,0.03997287024642365
h0.25_B2_no_stale_stop,ACDF,PD,5,0.004140002352384409,0.02151885452181152,0.02275914905078518,0.0,1,0.0,0.013103792867971515,0.02074056689523869,0.0034023953957816027
h0.5_B0,N0,P0,5,0.018353795996408215,0.025086144195696252,0.043024015943855506,7.84,5,0.0,,,0.043024015943855506
h0.5_B0,N0,PA,5,0.0032055360428632266,0.015583494842496954,0.022817857205492943,0.1,2,0.0,,,0.022817857205492943
h0.5_B0,N0,PB,5,0.002586077918190747,0.015067894996219985,0.021639693074655953,0.06,1,0.0,,,0.021639693074655953
h0.5_B0,N0,PC,5,0.008691555011080593,0.03360311274620225,0.05829624134743027,0.5,5,0.0,,,0.024359182366087473
h0.5_B0,N0,PD,5,0.003173720882716581,0.0155834948424968,0.02135740844622093,0.0,0,0.0,,,-0.012579650535121868
h0.5_B0,A,P0,5,0.028164940770142092,0.03792447103995861,0.04478098600811092,8.0,5,0.0,,,0.04478098600811092
h0.5_B0,A,PA,5,0.004229048096087726,0.024152693382577615,0.034804805774179375,0.74,5,0.0,,,0.034804805774179375
h0.5_B0,A,PB,5,0.0027913576201779758,0.015520970214234216,0.021207400964617925,0.08,1,0.0,,,0.021207400964617925
h0.5_B0,A,PC,5,0.009170322604159002,0.03455430972186702,0.04703438078156985,0.54,5,0.0,,,0.013097321800227053
h0.5_B0,A,PD,5,0.0037325100769317545,0.01942170136196424,0.02319278243660946,0.0,0,0.0,,,-0.010744276544733339
h0.5_B0,C,P0,5,0.06665795381924175,0.10098619899785154,0.13094401493634214,10.02,5,0.0,0.043164358123978105,,0.13094401493634214
h0.5_B0,C,PA,5,0.007081611695724726,0.04295469206166047,0.04524196541315445,1.2,5,0.0,0.02094558846755723,,0.04524196541315445
h0.5_B0,C,PB,5,0.0022164770929653677,0.012619751554589699,0.02147031769691385,0.04,0,0.0,0.00225190680958111,,0.02147031769691385
h0.5_B0,C,PC,5,0.00821146313153567,0.030100229612423143,0.0476330438611007,0.32,5,0.0,0.01880622996931221,,0.0136959848797579
h0.5_B0,C,PD,5,0.0030651001170494143,0.013267352625919064,0.02113334190135976,0.0,0,0.0,0.008139663385134416,,-0.012803717079983037
h0.5_B0,D,P0,5,0.12462841010585904,0.2952461963336109,0.33006447467564975,9.02,5,0.0,0.027804137575417116,,0.33006447467564975
h0.5_B0,D,PA,5,0.020613318295693052,0.03736072774554144,0.04029437459593546,5.1000000000000005,4,0.0,0.014119030811173347,,0.04029437459593546
h0.5_B0,D,PB,5,0.01986867688151606,0.036040489598849326,0.03933466561348902,5.08,4,0.0,0.014547103401512503,,0.03933466561348902
h0.5_B0,D,PC,5,0.0040697353830148894,0.025603954835606426,0.050242967067255256,0.24,4,0.0,0.021168746115434407,,0.011550650047620813
h0.5_B0,D,PD,5,0.020615117073271468,0.037360727745541555,0.040294374595935385,0.0,0,0.0,0.014056770426920459,,-0.013789300591788518
h0.5_B0,E,P0,5,0.06508094206531917,0.1170825027587539,0.14447278121476995,9.200000000000001,5,0.0,,,0.14447278121476995
h0.5_B0,E,PA,5,0.016031288373790968,0.024591455236194153,0.031997419839769566,1.76,5,0.0,,,0.031997419839769566
h0.5_B0,E,PB,5,0.015211753432396882,0.02351060761545849,0.030173880088102786,1.0,5,0.0,,,0.030173880088102786
h0.5_B0,E,PC,5,0.00471168084878886,0.018741578427599433,0.02870315187150326,0.0,0,0.0,,,-0.005233907109839536
h0.5_B0,E,PD,5,0.016024910902646076,0.024591455236194163,0.03108827710995727,0.0,0,0.0,,,-0.002848781871385528
h0.5_B0,F,P0,5,0.028807352368419588,0.0734420099743144,0.10574464472106478,7.0,5,0.0,0.018209266433914784,,0.10574464472106478
h0.5_B0,F,PA,5,0.007256245458888565,0.0255367286235904,0.03418378824210201,1.2,5,0.0,0.007194474280654122,,0.03418378824210201
h0.5_B0,F,PB,5,0.0022056573288050277,0.013497319700819231,0.022174764432889685,0.1,2,0.0,0.006892933380423097,,0.022174764432889685
h0.5_B0,F,PC,5,0.008153323732049802,0.03115059479942204,0.04665519542218256,0.24,5,0.0,0.0206711166516054,,0.012718136440839765
h0.5_B0,F,PD,5,0.0035291094679167265,0.016490627480922723,0.03140179341738167,0.0,0,0.0,0.008063176966261059,,-0.011296899449787533
h0.5_B0,AC,P0,5,0.06224613236927145,0.09513539256445672,0.130832778634622,10.02,5,0.0,0.056724965388064354,,0.130832778634622
h0.5_B0,AC,PA,5,0.007361799279982565,0.03988466433964886,0.04592848207815641,1.54,5,0.0,0.020952159741002334,,0.04592848207815641
h0.5_B0,AC,PB,5,0.002397910195979875,0.013806572696000576,0.021150965481375884,0.04,0,0.0,0.0022681030697555473,,0.021150965481375884
h0.5_B0,AC,PC,5,0.008454235881714189,0.029868828581081468,0.04821246387759967,0.32,5,0.0,0.018719212742651613,,0.014275404896256873
h0.5_B0,AC,PD,5,0.0036488515625809383,0.01913222271828557,0.02322415373244677,0.0,0,0.0,0.0084587817728774,,-0.011282646745816246
h0.5_B0,AD,P0,5,0.12877169829506754,0.29758979288750187,0.33228869577068104,9.02,5,0.0,0.017533868000267697,,0.33228869577068104
h0.5_B0,AD,PA,5,0.021068815416055976,0.036553472255292555,0.040382175381769456,5.26,5,0.0,0.008994854037400052,,0.040382175381769456
h0.5_B0,AD,PB,5,0.020125472934218524,0.0361690129063736,0.039422646984581006,5.1000000000000005,4,0.0,0.01372477618629719,,0.039422646984581006
h0.5_B0,AD,PC,5,0.004345574058961636,0.026149967071895163,0.0493776349403451,0.24,4,0.0,0.018461615031688625,,0.0154405759590023
h0.5_B0,AD,PD,5,0.020981841318740136,0.036309190053095054,0.04029194860556474,0.0,0,0.0,0.006595340346393602,,-0.012044703278977463
h0.5_B0,CDF,P0,5,0.06033888134629508,0.1013831360974546,0.13095875832754625,10.02,5,0.0,0.0579221733160412,,0.13095875832754625
h0.5_B0,CDF,PA,5,0.014177740511337895,0.043192227714778986,0.045468996422044924,3.2800000000000002,5,0.0,0.013609772865696215,,0.045468996422044924
h0.5_B0,CDF,PB,5,0.0016864554868370526,0.008478552986775087,0.02293940952935287,0.06,0,0.0,0.004550143832389036,,0.02293940952935287
h0.5_B0,CDF,PC,5,0.00749047220944545,0.02739431730992635,0.045429649258592546,0.12,3,0.0,0.02044543202277401,,0.009078299273133535
h0.5_B0,CDF,PD,5,0.003347401641246184,0.013679618078064604,0.03424858130900838,0.0,0,0.0,0.007948013145837688,,-0.013123830689421474
h0.5_B0,ACDF,P0,5,0.05982427793881021,0.09999422923427305,0.13088029719973746,10.02,5,0.0,0.061035920862430516,,0.13088029719973746
h0.5_B0,ACDF,PA,5,0.013999030850201096,0.03980471755772598,0.04573247122939122,3.3000000000000003,5,0.0,0.015874738502573506,,0.04573247122939122
h0.5_B0,ACDF,PB,5,0.002407273135608196,0.012202235620197954,0.026141500653070627,0.18,5,0.0,0.003921078989471936,,0.026141500653070627
h0.5_B0,ACDF,PC,5,0.007966481958517633,0.028228351964335322,0.047367044798308715,0.22,5,0.0,0.021043733587253456,,0.013429985816965917
h0.5_B0,ACDF,PD,5,0.004185251906444339,0.016694063954585114,0.023213545098578436,0.0,0,0.0,0.009823545107481197,,-0.011885721589772504
h0.5_B1,N0,P0,5,0.018353795996408215,0.025086144195696252,0.043024015943855506,7.84,5,0.0,,,0.043024015943855506
h0.5_B1,N0,PA,5,0.00565169316857375,0.021920590866805638,0.023336752448638014,1.16,5,0.0,,,0.023336752448638014
h0.5_B1,N0,PB,5,0.0063454601266039225,0.03325812616259272,0.045992573455703165,1.26,5,0.0,,,0.045992573455703165
h0.5_B1,N0,PC,5,nan,nan,nan,0.0,0,1.0,,,0.0
h0.5_B1,N0,PD,5,nan,nan,nan,0.0,0,1.0,,,0.0
h0.5_B1,A,P0,5,0.028164940770142092,0.03792447103995861,0.04478098600811092,8.0,5,0.0,,,0.04478098600811092
h0.5_B1,A,PA,5,0.008229806517143888,0.035352017968287644,0.03760173604153514,1.96,5,0.0,,,0.03760173604153514
h0.5_B1,A,PB,5,0.006588200305636546,0.03363569187034696,0.04562646644782993,1.28,5,0.0,,,0.04562646644782993
h0.5_B1,A,PC,5,nan,nan,nan,0.0,0,1.0,,,0.0
h0.5_B1,A,PD,5,nan,nan,nan,0.0,0,1.0,,,0.0
h0.5_B1,C,P0,5,0.06665795381924175,0.10098619899785154,0.13094401493634214,10.02,5,0.0,0.043164358123978105,,0.13094401493634214
h0.5_B1,C,PA,5,0.01106107575129829,0.06105917329269396,0.06961375557524786,2.12,5,0.0,0.02135048344327439,,0.06961375557524786
h0.5_B1,C,PB,5,0.005935729015105966,0.0298156196354585,0.044225903888789796,1.06,5,0.0,0.015660891089042384,,0.044225903888789796
h0.5_B1,C,PC,5,nan,nan,nan,0.0,0,1.0,,,0.0
h0.5_B1,C,PD,5,nan,nan,nan,0.0,0,1.0,,,0.0
h0.5_B1,D,P0,5,0.12462841010585904,0.2952461963336109,0.33006447467564975,9.02,5,0.0,0.027804137575417116,,0.33006447467564975
h0.5_B1,D,PA,5,0.032949274459475646,0.05702104952237185,0.06261175269596587,5.28,5,0.0,0.015779065995668154,,0.06261175269596587
h0.5_B1,D,PB,5,0.03296024849507454,0.05721980312114342,0.06162880452337047,5.68,5,0.0,0.03252153083833845,,0.06162880452337047
h0.5_B1,D,PC,5,nan,nan,nan,0.0,0,1.0,,,0.0
h0.5_B1,D,PD,5,nan,nan,nan,0.0,0,1.0,,,0.0
h0.5_B1,E,P0,5,0.06508094206531917,0.1170825027587539,0.14447278121476995,9.200000000000001,5,0.0,,,0.14447278121476995
h0.5_B1,E,PA,5,0.02496467282205266,0.03690568200581313,0.042936888171225644,8.0,5,0.0,,,0.042936888171225644
h0.5_B1,E,PB,5,0.025592753172174947,0.04123833135601368,0.05530925482211354,8.22,5,0.0,,,0.05530925482211354
h0.5_B1,E,PC,5,nan,nan,nan,0.0,0,1.0,,,0.0
h0.5_B1,E,PD,5,nan,nan,nan,0.0,0,1.0,,,0.0
h0.5_B1,F,P0,5,0.028807352368419588,0.0734420099743144,0.10574464472106478,7.0,5,0.0,0.018209266433914784,,0.10574464472106478
h0.5_B1,F,PA,5,0.011295015900233789,0.03780030237975251,0.04832867384051823,2.2800000000000002,5,0.0,0.015149855485289467,,0.04832867384051823
h0.5_B1,F,PB,5,0.006062476385980718,0.031008903507685946,0.04822248047924821,1.02,5,0.0,0.02679634302236964,,0.04822248047924821
h0.5_B1,F,PC,5,nan,nan,nan,0.0,0,1.0,,,0.0
h0.5_B1,F,PD,5,nan,nan,nan,0.0,0,1.0,,,0.0
h0.5_B1,AC,P0,5,0.06224613236927145,0.09513539256445672,0.130832778634622,10.02,5,0.0,0.056724965388064354,,0.130832778634622
h0.5_B1,AC,PA,5,0.012149833366464215,0.05211461801356385,0.06958720862861333,2.56,5,0.0,0.02203929392527522,,0.06958720862861333
h0.5_B1,AC,PB,5,0.006176876067941824,0.030491740444513974,0.046071989808032766,1.04,5,0.0,0.015263121577748453,,0.046071989808032766
h0.5_B1,AC,PC,5,nan,nan,nan,0.0,0,1.0,,,0.0
h0.5_B1,AC,PD,5,nan,nan,nan,0.0,0,1.0,,,0.0
h0.5_B1,AD,P0,5,0.12877169829506754,0.29758979288750187,0.33228869577068104,9.02,5,0.0,0.017533868000267697,,0.33228869577068104
h0.5_B1,AD,PA,5,0.03290602578204625,0.05706680190546231,0.05872983018027359,5.6000000000000005,5,0.0,0.017897343831253812,,0.05872983018027359
h0.5_B1,AD,PB,5,0.03314685258641394,0.057157904775516175,0.06173725739789089,5.68,5,0.0,0.034745794264977765,,0.06173725739789089
h0.5_B1,AD,PC,5,nan,nan,nan,0.0,0,1.0,,,0.0
h0.5_B1,AD,PD,5,nan,nan,nan,0.0,0,1.0,,,0.0
h0.5_B1,CDF,P0,5,0.06033888134629508,0.1013831360974546,0.13095875832754625,10.02,5,0.0,0.0579221733160412,,0.13095875832754625
h0.5_B1,CDF,PA,5,0.021352249328321304,0.06074115602989368,0.069849279142886,4.26,5,0.0,0.018790687117821767,,0.069849279142886
h0.5_B1,CDF,PB,5,0.005601177646641179,0.025159952582177538,0.04734755958182046,0.8,5,0.0,0.021185112176238304,,0.04734755958182046
h0.5_B1,CDF,PC,5,nan,nan,nan,0.0,0,1.0,,,0.0
h0.5_B1,CDF,PD,5,nan,nan,nan,0.0,0,1.0,,,0.0
h0.5_B1,ACDF,P0,5,0.05982427793881021,0.09999422923427305,0.13088029719973746,10.02,5,0.0,0.061035920862430516,,0.13088029719973746
h0.5_B1,ACDF,PA,5,0.021258485996916123,0.05300836701174596,0.06869988281100074,4.46,5,0.0,0.022555029581014168,,0.06869988281100074
h0.5_B1,ACDF,PB,5,0.006630732320540409,0.028942836298936736,0.049595922145938505,0.86,5,0.0,0.01952053977149104,,0.049595922145938505
h0.5_B1,ACDF,PC,5,nan,nan,nan,0.0,0,1.0,,,0.0
h0.5_B1,ACDF,PD,5,nan,nan,nan,0.0,0,1.0,,,0.0
h0.5_B2,N0,P0,5,0.018353795996408215,0.025086144195696252,0.043024015943855506,7.84,5,0.0,,0.020378907975257095,0.043024015943855506
h0.5_B2,N0,PA,5,0.004900435249665044,0.02161675694458344,0.02397296394461844,1.04,5,0.0,,0.021569142855574673,0.02397296394461844
h0.5_B2,N0,PB,5,0.008083348519460078,0.05768586969964618,0.09889469478730153,1.04,5,0.0,,0.059048366278585576,0.09889469478730153
h0.5_B2,N0,PC,5,0.008795468035875482,0.03348477054812937,0.05829624134743027,0.42,5,0.07984031936127745,,0.027259171238467612,0.024359182366087473
h0.5_B2,N0,PD,5,0.0033823109749595986,0.017468736099266535,0.02157889222430554,0.0,0,0.07984031936127745,,0.019861427041739238,-0.012358166757037256
h0.5_B2,A,P0,5,0.028164940770142092,0.03792447103995861,0.04478098600811092,8.0,5,0.0,,0.0338895715562726,0.04478098600811092
h0.5_B2,A,PA,5,0.006765281845842676,0.03398558235804843,0.035578817454909095,1.54,5,0.0,,0.033969662528803075,0.035578817454909095
h0.5_B2,A,PB,5,0.006812215155916466,0.0450416077498621,0.08518842291150745,0.9,5,0.0,,0.04619556737911738,0.08518842291150745
h0.5_B2,A,PC,5,0.008693907947526868,0.0334136215443407,0.04703438078156985,0.46,5,0.07984031936127745,,0.01522746644234527,0.013097321800227053
h0.5_B2,A,PD,5,0.0036386945040465454,0.019555380720786122,0.022186868521155985,0.0,0,0.07984031936127745,,0.01871442776728203,-0.011750190460186813
h0.5_B2,C,P0,5,0.06665795381924175,0.10098619899785154,0.13094401493634214,10.02,5,0.0,0.043164358123978105,0.06887559277051437,0.13094401493634214
h0.5_B2,C,PA,5,0.008800887890326936,0.04295469206166047,0.04524196541315445,2.18,5,0.0,0.02094558846755723,0.02170453928756422,0.04524196541315445
h0.5_B2,C,PB,5,0.007654322708730165,0.058412315323352594,0.0979636707143795,1.02,5,0.0,0.00225190680958111,0.05870235790880399,0.0979636707143795
h0.5_B2,C,PC,5,0.008141358454660847,0.02946183473010635,0.0476330438611007,0.22,5,0.07984031936127745,0.01880622996931221,0.02706486029748032,0.0136959848797579
h0.5_B2,C,PD,5,0.0032547808963141653,0.015776314789384505,0.021901915336885524,0.0,0,0.07984031936127745,0.008139663385134416,0.019835310039686693,-0.013313335962746909
h0.5_B2,D,P0,5,0.12462841010585904,0.2952461963336109,0.33006447467564975,9.02,5,0.0,0.027804137575417116,0.04575954767197019,0.33006447467564975
h0.5_B2,D,PA,5,0.024259536911604172,0.06958186364503159,0.10417342891834312,5.1000000000000005,5,0.0,0.014119030811173347,0.07027958960731107,0.10417342891834312
h0.5_B2,D,PB,5,0.016209185549912672,0.038162978321805506,0.0449814633173605,4.1,5,0.0,0.014547103401512503,0.0011422732324696992,0.0449814633173605
h0.5_B2,D,PC,5,0.004417029491168875,0.027052380778749448,0.050242967067255256,0.24,4,0.07984031936127745,0.021168746115434407,0.0005332979665124016,0.011550650047620813
h0.5_B2,D,PD,5,0.019156103827823026,0.038846901164081106,0.04743324116680357,0.0,0,0.07984031936127745,0.014056770426920459,0.04119517790673958,-0.013789300591788518
h0.5_B2,E,P0,5,0.06508094206531917,0.1170825027587539,0.14447278121476995,9.200000000000001,5,0.0,,0.057087602173086144,0.14447278121476995
h0.5_B2,E,PA,5,0.018668057533707358,0.04658491258571695,0.06368527964360743,2.2600000000000002,5,0.0,,0.04698078509104664,0.06368527964360743
h0.5_B2,E,PB,5,0.016640254551829922,0.03240714881790342,0.05517226953331788,1.56,5,0.0,,0.03293568233201862,0.05517226953331788
h0.5_B2,E,PC,5,0.004723624314905599,0.01831241773013372,0.02870315187150326,0.0,0,0.07984031936127745,,0.015024833561807829,-0.005233907109839536
h0.5_B2,E,PD,5,0.01587291499878491,0.02602163117471435,0.03480203500970271,0.02,0,0.07984031936127745,,0.0315353767713221,0.000864976028359915
h0.5_B2,F,P0,5,0.028807352368419588,0.0734420099743144,0.10574464472106478,7.0,5,0.0,0.018209266433914784,0.01663912143011744,0.10574464472106478
h0.5_B2,F,PA,5,0.008416849486328067,0.0255367286235904,0.03418378824210201,1.2,5,0.0,0.018312551509464217,0.01677293659610145,0.03418378824210201
h0.5_B2,F,PB,5,0.008194488672112282,0.06369035354549848,0.10736445378869251,1.04,5,0.0,0.04404773652935832,0.06415349499817538,0.10736445378869251
h0.5_B2,F,PC,5,0.008110156615609876,0.02938250235558255,0.04665519542218256,0.28,5,0.07984031936127745,0.0297055298245944,0.02881656902459883,0.012718136440839765
h0.5_B2,F,PD,5,0.003732710739492208,0.019196754157797227,0.03140179341738167,0.0,0,0.07984031936127745,0.022435647599040952,0.02242346386183235,-0.010675433876023394
h0.5_B2,AC,P0,5,0.06224613236927145,0.09513539256445672,0.130832778634622,10.02,5,0.0,0.056724965388064354,0.056004680532162766,0.130832778634622
h0.5_B2,AC,PA,5,0.009928888265647225,0.03988466433964886,0.04592848207815641,2.34,5,0.0,0.020952159741002334,0.03478388665816845,0.04592848207815641
h0.5_B2,AC,PB,5,0.006364277484203,0.044792111148259234,0.0840749510251305,0.84,5,0.0,0.0022681030697555473,0.045757925317669,0.0840749510251305
h0.5_B2,AC,PC,5,0.008022390348181148,0.027056096235467786,0.04821246387759967,0.24,5,0.07984031936127745,0.018719212742651613,0.014846086387843844,0.014275404896256873
h0.5_B2,AC,PD,5,0.0035994806785182645,0.019336761983243102,0.022654412235526552,0.0,0,0.07984031936127745,0.0084587817728774,0.020102440210104676,-0.011282646745816246
h0.5_B2,AD,P0,5,0.12877169829506754,0.29758979288750187,0.33228869577068104,9.02,5,0.0,0.017533868000267697,0.05226365877838728,0.33228869577068104
h0.5_B2,AD,PA,5,0.02449269971714844,0.06985368035997101,0.1044604329214526,5.26,5,0.0,0.008994854037400052,0.070548411348436,0.1044604329214526
h0.5_B2,AD,PB,5,0.0170454568239219,0.03808874117844569,0.04432495226969965,4.28,5,0.0,0.01372477618629719,0.0008734508379398048,0.04432495226969965
h0.5_B2,AD,PC,5,0.004723773690418657,0.027247934748812996,0.0493776349403451,0.24,4,0.07984031936127745,0.018461615031688625,0.00029570781738746986,0.0154405759590023
h0.5_B2,AD,PD,5,0.019415034064573865,0.036061736988844205,0.04015697066975879,0.0,0,0.07984031936127745,0.006595340346393602,0.030118109827268418,-0.012044703278977463
h0.5_B2,CDF,P0,5,0.06033888134629508,0.1013831360974546,0.13095875832754625,10.02,5,0.0,0.0579221733160412,0.0752531642378424,0.13095875832754625
h0.5_B2,CDF,PA,5,0.015272120759148262,0.043192227714778986,0.045468996422044924,3.2800000000000002,5,0.0,0.019346507609858392,0.015500039446440173,0.045468996422044924
h0.5_B2,CDF,PB,5,0.007774608857212229,0.06290531622877595,0.10648034133344161,1.04,5,0.0,0.023037427995466334,0.06418101859877147,0.10648034133344161
h0.5_B2,CDF,PC,5,0.007224847442294576,0.026897113588379852,0.04301535825447633,0.12,3,0.07984031936127745,0.02218937082263143,0.02946652407162772,0.009078299273133535
h0.5_B2,CDF,PD,5,0.0035914224374051754,0.01805756864660197,0.03424858130900838,0.0,0,0.07984031936127745,0.01183927468031517,0.02117948940741284,-0.013123830689421474
h0.5_B2,ACDF,P0,5,0.05982427793881021,0.09999422923427305,0.13088029719973746,10.02,5,0.0,0.061035920862430516,0.06780729994810564,0.13088029719973746
h0.5_B2,ACDF,PA,5,0.015563565994964019,0.03980471755772598,0.04573247122939122,4.18,5,0.0,0.023221462064297593,0.023237072264867088,0.04573247122939122
h0.5_B2,ACDF,PB,5,0.007725146672139877,0.05612477448630733,0.09975971164581596,1.12,5,0.0,0.019458244474437506,0.056878719407451636,0.09975971164581596
h0.5_B2,ACDF,PC,5,0.007586077213501232,0.026361698400802647,0.047367044798308715,0.22,5,0.07984031936127745,0.020856693884782933,0.02248072806709684,0.013429985816965917
h0.5_B2,ACDF,PD,5,0.004288079691982594,0.019026569982449313,0.02325266097193558,0.0,0,0.07984031936127745,0.011873784580023881,0.021661001842891974,-0.011885721589772504
