timestamp=2026-08-26T20:00:31+09:00
revision=eca75cbf559f09ff793d8993338b2f1ffed1adfd
test_ids=R4_HANDOFF,TEST_ONLY_MINIMAL_FIX
trials=5 observation_sec=10 goal_duration_sec=32
[HORUS 1/3] Fixed-source Jazzy build
Summary: 4 packages finished [25.9s]
[HORUS 2/3] Loopback-only bridge and backend
Connection to 127.0.0.1 11000 port [tcp/*] succeeded!
Connection to 127.0.0.1 11001 port [tcp/*] succeeded!
Connection to 127.0.0.1 11000 port [tcp/*] succeeded!
Connection to 127.0.0.1 11001 port [tcp/*] succeeded!
[HORUS 3/3] Runtime probe: horus_long_action_probe.py --suite handoff --trials 5 --observation-sec 10 --goal-duration-sec 32 --lease-ttl-ms 1200
[WARN] [1787742287.425490694] [rcl]: ROS_LOCALHOST_ONLY is deprecated but still honored if it is enabled. Use ROS_AUTOMATIC_DISCOVERY_RANGE and ROS_STATIC_PEERS instead.
[WARN] [1787742287.425499309] [rcl]: 'localhost_only' is enabled, 'automatic_discovery_range' and 'static_peers' will be ignored.
[HORUS long probe] R4_HANDOFF trial 1/5
[HORUS long probe] R4_HANDOFF trial 2/5
[HORUS long probe] R4_HANDOFF trial 3/5
[HORUS long probe] R4_HANDOFF trial 4/5
[HORUS long probe] R4_HANDOFF trial 5/5
HORUS_LONG_ACTION_JSON_BEGIN
{
  "actual_path": [
    "HorusLink client",
    "unmodified/test-variant HORUS bridge",
    "HORUS backend Nav2ActionAdapter",
    "dummy NavigateToPose action server"
  ],
  "aggregate": {
    "R4_HANDOFF": {
      "cancel_requests_at_measurement_end": 0,
      "max_simultaneous_active_goals": 2,
      "outcomes": {
        "A_AND_B_SIMULTANEOUSLY_ACTIVE": 5
      },
      "trials_complete": 5,
      "trials_error": 0,
      "trials_requested": 5
    }
  },
  "cases": [
    "R4_HANDOFF"
  ],
  "completed_at": {
    "monotonic_s": 180757.11626,
    "wall_utc": "2026-08-26T11:05:48.609Z"
  },
  "configuration": {
    "checkpoints_s": [
      0.5,
      1.0,
      3.0,
      5.0,
      10.0
    ],
    "feedback_period_s": 0.25,
    "goal_duration_s": 32.0,
    "lease_ttl_ms_expected": 1200,
    "network_scope": "bridge/backend expected on container loopback; parent runner enforces --network none",
    "observation_s": 10.0,
    "physical_robot": false,
    "revocation_delay_s": 2.0,
    "simulated_speed_mps": 0.1,
    "trials_per_case": 5
  },
  "duration_s": 61.187202,
  "interpretation_guardrails": [
    "simulated distance is a constant-speed software model, not physical movement",
    "dummy action server concurrency is not a claim about a stock Nav2 controller",
    "fix selectivity is patch correctness testing, not attack evidence"
  ],
  "measurement_valid": true,
  "probe": "horus_long_action_probe.py",
  "probe_pass": true,
  "revision": "eca75cbf559f09ff793d8993338b2f1ffed1adfd",
  "robot_registration": {
    "action_topic": "/robot1/navigate_to_pose",
    "cancel_topic": "/robot1/goal_cancel",
    "goal_topic": "/robot1/goal_pose",
    "robot_id": "robot1_1787742287728",
    "success": true
  },
  "robot_unregistration": {
    "completed_at": {
      "monotonic_s": 180757.116155,
      "wall_utc": "2026-08-26T11:05:48.609Z"
    },
    "robot_id": "robot1_1787742287728",
    "sent_at": {
      "monotonic_s": 180757.090967,
      "wall_utc": "2026-08-26T11:05:48.584Z"
    },
    "success": true
  },
  "runtime_label": "fixed-unmodified",
  "schema": "horus-long-action-probe/v1",
  "second_action_type": {
    "classification": "NAV2_ADAPTER_SPECIFIC_LIMITATION",
    "reason": "the fixed public HORUS backend exposes Nav2ActionAdapter only; inventing a new vulnerable adapter would violate the actual-backend-path requirement",
    "source_evidence": [
      "horus_backend/src/nav2_action_adapter.cpp",
      "horus_backend/include/horus_backend/nav2_action_adapter.hpp"
    ],
    "status": "NOT_RUN"
  },
  "started_at": {
    "monotonic_s": 180695.929058,
    "wall_utc": "2026-08-26T11:04:47.422Z"
  },
  "suite": "handoff",
  "trials": [
    {
      "a_cancel_request_count": 0,
      "a_goal_preempted": false,
      "a_goal_state_at_observation_end": "EXECUTING",
      "b_cancel_request_count": 0,
      "b_goal_accepted": true,
      "b_goal_accepted_at": {
        "monotonic_s": 180698.396433,
        "wall_utc": "2026-08-26T11:04:49.890Z"
      },
      "b_goal_id": "e957a70c5889eb4932b680f725e6951f",
      "b_goal_publish_sent_at": {
        "monotonic_s": 180698.380075,
        "wall_utc": "2026-08-26T11:04:49.873Z"
      },
      "b_goal_state_at_observation_end": "EXECUTING",
      "b_lease_acquire_event": {
        "payload": {
          "event": "lease_granted",
          "holder_app_id": "long-probe-B",
          "lease_ttl_ms": 1200,
          "lease_version": 10,
          "leases": [
            {
              "acquired_at_ms": 180698354,
              "holder_app_id": "long-probe-B",
              "holder_role": "operator",
              "last_heartbeat_ms": 180698354,
              "lease_version": 10,
              "panel_open": true,
              "robot_name": "robot1",
              "session_id": "R4_HANDOFF-T01-session-B",
              "task_active": true,
              "task_kind": "navigation",
              "teleop_active": true
            }
          ],
          "request_id": "R4_HANDOFF-T01-B-acquire",
          "robot_name": "robot1",
          "session_id": "R4_HANDOFF-T01-session-B"
        },
        "received_at": {
          "monotonic_s": 180698.354569,
          "wall_utc": "2026-08-26T11:04:49.848Z"
        }
      },
      "b_lease_acquire_sent_at": {
        "monotonic_s": 180698.353971,
        "wall_utc": "2026-08-26T11:04:49.847Z"
      },
      "cancel_goal_ids": [],
      "cancel_request_count_at_measurement_end": 0,
      "checkpoints": [
        {
          "active_goal_count": 2,
          "active_goal_ids": [
            "af6dd94ae1b82b4e7e3acc714053df35",
            "e957a70c5889eb4932b680f725e6951f"
          ],
          "goals": {
            "af6dd94ae1b82b4e7e3acc714053df35": {
              "cancel_request_count": 0,
              "feedback_count": 9,
              "goal_id": "af6dd94ae1b82b4e7e3acc714053df35",
              "last_feedback_navigation_s": 2.25802,
              "last_feedback_simulated_progress_m": 0.225802,
              "state": "EXECUTING",
              "target_marker_x": 50.01,
              "terminal_at": null
            },
            "e957a70c5889eb4932b680f725e6951f": {
              "cancel_request_count": 0,
              "feedback_count": 2,
              "goal_id": "e957a70c5889eb4932b680f725e6951f",
              "last_feedback_navigation_s": 0.281076,
              "last_feedback_simulated_progress_m": 0.028108,
              "state": "EXECUTING",
              "target_marker_x": 60.01,
              "terminal_at": null
            }
          },
          "lease_state": {
            "event": "lease_updated",
            "holder_app_id": "long-probe-B",
            "lease_ttl_ms": 1200,
            "lease_version": 13,
            "leases": [
              {
                "acquired_at_ms": 180698354,
                "holder_app_id": "long-probe-B",
                "holder_role": "operator",
                "last_heartbeat_ms": 180698729,
                "lease_version": 13,
                "panel_open": true,
                "robot_name": "robot1",
                "session_id": "R4_HANDOFF-T01-session-B",
                "task_active": true,
                "task_kind": "navigation",
                "teleop_active": true
              }
            ],
            "request_id": "R4_HANDOFF-T01-B-hb-11",
            "robot_name": "robot1",
            "session_id": "R4_HANDOFF-T01-session-B"
          },
          "observed_at": {
            "monotonic_s": 180698.830012,
            "wall_utc": "2026-08-26T11:04:50.323Z"
          },
          "observed_offset_s": 0.500637,
          "scheduled_offset_s": 0.5
        },
        {
          "active_goal_count": 2,
          "active_goal_ids": [
            "af6dd94ae1b82b4e7e3acc714053df35",
            "e957a70c5889eb4932b680f725e6951f"
          ],
          "goals": {
            "af6dd94ae1b82b4e7e3acc714053df35": {
              "cancel_request_count": 0,
              "feedback_count": 11,
              "goal_id": "af6dd94ae1b82b4e7e3acc714053df35",
              "last_feedback_navigation_s": 2.820293,
              "last_feedback_simulated_progress_m": 0.282029,
              "state": "EXECUTING",
              "target_marker_x": 50.01,
              "terminal_at": null
            },
            "e957a70c5889eb4932b680f725e6951f": {
              "cancel_request_count": 0,
              "feedback_count": 4,
              "goal_id": "e957a70c5889eb4932b680f725e6951f",
              "last_feedback_navigation_s": 0.845248,
              "last_feedback_simulated_progress_m": 0.084525,
              "state": "EXECUTING",
              "target_marker_x": 60.01,
              "terminal_at": null
            }
          },
          "lease_state": {
            "event": "lease_updated",
            "holder_app_id": "long-probe-B",
            "lease_ttl_ms": 1200,
            "lease_version": 15,
            "leases": [
              {
                "acquired_at_ms": 180698354,
                "holder_app_id": "long-probe-B",
                "holder_role": "operator",
                "last_heartbeat_ms": 180699153,
                "lease_version": 15,
                "panel_open": true,
                "robot_name": "robot1",
                "session_id": "R4_HANDOFF-T01-session-B",
                "task_active": true,
                "task_kind": "navigation",
                "teleop_active": true
              }
            ],
            "request_id": "R4_HANDOFF-T01-B-hb-13",
            "robot_name": "robot1",
            "session_id": "R4_HANDOFF-T01-session-B"
          },
          "observed_at": {
            "monotonic_s": 180699.329487,
            "wall_utc": "2026-08-26T11:04:50.823Z"
          },
          "observed_offset_s": 1.000112,
          "scheduled_offset_s": 1.0
        },
        {
          "active_goal_count": 2,
          "active_goal_ids": [
            "af6dd94ae1b82b4e7e3acc714053df35",
            "e957a70c5889eb4932b680f725e6951f"
          ],
          "goals": {
            "af6dd94ae1b82b4e7e3acc714053df35": {
              "cancel_request_count": 0,
              "feedback_count": 18,
              "goal_id": "af6dd94ae1b82b4e7e3acc714053df35",
              "last_feedback_navigation_s": 4.793795,
              "last_feedback_simulated_progress_m": 0.479379,
              "state": "EXECUTING",
              "target_marker_x": 50.01,
              "terminal_at": null
            },
            "e957a70c5889eb4932b680f725e6951f": {
              "cancel_request_count": 0,
              "feedback_count": 11,
              "goal_id": "e957a70c5889eb4932b680f725e6951f",
              "last_feedback_navigation_s": 2.819483,
              "last_feedback_simulated_progress_m": 0.281948,
              "state": "EXECUTING",
              "target_marker_x": 60.01,
              "terminal_at": null
            }
          },
          "lease_state": {
            "event": "lease_updated",
            "holder_app_id": "long-probe-B",
            "lease_ttl_ms": 1200,
            "lease_version": 22,
            "leases": [
              {
                "acquired_at_ms": 180698354,
                "holder_app_id": "long-probe-B",
                "holder_role": "operator",
                "last_heartbeat_ms": 180701257,
                "lease_version": 22,
                "panel_open": true,
                "robot_name": "robot1",
                "session_id": "R4_HANDOFF-T01-session-B",
                "task_active": true,
                "task_kind": "navigation",
                "teleop_active": true
              }
            ],
            "request_id": "R4_HANDOFF-T01-B-hb-20",
            "robot_name": "robot1",
            "session_id": "R4_HANDOFF-T01-session-B"
          },
          "observed_at": {
            "monotonic_s": 180701.329435,
            "wall_utc": "2026-08-26T11:04:52.823Z"
          },
          "observed_offset_s": 3.00006,
          "scheduled_offset_s": 3.0
        },
        {
          "active_goal_count": 2,
          "active_goal_ids": [
            "af6dd94ae1b82b4e7e3acc714053df35",
            "e957a70c5889eb4932b680f725e6951f"
          ],
          "goals": {
            "af6dd94ae1b82b4e7e3acc714053df35": {
              "cancel_request_count": 0,
              "feedback_count": 25,
              "goal_id": "af6dd94ae1b82b4e7e3acc714053df35",
              "last_feedback_navigation_s": 6.771032,
              "last_feedback_simulated_progress_m": 0.677103,
              "state": "EXECUTING",
              "target_marker_x": 50.01,
              "terminal_at": null
            },
            "e957a70c5889eb4932b680f725e6951f": {
              "cancel_request_count": 0,
              "feedback_count": 18,
              "goal_id": "e957a70c5889eb4932b680f725e6951f",
              "last_feedback_navigation_s": 4.794555,
              "last_feedback_simulated_progress_m": 0.479455,
              "state": "EXECUTING",
              "target_marker_x": 60.01,
              "terminal_at": null
            }
          },
          "lease_state": {
            "event": "lease_updated",
            "holder_app_id": "long-probe-B",
            "lease_ttl_ms": 1200,
            "lease_version": 29,
            "leases": [
              {
                "acquired_at_ms": 180698354,
                "holder_app_id": "long-probe-B",
                "holder_role": "operator",
                "last_heartbeat_ms": 180703262,
                "lease_version": 29,
                "panel_open": true,
                "robot_name": "robot1",
                "session_id": "R4_HANDOFF-T01-session-B",
                "task_active": true,
                "task_kind": "navigation",
                "teleop_active": true
              }
            ],
            "request_id": "R4_HANDOFF-T01-B-hb-27",
            "robot_name": "robot1",
            "session_id": "R4_HANDOFF-T01-session-B"
          },
          "observed_at": {
            "monotonic_s": 180703.330029,
            "wall_utc": "2026-08-26T11:04:54.823Z"
          },
          "observed_offset_s": 5.000654,
          "scheduled_offset_s": 5.0
        },
        {
          "active_goal_count": 2,
          "active_goal_ids": [
            "af6dd94ae1b82b4e7e3acc714053df35",
            "e957a70c5889eb4932b680f725e6951f"
          ],
          "goals": {
            "af6dd94ae1b82b4e7e3acc714053df35": {
              "cancel_request_count": 0,
              "feedback_count": 43,
              "goal_id": "af6dd94ae1b82b4e7e3acc714053df35",
              "last_feedback_navigation_s": 11.871005,
              "last_feedback_simulated_progress_m": 1.187101,
              "state": "EXECUTING",
              "target_marker_x": 50.01,
              "terminal_at": null
            },
            "e957a70c5889eb4932b680f725e6951f": {
              "cancel_request_count": 0,
              "feedback_count": 36,
              "goal_id": "e957a70c5889eb4932b680f725e6951f",
              "last_feedback_navigation_s": 9.861476,
              "last_feedback_simulated_progress_m": 0.986148,
              "state": "EXECUTING",
              "target_marker_x": 60.01,
              "terminal_at": null
            }
          },
          "lease_state": {
            "event": "lease_updated",
            "holder_app_id": "long-probe-B",
            "lease_ttl_ms": 1200,
            "lease_version": 45,
            "leases": [
              {
                "acquired_at_ms": 180698354,
                "holder_app_id": "long-probe-B",
                "holder_role": "operator",
                "last_heartbeat_ms": 180708159,
                "lease_version": 45,
                "panel_open": true,
                "robot_name": "robot1",
                "session_id": "R4_HANDOFF-T01-session-B",
                "task_active": true,
                "task_kind": "navigation",
                "teleop_active": true
              }
            ],
            "request_id": "R4_HANDOFF-T01-B-hb-43",
            "robot_name": "robot1",
            "session_id": "R4_HANDOFF-T01-session-B"
          },
          "observed_at": {
            "monotonic_s": 180708.330018,
            "wall_utc": "2026-08-26T11:04:59.823Z"
          },
          "observed_offset_s": 10.000643,
          "scheduled_offset_s": 10.0
        }
      ],
      "cleanup": {
        "active_goal_ids_after_cleanup": [],
        "clean": true,
        "completed_at": {
          "monotonic_s": 180708.435923,
          "wall_utc": "2026-08-26T11:04:59.929Z"
        },
        "forced_goal_ids": [
          "af6dd94ae1b82b4e7e3acc714053df35",
          "e957a70c5889eb4932b680f725e6951f"
        ],
        "release_or_close_errors": [],
        "started_at": {
          "monotonic_s": 180708.330344,
          "wall_utc": "2026-08-26T11:04:59.824Z"
        },
        "terminal_wait_errors": []
      },
      "concurrency_events": [
        {
          "active_goal_count": 1,
          "active_goal_ids": [
            "af6dd94ae1b82b4e7e3acc714053df35"
          ],
          "at": {
            "monotonic_s": 180696.327782,
            "wall_utc": "2026-08-26T11:04:47.821Z"
          },
          "reason": "goal_accepted"
        },
        {
          "active_goal_count": 1,
          "active_goal_ids": [
            "af6dd94ae1b82b4e7e3acc714053df35"
          ],
          "at": {
            "monotonic_s": 180696.32803,
            "wall_utc": "2026-08-26T11:04:47.821Z"
          },
          "reason": "execute_started"
        },
        {
          "active_goal_count": 2,
          "active_goal_ids": [
            "af6dd94ae1b82b4e7e3acc714053df35",
            "e957a70c5889eb4932b680f725e6951f"
          ],
          "at": {
            "monotonic_s": 180698.39648,
            "wall_utc": "2026-08-26T11:04:49.890Z"
          },
          "reason": "goal_accepted"
        },
        {
          "active_goal_count": 2,
          "active_goal_ids": [
            "af6dd94ae1b82b4e7e3acc714053df35",
            "e957a70c5889eb4932b680f725e6951f"
          ],
          "at": {
            "monotonic_s": 180698.397137,
            "wall_utc": "2026-08-26T11:04:49.890Z"
          },
          "reason": "execute_started"
        }
      ],
      "distance_model": "constant 0.1 m/s; not physical motion",
      "duration_basis": "active_at_observation_end_lower_bound",
      "duration_is_right_censored_lower_bound": true,
      "evidence_fields": {
        "active_goal_count_at_observation_end": 2,
        "b_goal_id": "e957a70c5889eb4932b680f725e6951f",
        "b_goal_status_at_observation_end": "EXECUTING",
        "cancel_goal_ids": [],
        "cancel_request_times": [],
        "cleanup_clean": true,
        "expected": "after A release, B acquires the lease and starts a distinct goal; measure A/B acceptance, overlap, preemption, and cancel IDs",
        "feedback_count_at_observation_end": 43,
        "first_feedback_time": {
          "monotonic_s": 180696.328147,
          "wall_utc": "2026-08-26T11:04:47.821Z"
        },
        "goal_accepted_time": {
          "monotonic_s": 180696.327757,
          "wall_utc": "2026-08-26T11:04:47.821Z"
        },
        "goal_id": "af6dd94ae1b82b4e7e3acc714053df35",
        "goal_state_at_observation_end": "EXECUTING",
        "goal_terminal_state": "ABORTED_BY_TEST_CLEANUP",
        "last_feedback_time_at_observation_end": {
          "monotonic_s": 180708.19929,
          "wall_utc": "2026-08-26T11:04:59.692Z"
        },
        "last_simulated_progress_m_at_observation_end": 1.187101,
        "lease_holder": "A",
        "max_simultaneous_active_goals": 2,
        "observed": "A_AND_B_SIMULTANEOUSLY_ACTIVE",
        "post_revocation_duration_s": 10.000643,
        "revision": "eca75cbf559f09ff793d8993338b2f1ffed1adfd",
        "revocation_time": {
          "monotonic_s": 180698.329375,
          "wall_utc": "2026-08-26T11:04:49.823Z"
        },
        "simulated_additional_distance_m": 1.000064,
        "terminal_time": {
          "monotonic_s": 180708.330992,
          "wall_utc": "2026-08-26T11:04:59.824Z"
        },
        "test_id": "R4_HANDOFF",
        "trial_id": "R4_HANDOFF-T01",
        "verdict": "MEASURED"
      },
      "expected": "after A release, B acquires the lease and starts a distinct goal; measure A/B acceptance, overlap, preemption, and cancel IDs",
      "goal_records_at_measurement_end": {
        "af6dd94ae1b82b4e7e3acc714053df35": {
          "accepted_at": {
            "monotonic_s": 180696.327757,
            "wall_utc": "2026-08-26T11:04:47.821Z"
          },
          "cancel_callbacks": [],
          "execute_started_at": {
            "monotonic_s": 180696.328021,
            "wall_utc": "2026-08-26T11:04:47.821Z"
          },
          "feedback_count": 43,
          "feedback_errors": [],
          "first_feedback_at": {
            "monotonic_s": 180696.328147,
            "wall_utc": "2026-08-26T11:04:47.821Z"
          },
          "goal_id": "af6dd94ae1b82b4e7e3acc714053df35",
          "last_feedback_at": {
            "monotonic_s": 180708.19929,
            "wall_utc": "2026-08-26T11:04:59.692Z"
          },
          "last_feedback_navigation_s": 11.871005,
          "last_feedback_simulated_progress_m": 1.187101,
          "state": "EXECUTING",
          "state_history": [
            {
              "at": {
                "monotonic_s": 180696.327757,
                "wall_utc": "2026-08-26T11:04:47.821Z"
              },
              "state": "ACCEPTED"
            },
            {
              "at": {
                "monotonic_s": 180696.328021,
                "wall_utc": "2026-08-26T11:04:47.821Z"
              },
              "state": "EXECUTING"
            }
          ],
          "target_marker_x": 50.01,
          "terminal_at": null,
          "terminal_reason": null,
          "test_cleanup_requested_at": null
        },
        "e957a70c5889eb4932b680f725e6951f": {
          "accepted_at": {
            "monotonic_s": 180698.396433,
            "wall_utc": "2026-08-26T11:04:49.890Z"
          },
          "cancel_callbacks": [],
          "execute_started_at": {
            "monotonic_s": 180698.397114,
            "wall_utc": "2026-08-26T11:04:49.890Z"
          },
          "feedback_count": 36,
          "feedback_errors": [],
          "first_feedback_at": {
            "monotonic_s": 180698.397362,
            "wall_utc": "2026-08-26T11:04:49.891Z"
          },
          "goal_id": "e957a70c5889eb4932b680f725e6951f",
          "last_feedback_at": {
            "monotonic_s": 180708.258791,
            "wall_utc": "2026-08-26T11:04:59.752Z"
          },
          "last_feedback_navigation_s": 9.861476,
          "last_feedback_simulated_progress_m": 0.986148,
          "state": "EXECUTING",
          "state_history": [
            {
              "at": {
                "monotonic_s": 180698.396433,
                "wall_utc": "2026-08-26T11:04:49.890Z"
              },
              "state": "ACCEPTED"
            },
            {
              "at": {
                "monotonic_s": 180698.397114,
                "wall_utc": "2026-08-26T11:04:49.890Z"
              },
              "state": "EXECUTING"
            }
          ],
          "target_marker_x": 60.01,
          "terminal_at": null,
          "terminal_reason": null,
          "test_cleanup_requested_at": null
        }
      },
      "goal_records_final": {
        "af6dd94ae1b82b4e7e3acc714053df35": {
          "accepted_at": {
            "monotonic_s": 180696.327757,
            "wall_utc": "2026-08-26T11:04:47.821Z"
          },
          "active_duration_s": 12.002971,
          "cancel_callbacks": [],
          "execute_started_at": {
            "monotonic_s": 180696.328021,
            "wall_utc": "2026-08-26T11:04:47.821Z"
          },
          "feedback_count": 43,
          "feedback_errors": [],
          "first_feedback_at": {
            "monotonic_s": 180696.328147,
            "wall_utc": "2026-08-26T11:04:47.821Z"
          },
          "goal_id": "af6dd94ae1b82b4e7e3acc714053df35",
          "last_feedback_at": {
            "monotonic_s": 180708.19929,
            "wall_utc": "2026-08-26T11:04:59.692Z"
          },
          "last_feedback_navigation_s": 11.871005,
          "last_feedback_simulated_progress_m": 1.187101,
          "simulated_distance_at_terminal_m": 1.200297,
          "state": "ABORTED_BY_TEST_CLEANUP",
          "state_history": [
            {
              "at": {
                "monotonic_s": 180696.327757,
                "wall_utc": "2026-08-26T11:04:47.821Z"
              },
              "state": "ACCEPTED"
            },
            {
              "at": {
                "monotonic_s": 180696.328021,
                "wall_utc": "2026-08-26T11:04:47.821Z"
              },
              "state": "EXECUTING"
            },
            {
              "at": {
                "monotonic_s": 180708.330992,
                "wall_utc": "2026-08-26T11:04:59.824Z"
              },
              "reason": "forced_cleanup_after_measurement",
              "state": "ABORTED_BY_TEST_CLEANUP"
            }
          ],
          "target_marker_x": 50.01,
          "terminal_at": {
            "monotonic_s": 180708.330992,
            "wall_utc": "2026-08-26T11:04:59.824Z"
          },
          "terminal_reason": "forced_cleanup_after_measurement",
          "test_cleanup_requested_at": {
            "monotonic_s": 180708.330349,
            "wall_utc": "2026-08-26T11:04:59.824Z"
          }
        },
        "e957a70c5889eb4932b680f725e6951f": {
          "accepted_at": {
            "monotonic_s": 180698.396433,
            "wall_utc": "2026-08-26T11:04:49.890Z"
          },
          "active_duration_s": 9.933408,
          "cancel_callbacks": [],
          "execute_started_at": {
            "monotonic_s": 180698.397114,
            "wall_utc": "2026-08-26T11:04:49.890Z"
          },
          "feedback_count": 36,
          "feedback_errors": [],
          "first_feedback_at": {
            "monotonic_s": 180698.397362,
            "wall_utc": "2026-08-26T11:04:49.891Z"
          },
          "goal_id": "e957a70c5889eb4932b680f725e6951f",
          "last_feedback_at": {
            "monotonic_s": 180708.258791,
            "wall_utc": "2026-08-26T11:04:59.752Z"
          },
          "last_feedback_navigation_s": 9.861476,
          "last_feedback_simulated_progress_m": 0.986148,
          "simulated_distance_at_terminal_m": 0.993341,
          "state": "ABORTED_BY_TEST_CLEANUP",
          "state_history": [
            {
              "at": {
                "monotonic_s": 180698.396433,
                "wall_utc": "2026-08-26T11:04:49.890Z"
              },
              "state": "ACCEPTED"
            },
            {
              "at": {
                "monotonic_s": 180698.397114,
                "wall_utc": "2026-08-26T11:04:49.890Z"
              },
              "state": "EXECUTING"
            },
            {
              "at": {
                "monotonic_s": 180708.330522,
                "wall_utc": "2026-08-26T11:04:59.824Z"
              },
              "reason": "forced_cleanup_after_measurement",
              "state": "ABORTED_BY_TEST_CLEANUP"
            }
          ],
          "target_marker_x": 60.01,
          "terminal_at": {
            "monotonic_s": 180708.330522,
            "wall_utc": "2026-08-26T11:04:59.824Z"
          },
          "terminal_reason": "forced_cleanup_after_measurement",
          "test_cleanup_requested_at": {
            "monotonic_s": 180708.330368,
            "wall_utc": "2026-08-26T11:04:59.824Z"
          }
        }
      },
      "heartbeat_counts": {
        "A": 8,
        "B": 35
      },
      "interpretation_guardrail": "concurrency is in a non-physical dummy action server configured to accept multiple goals; it is not evidence of a physical collision or stock Nav2 controller preemption behavior",
      "lease_holder": "A",
      "max_simultaneous_active_goals": 2,
      "measurement_completed_at": {
        "monotonic_s": 180708.330336,
        "wall_utc": "2026-08-26T11:04:59.823Z"
      },
      "observed": "A_AND_B_SIMULTANEOUSLY_ACTIVE",
      "outcome_class": "A_AND_B_SIMULTANEOUSLY_ACTIVE",
      "path": [
        "HorusLink client",
        "horus_unity_bridge",
        "ROS goal/cancel topic",
        "horus_backend Nav2ActionAdapter",
        "dummy NavigateToPose action server"
      ],
      "post_revocation_active_duration_s": 10.000643,
      "revision": "eca75cbf559f09ff793d8993338b2f1ffed1adfd",
      "revocation_event": {
        "payload": {
          "event": "lease_released",
          "holder_app_id": "long-probe-A",
          "lease_ttl_ms": 1200,
          "lease_version": 9,
          "leases": [],
          "request_id": "R4_HANDOFF-T01-A-release",
          "robot_name": "robot1",
          "session_id": "R4_HANDOFF-T01-session-A"
        },
        "received_at": {
          "monotonic_s": 180698.329375,
          "wall_utc": "2026-08-26T11:04:49.823Z"
        }
      },
      "revocation_event_timestamp": {
        "monotonic_s": 180698.329375,
        "wall_utc": "2026-08-26T11:04:49.823Z"
      },
      "revocation_initiated_at": {
        "monotonic_s": 180698.328732,
        "wall_utc": "2026-08-26T11:04:49.822Z"
      },
      "runtime_label": "fixed-unmodified",
      "setup": {
        "catalog_event": {
          "payload": {
            "event": "snapshot",
            "lease_ttl_ms": 1200,
            "lease_version": 0,
            "leases": [],
            "session_id": "horus-long-action-probe"
          },
          "received_at": {
            "monotonic_s": 180696.273783,
            "wall_utc": "2026-08-26T11:04:47.767Z"
          }
        },
        "fresh_trial_state_verified": true,
        "goal_accepted_at": {
          "monotonic_s": 180696.327757,
          "wall_utc": "2026-08-26T11:04:47.821Z"
        },
        "goal_id": "af6dd94ae1b82b4e7e3acc714053df35",
        "goal_marker_x": 50.01,
        "goal_publish_sent_at": {
          "monotonic_s": 180696.326364,
          "wall_utc": "2026-08-26T11:04:47.820Z"
        },
        "lease_acquire_event": {
          "payload": {
            "event": "lease_granted",
            "holder_app_id": "long-probe-A",
            "lease_ttl_ms": 1200,
            "lease_version": 1,
            "leases": [
              {
                "acquired_at_ms": 180696314,
                "holder_app_id": "long-probe-A",
                "holder_role": "operator",
                "last_heartbeat_ms": 180696314,
                "lease_version": 1,
                "panel_open": true,
                "robot_name": "robot1",
                "session_id": "R4_HANDOFF-T01-session-A",
                "task_active": true,
                "task_kind": "navigation",
                "teleop_active": true
              }
            ],
            "request_id": "R4_HANDOFF-T01-A-acquire",
            "robot_name": "robot1",
            "session_id": "R4_HANDOFF-T01-session-A"
          },
          "received_at": {
            "monotonic_s": 180696.314865,
            "wall_utc": "2026-08-26T11:04:47.808Z"
          }
        },
        "lease_holder": "A",
        "lease_state_after_acquire": [
          {
            "acquired_at_ms": 180696314,
            "holder_app_id": "long-probe-A",
            "holder_role": "operator",
            "last_heartbeat_ms": 180696314,
            "lease_version": 1,
            "panel_open": true,
            "robot_name": "robot1",
            "session_id": "R4_HANDOFF-T01-session-A",
            "task_active": true,
            "task_kind": "navigation",
            "teleop_active": true
          }
        ]
      },
      "simulated_additional_distance_m": 1.000064,
      "started_at": {
        "monotonic_s": 180696.266894,
        "wall_utc": "2026-08-26T11:04:47.760Z"
      },
      "test_id": "R4_HANDOFF",
      "trial_complete": true,
      "trial_id": "R4_HANDOFF-T01",
      "trial_number": 1,
      "verdict": "MEASURED"
    },
    {
      "a_cancel_request_count": 0,
      "a_goal_preempted": false,
      "a_goal_state_at_observation_end": "EXECUTING",
      "b_cancel_request_count": 0,
      "b_goal_accepted": true,
      "b_goal_accepted_at": {
        "monotonic_s": 180710.559263,
        "wall_utc": "2026-08-26T11:05:02.052Z"
      },
      "b_goal_id": "b24789df717393b6206bc956aa37720e",
      "b_goal_publish_sent_at": {
        "monotonic_s": 180710.54132,
        "wall_utc": "2026-08-26T11:05:02.034Z"
      },
      "b_goal_state_at_observation_end": "EXECUTING",
      "b_lease_acquire_event": {
        "payload": {
          "event": "lease_granted",
          "holder_app_id": "long-probe-B",
          "lease_ttl_ms": 1200,
          "lease_version": 55,
          "leases": [
            {
              "acquired_at_ms": 180710516,
              "holder_app_id": "long-probe-B",
              "holder_role": "operator",
              "last_heartbeat_ms": 180710516,
              "lease_version": 55,
              "panel_open": true,
              "robot_name": "robot1",
              "session_id": "R4_HANDOFF-T02-session-B",
              "task_active": true,
              "task_kind": "navigation",
              "teleop_active": true
            }
          ],
          "request_id": "R4_HANDOFF-T02-B-acquire",
          "robot_name": "robot1",
          "session_id": "R4_HANDOFF-T02-session-B"
        },
        "received_at": {
          "monotonic_s": 180710.516637,
          "wall_utc": "2026-08-26T11:05:02.010Z"
        }
      },
      "b_lease_acquire_sent_at": {
        "monotonic_s": 180710.51591,
        "wall_utc": "2026-08-26T11:05:02.009Z"
      },
      "cancel_goal_ids": [],
      "cancel_request_count_at_measurement_end": 0,
      "checkpoints": [
        {
          "active_goal_count": 2,
          "active_goal_ids": [
            "24cc2f370ae946423aa9e209d8515ca4",
            "b24789df717393b6206bc956aa37720e"
          ],
          "goals": {
            "24cc2f370ae946423aa9e209d8515ca4": {
              "cancel_request_count": 0,
              "feedback_count": 9,
              "goal_id": "24cc2f370ae946423aa9e209d8515ca4",
              "last_feedback_navigation_s": 2.258043,
              "last_feedback_simulated_progress_m": 0.225804,
              "state": "EXECUTING",
              "target_marker_x": 50.02,
              "terminal_at": null
            },
            "b24789df717393b6206bc956aa37720e": {
              "cancel_request_count": 0,
              "feedback_count": 2,
              "goal_id": "b24789df717393b6206bc956aa37720e",
              "last_feedback_navigation_s": 0.282765,
              "last_feedback_simulated_progress_m": 0.028276,
              "state": "EXECUTING",
              "target_marker_x": 60.02,
              "terminal_at": null
            }
          },
          "lease_state": {
            "event": "lease_updated",
            "holder_app_id": "long-probe-B",
            "lease_ttl_ms": 1200,
            "lease_version": 58,
            "leases": [
              {
                "acquired_at_ms": 180710516,
                "holder_app_id": "long-probe-B",
                "holder_role": "operator",
                "last_heartbeat_ms": 180710891,
                "lease_version": 58,
                "panel_open": true,
                "robot_name": "robot1",
                "session_id": "R4_HANDOFF-T02-session-B",
                "task_active": true,
                "task_kind": "navigation",
                "teleop_active": true
              }
            ],
            "request_id": "R4_HANDOFF-T02-B-hb-11",
            "robot_name": "robot1",
            "session_id": "R4_HANDOFF-T02-session-B"
          },
          "observed_at": {
            "monotonic_s": 180710.991435,
            "wall_utc": "2026-08-26T11:05:02.485Z"
          },
          "observed_offset_s": 0.500072,
          "scheduled_offset_s": 0.5
        },
        {
          "active_goal_count": 2,
          "active_goal_ids": [
            "24cc2f370ae946423aa9e209d8515ca4",
            "b24789df717393b6206bc956aa37720e"
          ],
          "goals": {
            "24cc2f370ae946423aa9e209d8515ca4": {
              "cancel_request_count": 0,
              "feedback_count": 11,
              "goal_id": "24cc2f370ae946423aa9e209d8515ca4",
              "last_feedback_navigation_s": 2.820435,
              "last_feedback_simulated_progress_m": 0.282044,
              "state": "EXECUTING",
              "target_marker_x": 50.02,
              "terminal_at": null
            },
            "b24789df717393b6206bc956aa37720e": {
              "cancel_request_count": 0,
              "feedback_count": 4,
              "goal_id": "b24789df717393b6206bc956aa37720e",
              "last_feedback_navigation_s": 0.847224,
              "last_feedback_simulated_progress_m": 0.084722,
              "state": "EXECUTING",
              "target_marker_x": 60.02,
              "terminal_at": null
            }
          },
          "lease_state": {
            "event": "lease_updated",
            "holder_app_id": "long-probe-B",
            "lease_ttl_ms": 1200,
            "lease_version": 60,
            "leases": [
              {
                "acquired_at_ms": 180710516,
                "holder_app_id": "long-probe-B",
                "holder_role": "operator",
                "last_heartbeat_ms": 180711312,
                "lease_version": 60,
                "panel_open": true,
                "robot_name": "robot1",
                "session_id": "R4_HANDOFF-T02-session-B",
                "task_active": true,
                "task_kind": "navigation",
                "teleop_active": true
              }
            ],
            "request_id": "R4_HANDOFF-T02-B-hb-13",
            "robot_name": "robot1",
            "session_id": "R4_HANDOFF-T02-session-B"
          },
          "observed_at": {
            "monotonic_s": 180711.491422,
            "wall_utc": "2026-08-26T11:05:02.985Z"
          },
          "observed_offset_s": 1.000059,
          "scheduled_offset_s": 1.0
        },
        {
          "active_goal_count": 2,
          "active_goal_ids": [
            "24cc2f370ae946423aa9e209d8515ca4",
            "b24789df717393b6206bc956aa37720e"
          ],
          "goals": {
            "24cc2f370ae946423aa9e209d8515ca4": {
              "cancel_request_count": 0,
              "feedback_count": 18,
              "goal_id": "24cc2f370ae946423aa9e209d8515ca4",
              "last_feedback_navigation_s": 4.803454,
              "last_feedback_simulated_progress_m": 0.480345,
              "state": "EXECUTING",
              "target_marker_x": 50.02,
              "terminal_at": null
            },
            "b24789df717393b6206bc956aa37720e": {
              "cancel_request_count": 0,
              "feedback_count": 11,
              "goal_id": "b24789df717393b6206bc956aa37720e",
              "last_feedback_navigation_s": 2.820785,
              "last_feedback_simulated_progress_m": 0.282078,
              "state": "EXECUTING",
              "target_marker_x": 60.02,
              "terminal_at": null
            }
          },
          "lease_state": {
            "event": "lease_updated",
            "holder_app_id": "long-probe-B",
            "lease_ttl_ms": 1200,
            "lease_version": 67,
            "leases": [
              {
                "acquired_at_ms": 180710516,
                "holder_app_id": "long-probe-B",
                "holder_role": "operator",
                "last_heartbeat_ms": 180713424,
                "lease_version": 67,
                "panel_open": true,
                "robot_name": "robot1",
                "session_id": "R4_HANDOFF-T02-session-B",
                "task_active": true,
                "task_kind": "navigation",
                "teleop_active": true
              }
            ],
            "request_id": "R4_HANDOFF-T02-B-hb-20",
            "robot_name": "robot1",
            "session_id": "R4_HANDOFF-T02-session-B"
          },
          "observed_at": {
            "monotonic_s": 180713.491432,
            "wall_utc": "2026-08-26T11:05:04.985Z"
          },
          "observed_offset_s": 3.000069,
          "scheduled_offset_s": 3.0
        },
        {
          "active_goal_count": 2,
          "active_goal_ids": [
            "24cc2f370ae946423aa9e209d8515ca4",
            "b24789df717393b6206bc956aa37720e"
          ],
          "goals": {
            "24cc2f370ae946423aa9e209d8515ca4": {
              "cancel_request_count": 0,
              "feedback_count": 25,
              "goal_id": "24cc2f370ae946423aa9e209d8515ca4",
              "last_feedback_navigation_s": 6.782291,
              "last_feedback_simulated_progress_m": 0.678229,
              "state": "EXECUTING",
              "target_marker_x": 50.02,
              "terminal_at": null
            },
            "b24789df717393b6206bc956aa37720e": {
              "cancel_request_count": 0,
              "feedback_count": 18,
              "goal_id": "b24789df717393b6206bc956aa37720e",
              "last_feedback_navigation_s": 4.795105,
              "last_feedback_simulated_progress_m": 0.47951,
              "state": "EXECUTING",
              "target_marker_x": 60.02,
              "terminal_at": null
            }
          },
          "lease_state": {
            "event": "lease_updated",
            "holder_app_id": "long-probe-B",
            "lease_ttl_ms": 1200,
            "lease_version": 74,
            "leases": [
              {
                "acquired_at_ms": 180710516,
                "holder_app_id": "long-probe-B",
                "holder_role": "operator",
                "last_heartbeat_ms": 180715428,
                "lease_version": 74,
                "panel_open": true,
                "robot_name": "robot1",
                "session_id": "R4_HANDOFF-T02-session-B",
                "task_active": true,
                "task_kind": "navigation",
                "teleop_active": true
              }
            ],
            "request_id": "R4_HANDOFF-T02-B-hb-27",
            "robot_name": "robot1",
            "session_id": "R4_HANDOFF-T02-session-B"
          },
          "observed_at": {
            "monotonic_s": 180715.49402,
            "wall_utc": "2026-08-26T11:05:06.987Z"
          },
          "observed_offset_s": 5.002657,
          "scheduled_offset_s": 5.0
        },
        {
          "active_goal_count": 2,
          "active_goal_ids": [
            "24cc2f370ae946423aa9e209d8515ca4",
            "b24789df717393b6206bc956aa37720e"
          ],
          "goals": {
            "24cc2f370ae946423aa9e209d8515ca4": {
              "cancel_request_count": 0,
              "feedback_count": 43,
              "goal_id": "24cc2f370ae946423aa9e209d8515ca4",
              "last_feedback_navigation_s": 11.871834,
              "last_feedback_simulated_progress_m": 1.187183,
              "state": "EXECUTING",
              "target_marker_x": 50.02,
              "terminal_at": null
            },
            "b24789df717393b6206bc956aa37720e": {
              "cancel_request_count": 0,
              "feedback_count": 36,
              "goal_id": "b24789df717393b6206bc956aa37720e",
              "last_feedback_navigation_s": 9.841877,
              "last_feedback_simulated_progress_m": 0.984188,
              "state": "EXECUTING",
              "target_marker_x": 60.02,
              "terminal_at": null
            }
          },
          "lease_state": {
            "event": "lease_updated",
            "holder_app_id": "long-probe-B",
            "lease_ttl_ms": 1200,
            "lease_version": 90,
            "leases": [
              {
                "acquired_at_ms": 180710516,
                "holder_app_id": "long-probe-B",
                "holder_role": "operator",
                "last_heartbeat_ms": 180720339,
                "lease_version": 90,
                "panel_open": true,
                "robot_name": "robot1",
                "session_id": "R4_HANDOFF-T02-session-B",
                "task_active": true,
                "task_kind": "navigation",
                "teleop_active": true
              }
            ],
            "request_id": "R4_HANDOFF-T02-B-hb-43",
            "robot_name": "robot1",
            "session_id": "R4_HANDOFF-T02-session-B"
          },
          "observed_at": {
            "monotonic_s": 180720.491435,
            "wall_utc": "2026-08-26T11:05:11.985Z"
          },
          "observed_offset_s": 10.000072,
          "scheduled_offset_s": 10.0
        }
      ],
      "cleanup": {
        "active_goal_ids_after_cleanup": [],
        "clean": true,
        "completed_at": {
          "monotonic_s": 180720.597401,
          "wall_utc": "2026-08-26T11:05:12.091Z"
        },
        "forced_goal_ids": [
          "24cc2f370ae946423aa9e209d8515ca4",
          "b24789df717393b6206bc956aa37720e"
        ],
        "release_or_close_errors": [],
        "started_at": {
          "monotonic_s": 180720.491649,
          "wall_utc": "2026-08-26T11:05:11.985Z"
        },
        "terminal_wait_errors": []
      },
      "concurrency_events": [
        {
          "active_goal_count": 1,
          "active_goal_ids": [
            "24cc2f370ae946423aa9e209d8515ca4"
          ],
          "at": {
            "monotonic_s": 180708.490535,
            "wall_utc": "2026-08-26T11:04:59.984Z"
          },
          "reason": "goal_accepted"
        },
        {
          "active_goal_count": 1,
          "active_goal_ids": [
            "24cc2f370ae946423aa9e209d8515ca4"
          ],
          "at": {
            "monotonic_s": 180708.491865,
            "wall_utc": "2026-08-26T11:04:59.985Z"
          },
          "reason": "execute_started"
        },
        {
          "active_goal_count": 2,
          "active_goal_ids": [
            "24cc2f370ae946423aa9e209d8515ca4",
            "b24789df717393b6206bc956aa37720e"
          ],
          "at": {
            "monotonic_s": 180710.559287,
            "wall_utc": "2026-08-26T11:05:02.052Z"
          },
          "reason": "goal_accepted"
        },
        {
          "active_goal_count": 2,
          "active_goal_ids": [
            "24cc2f370ae946423aa9e209d8515ca4",
            "b24789df717393b6206bc956aa37720e"
          ],
          "at": {
            "monotonic_s": 180710.55959,
            "wall_utc": "2026-08-26T11:05:02.053Z"
          },
          "reason": "execute_started"
        }
      ],
      "distance_model": "constant 0.1 m/s; not physical motion",
      "duration_basis": "active_at_observation_end_lower_bound",
      "duration_is_right_censored_lower_bound": true,
      "evidence_fields": {
        "active_goal_count_at_observation_end": 2,
        "b_goal_id": "b24789df717393b6206bc956aa37720e",
        "b_goal_status_at_observation_end": "EXECUTING",
        "cancel_goal_ids": [],
        "cancel_request_times": [],
        "cleanup_clean": true,
        "expected": "after A release, B acquires the lease and starts a distinct goal; measure A/B acceptance, overlap, preemption, and cancel IDs",
        "feedback_count_at_observation_end": 43,
        "first_feedback_time": {
          "monotonic_s": 180708.492161,
          "wall_utc": "2026-08-26T11:04:59.985Z"
        },
        "goal_accepted_time": {
          "monotonic_s": 180708.490509,
          "wall_utc": "2026-08-26T11:04:59.984Z"
        },
        "goal_id": "24cc2f370ae946423aa9e209d8515ca4",
        "goal_state_at_observation_end": "EXECUTING",
        "goal_terminal_state": "ABORTED_BY_TEST_CLEANUP",
        "last_feedback_time_at_observation_end": {
          "monotonic_s": 180720.363922,
          "wall_utc": "2026-08-26T11:05:11.857Z"
        },
        "last_simulated_progress_m_at_observation_end": 1.187183,
        "lease_holder": "A",
        "max_simultaneous_active_goals": 2,
        "observed": "A_AND_B_SIMULTANEOUSLY_ACTIVE",
        "post_revocation_duration_s": 10.000072,
        "revision": "eca75cbf559f09ff793d8993338b2f1ffed1adfd",
        "revocation_time": {
          "monotonic_s": 180710.491363,
          "wall_utc": "2026-08-26T11:05:01.985Z"
        },
        "simulated_additional_distance_m": 1.000007,
        "terminal_time": {
          "monotonic_s": 180720.491766,
          "wall_utc": "2026-08-26T11:05:11.985Z"
        },
        "test_id": "R4_HANDOFF",
        "trial_id": "R4_HANDOFF-T02",
        "verdict": "MEASURED"
      },
      "expected": "after A release, B acquires the lease and starts a distinct goal; measure A/B acceptance, overlap, preemption, and cancel IDs",
      "goal_records_at_measurement_end": {
        "24cc2f370ae946423aa9e209d8515ca4": {
          "accepted_at": {
            "monotonic_s": 180708.490509,
            "wall_utc": "2026-08-26T11:04:59.984Z"
          },
          "cancel_callbacks": [],
          "execute_started_at": {
            "monotonic_s": 180708.491831,
            "wall_utc": "2026-08-26T11:04:59.985Z"
          },
          "feedback_count": 43,
          "feedback_errors": [],
          "first_feedback_at": {
            "monotonic_s": 180708.492161,
            "wall_utc": "2026-08-26T11:04:59.985Z"
          },
          "goal_id": "24cc2f370ae946423aa9e209d8515ca4",
          "last_feedback_at": {
            "monotonic_s": 180720.363922,
            "wall_utc": "2026-08-26T11:05:11.857Z"
          },
          "last_feedback_navigation_s": 11.871834,
          "last_feedback_simulated_progress_m": 1.187183,
          "state": "EXECUTING",
          "state_history": [
            {
              "at": {
                "monotonic_s": 180708.490509,
                "wall_utc": "2026-08-26T11:04:59.984Z"
              },
              "state": "ACCEPTED"
            },
            {
              "at": {
                "monotonic_s": 180708.491831,
                "wall_utc": "2026-08-26T11:04:59.985Z"
              },
              "state": "EXECUTING"
            }
          ],
          "target_marker_x": 50.02,
          "terminal_at": null,
          "terminal_reason": null,
          "test_cleanup_requested_at": null
        },
        "b24789df717393b6206bc956aa37720e": {
          "accepted_at": {
            "monotonic_s": 180710.559263,
            "wall_utc": "2026-08-26T11:05:02.052Z"
          },
          "cancel_callbacks": [],
          "execute_started_at": {
            "monotonic_s": 180710.559579,
            "wall_utc": "2026-08-26T11:05:02.053Z"
          },
          "feedback_count": 36,
          "feedback_errors": [],
          "first_feedback_at": {
            "monotonic_s": 180710.559717,
            "wall_utc": "2026-08-26T11:05:02.053Z"
          },
          "goal_id": "b24789df717393b6206bc956aa37720e",
          "last_feedback_at": {
            "monotonic_s": 180720.401743,
            "wall_utc": "2026-08-26T11:05:11.895Z"
          },
          "last_feedback_navigation_s": 9.841877,
          "last_feedback_simulated_progress_m": 0.984188,
          "state": "EXECUTING",
          "state_history": [
            {
              "at": {
                "monotonic_s": 180710.559263,
                "wall_utc": "2026-08-26T11:05:02.052Z"
              },
              "state": "ACCEPTED"
            },
            {
              "at": {
                "monotonic_s": 180710.559579,
                "wall_utc": "2026-08-26T11:05:02.053Z"
              },
              "state": "EXECUTING"
            }
          ],
          "target_marker_x": 60.02,
          "terminal_at": null,
          "terminal_reason": null,
          "test_cleanup_requested_at": null
        }
      },
      "goal_records_final": {
        "24cc2f370ae946423aa9e209d8515ca4": {
          "accepted_at": {
            "monotonic_s": 180708.490509,
            "wall_utc": "2026-08-26T11:04:59.984Z"
          },
          "active_duration_s": 11.999935,
          "cancel_callbacks": [],
          "execute_started_at": {
            "monotonic_s": 180708.491831,
            "wall_utc": "2026-08-26T11:04:59.985Z"
          },
          "feedback_count": 43,
          "feedback_errors": [],
          "first_feedback_at": {
            "monotonic_s": 180708.492161,
            "wall_utc": "2026-08-26T11:04:59.985Z"
          },
          "goal_id": "24cc2f370ae946423aa9e209d8515ca4",
          "last_feedback_at": {
            "monotonic_s": 180720.363922,
            "wall_utc": "2026-08-26T11:05:11.857Z"
          },
          "last_feedback_navigation_s": 11.871834,
          "last_feedback_simulated_progress_m": 1.187183,
          "simulated_distance_at_terminal_m": 1.199994,
          "state": "ABORTED_BY_TEST_CLEANUP",
          "state_history": [
            {
              "at": {
                "monotonic_s": 180708.490509,
                "wall_utc": "2026-08-26T11:04:59.984Z"
              },
              "state": "ACCEPTED"
            },
            {
              "at": {
                "monotonic_s": 180708.491831,
                "wall_utc": "2026-08-26T11:04:59.985Z"
              },
              "state": "EXECUTING"
            },
            {
              "at": {
                "monotonic_s": 180720.491766,
                "wall_utc": "2026-08-26T11:05:11.985Z"
              },
              "reason": "forced_cleanup_after_measurement",
              "state": "ABORTED_BY_TEST_CLEANUP"
            }
          ],
          "target_marker_x": 50.02,
          "terminal_at": {
            "monotonic_s": 180720.491766,
            "wall_utc": "2026-08-26T11:05:11.985Z"
          },
          "terminal_reason": "forced_cleanup_after_measurement",
          "test_cleanup_requested_at": {
            "monotonic_s": 180720.491653,
            "wall_utc": "2026-08-26T11:05:11.985Z"
          }
        },
        "b24789df717393b6206bc956aa37720e": {
          "accepted_at": {
            "monotonic_s": 180710.559263,
            "wall_utc": "2026-08-26T11:05:02.052Z"
          },
          "active_duration_s": 9.932447,
          "cancel_callbacks": [],
          "execute_started_at": {
            "monotonic_s": 180710.559579,
            "wall_utc": "2026-08-26T11:05:02.053Z"
          },
          "feedback_count": 36,
          "feedback_errors": [],
          "first_feedback_at": {
            "monotonic_s": 180710.559717,
            "wall_utc": "2026-08-26T11:05:02.053Z"
          },
          "goal_id": "b24789df717393b6206bc956aa37720e",
          "last_feedback_at": {
            "monotonic_s": 180720.401743,
            "wall_utc": "2026-08-26T11:05:11.895Z"
          },
          "last_feedback_navigation_s": 9.841877,
          "last_feedback_simulated_progress_m": 0.984188,
          "simulated_distance_at_terminal_m": 0.993245,
          "state": "ABORTED_BY_TEST_CLEANUP",
          "state_history": [
            {
              "at": {
                "monotonic_s": 180710.559263,
                "wall_utc": "2026-08-26T11:05:02.052Z"
              },
              "state": "ACCEPTED"
            },
            {
              "at": {
                "monotonic_s": 180710.559579,
                "wall_utc": "2026-08-26T11:05:02.053Z"
              },
              "state": "EXECUTING"
            },
            {
              "at": {
                "monotonic_s": 180720.492026,
                "wall_utc": "2026-08-26T11:05:11.985Z"
              },
              "reason": "forced_cleanup_after_measurement",
              "state": "ABORTED_BY_TEST_CLEANUP"
            }
          ],
          "target_marker_x": 60.02,
          "terminal_at": {
            "monotonic_s": 180720.492026,
            "wall_utc": "2026-08-26T11:05:11.985Z"
          },
          "terminal_reason": "forced_cleanup_after_measurement",
          "test_cleanup_requested_at": {
            "monotonic_s": 180720.491662,
            "wall_utc": "2026-08-26T11:05:11.985Z"
          }
        }
      },
      "heartbeat_counts": {
        "A": 8,
        "B": 35
      },
      "interpretation_guardrail": "concurrency is in a non-physical dummy action server configured to accept multiple goals; it is not evidence of a physical collision or stock Nav2 controller preemption behavior",
      "lease_holder": "A",
      "max_simultaneous_active_goals": 2,
      "measurement_completed_at": {
        "monotonic_s": 180720.491644,
        "wall_utc": "2026-08-26T11:05:11.985Z"
      },
      "observed": "A_AND_B_SIMULTANEOUSLY_ACTIVE",
      "outcome_class": "A_AND_B_SIMULTANEOUSLY_ACTIVE",
      "path": [
        "HorusLink client",
        "horus_unity_bridge",
        "ROS goal/cancel topic",
        "horus_backend Nav2ActionAdapter",
        "dummy NavigateToPose action server"
      ],
      "post_revocation_active_duration_s": 10.000072,
      "revision": "eca75cbf559f09ff793d8993338b2f1ffed1adfd",
      "revocation_event": {
        "payload": {
          "event": "lease_released",
          "holder_app_id": "long-probe-A",
          "lease_ttl_ms": 1200,
          "lease_version": 54,
          "leases": [],
          "request_id": "R4_HANDOFF-T02-A-release",
          "robot_name": "robot1",
          "session_id": "R4_HANDOFF-T02-session-A"
        },
        "received_at": {
          "monotonic_s": 180710.491363,
          "wall_utc": "2026-08-26T11:05:01.985Z"
        }
      },
      "revocation_event_timestamp": {
        "monotonic_s": 180710.491363,
        "wall_utc": "2026-08-26T11:05:01.985Z"
      },
      "revocation_initiated_at": {
        "monotonic_s": 180710.490615,
        "wall_utc": "2026-08-26T11:05:01.984Z"
      },
      "runtime_label": "fixed-unmodified",
      "setup": {
        "catalog_event": {
          "payload": {
            "event": "snapshot",
            "lease_ttl_ms": 1200,
            "lease_version": 45,
            "leases": [],
            "session_id": "horus-long-action-probe"
          },
          "received_at": {
            "monotonic_s": 180708.439337,
            "wall_utc": "2026-08-26T11:04:59.932Z"
          }
        },
        "fresh_trial_state_verified": true,
        "goal_accepted_at": {
          "monotonic_s": 180708.490509,
          "wall_utc": "2026-08-26T11:04:59.984Z"
        },
        "goal_id": "24cc2f370ae946423aa9e209d8515ca4",
        "goal_marker_x": 50.02,
        "goal_publish_sent_at": {
          "monotonic_s": 180708.489243,
          "wall_utc": "2026-08-26T11:04:59.982Z"
        },
        "lease_acquire_event": {
          "payload": {
            "event": "lease_granted",
            "holder_app_id": "long-probe-A",
            "lease_ttl_ms": 1200,
            "lease_version": 46,
            "leases": [
              {
                "acquired_at_ms": 180708479,
                "holder_app_id": "long-probe-A",
                "holder_role": "operator",
                "last_heartbeat_ms": 180708479,
                "lease_version": 46,
                "panel_open": true,
                "robot_name": "robot1",
                "session_id": "R4_HANDOFF-T02-session-A",
                "task_active": true,
                "task_kind": "navigation",
                "teleop_active": true
              }
            ],
            "request_id": "R4_HANDOFF-T02-A-acquire",
            "robot_name": "robot1",
            "session_id": "R4_HANDOFF-T02-session-A"
          },
          "received_at": {
            "monotonic_s": 180708.479673,
            "wall_utc": "2026-08-26T11:04:59.973Z"
          }
        },
        "lease_holder": "A",
        "lease_state_after_acquire": [
          {
            "acquired_at_ms": 180708479,
            "holder_app_id": "long-probe-A",
            "holder_role": "operator",
            "last_heartbeat_ms": 180708479,
            "lease_version": 46,
            "panel_open": true,
            "robot_name": "robot1",
            "session_id": "R4_HANDOFF-T02-session-A",
            "task_active": true,
            "task_kind": "navigation",
            "teleop_active": true
          }
        ]
      },
      "simulated_additional_distance_m": 1.000007,
      "started_at": {
        "monotonic_s": 180708.436138,
        "wall_utc": "2026-08-26T11:04:59.929Z"
      },
      "test_id": "R4_HANDOFF",
      "trial_complete": true,
      "trial_id": "R4_HANDOFF-T02",
      "trial_number": 2,
      "verdict": "MEASURED"
    },
    {
      "a_cancel_request_count": 0,
      "a_goal_preempted": false,
      "a_goal_state_at_observation_end": "EXECUTING",
      "b_cancel_request_count": 0,
      "b_goal_accepted": true,
      "b_goal_accepted_at": {
        "monotonic_s": 180722.723463,
        "wall_utc": "2026-08-26T11:05:14.217Z"
      },
      "b_goal_id": "d0a1b35df3ae50f7afd6f7948935a22f",
      "b_goal_publish_sent_at": {
        "monotonic_s": 180722.704514,
        "wall_utc": "2026-08-26T11:05:14.198Z"
      },
      "b_goal_state_at_observation_end": "EXECUTING",
      "b_lease_acquire_event": {
        "payload": {
          "event": "lease_granted",
          "holder_app_id": "long-probe-B",
          "lease_ttl_ms": 1200,
          "lease_version": 100,
          "leases": [
            {
              "acquired_at_ms": 180722679,
              "holder_app_id": "long-probe-B",
              "holder_role": "operator",
              "last_heartbeat_ms": 180722679,
              "lease_version": 100,
              "panel_open": true,
              "robot_name": "robot1",
              "session_id": "R4_HANDOFF-T03-session-B",
              "task_active": true,
              "task_kind": "navigation",
              "teleop_active": true
            }
          ],
          "request_id": "R4_HANDOFF-T03-B-acquire",
          "robot_name": "robot1",
          "session_id": "R4_HANDOFF-T03-session-B"
        },
        "received_at": {
          "monotonic_s": 180722.680496,
          "wall_utc": "2026-08-26T11:05:14.174Z"
        }
      },
      "b_lease_acquire_sent_at": {
        "monotonic_s": 180722.679113,
        "wall_utc": "2026-08-26T11:05:14.172Z"
      },
      "cancel_goal_ids": [],
      "cancel_request_count_at_measurement_end": 0,
      "checkpoints": [
        {
          "active_goal_count": 2,
          "active_goal_ids": [
            "67e5ec5ee9f1f93b9b294bc00885f98e",
            "d0a1b35df3ae50f7afd6f7948935a22f"
          ],
          "goals": {
            "67e5ec5ee9f1f93b9b294bc00885f98e": {
              "cancel_request_count": 0,
              "feedback_count": 9,
              "goal_id": "67e5ec5ee9f1f93b9b294bc00885f98e",
              "last_feedback_navigation_s": 2.257925,
              "last_feedback_simulated_progress_m": 0.225792,
              "state": "EXECUTING",
              "target_marker_x": 50.03,
              "terminal_at": null
            },
            "d0a1b35df3ae50f7afd6f7948935a22f": {
              "cancel_request_count": 0,
              "feedback_count": 2,
              "goal_id": "d0a1b35df3ae50f7afd6f7948935a22f",
              "last_feedback_navigation_s": 0.283635,
              "last_feedback_simulated_progress_m": 0.028364,
              "state": "EXECUTING",
              "target_marker_x": 60.03,
              "terminal_at": null
            }
          },
          "lease_state": {
            "event": "lease_updated",
            "holder_app_id": "long-probe-B",
            "lease_ttl_ms": 1200,
            "lease_version": 103,
            "leases": [
              {
                "acquired_at_ms": 180722679,
                "holder_app_id": "long-probe-B",
                "holder_role": "operator",
                "last_heartbeat_ms": 180723053,
                "lease_version": 103,
                "panel_open": true,
                "robot_name": "robot1",
                "session_id": "R4_HANDOFF-T03-session-B",
                "task_active": true,
                "task_kind": "navigation",
                "teleop_active": true
              }
            ],
            "request_id": "R4_HANDOFF-T03-B-hb-11",
            "robot_name": "robot1",
            "session_id": "R4_HANDOFF-T03-session-B"
          },
          "observed_at": {
            "monotonic_s": 180723.153332,
            "wall_utc": "2026-08-26T11:05:14.646Z"
          },
          "observed_offset_s": 0.500143,
          "scheduled_offset_s": 0.5
        },
        {
          "active_goal_count": 2,
          "active_goal_ids": [
            "67e5ec5ee9f1f93b9b294bc00885f98e",
            "d0a1b35df3ae50f7afd6f7948935a22f"
          ],
          "goals": {
            "67e5ec5ee9f1f93b9b294bc00885f98e": {
              "cancel_request_count": 0,
              "feedback_count": 11,
              "goal_id": "67e5ec5ee9f1f93b9b294bc00885f98e",
              "last_feedback_navigation_s": 2.821859,
              "last_feedback_simulated_progress_m": 0.282186,
              "state": "EXECUTING",
              "target_marker_x": 50.03,
              "terminal_at": null
            },
            "d0a1b35df3ae50f7afd6f7948935a22f": {
              "cancel_request_count": 0,
              "feedback_count": 4,
              "goal_id": "d0a1b35df3ae50f7afd6f7948935a22f",
              "last_feedback_navigation_s": 0.848915,
              "last_feedback_simulated_progress_m": 0.084891,
              "state": "EXECUTING",
              "target_marker_x": 60.03,
              "terminal_at": null
            }
          },
          "lease_state": {
            "event": "lease_updated",
            "holder_app_id": "long-probe-B",
            "lease_ttl_ms": 1200,
            "lease_version": 105,
            "leases": [
              {
                "acquired_at_ms": 180722679,
                "holder_app_id": "long-probe-B",
                "holder_role": "operator",
                "last_heartbeat_ms": 180723474,
                "lease_version": 105,
                "panel_open": true,
                "robot_name": "robot1",
                "session_id": "R4_HANDOFF-T03-session-B",
                "task_active": true,
                "task_kind": "navigation",
                "teleop_active": true
              }
            ],
            "request_id": "R4_HANDOFF-T03-B-hb-13",
            "robot_name": "robot1",
            "session_id": "R4_HANDOFF-T03-session-B"
          },
          "observed_at": {
            "monotonic_s": 180723.653265,
            "wall_utc": "2026-08-26T11:05:15.146Z"
          },
          "observed_offset_s": 1.000076,
          "scheduled_offset_s": 1.0
        },
        {
          "active_goal_count": 2,
          "active_goal_ids": [
            "67e5ec5ee9f1f93b9b294bc00885f98e",
            "d0a1b35df3ae50f7afd6f7948935a22f"
          ],
          "goals": {
            "67e5ec5ee9f1f93b9b294bc00885f98e": {
              "cancel_request_count": 0,
              "feedback_count": 18,
              "goal_id": "67e5ec5ee9f1f93b9b294bc00885f98e",
              "last_feedback_navigation_s": 4.798735,
              "last_feedback_simulated_progress_m": 0.479873,
              "state": "EXECUTING",
              "target_marker_x": 50.03,
              "terminal_at": null
            },
            "d0a1b35df3ae50f7afd6f7948935a22f": {
              "cancel_request_count": 0,
              "feedback_count": 11,
              "goal_id": "d0a1b35df3ae50f7afd6f7948935a22f",
              "last_feedback_navigation_s": 2.796371,
              "last_feedback_simulated_progress_m": 0.279637,
              "state": "EXECUTING",
              "target_marker_x": 60.03,
              "terminal_at": null
            }
          },
          "lease_state": {
            "event": "lease_updated",
            "holder_app_id": "long-probe-B",
            "lease_ttl_ms": 1200,
            "lease_version": 112,
            "leases": [
              {
                "acquired_at_ms": 180722679,
                "holder_app_id": "long-probe-B",
                "holder_role": "operator",
                "last_heartbeat_ms": 180725584,
                "lease_version": 112,
                "panel_open": true,
                "robot_name": "robot1",
                "session_id": "R4_HANDOFF-T03-session-B",
                "task_active": true,
                "task_kind": "navigation",
                "teleop_active": true
              }
            ],
            "request_id": "R4_HANDOFF-T03-B-hb-20",
            "robot_name": "robot1",
            "session_id": "R4_HANDOFF-T03-session-B"
          },
          "observed_at": {
            "monotonic_s": 180725.653253,
            "wall_utc": "2026-08-26T11:05:17.146Z"
          },
          "observed_offset_s": 3.000064,
          "scheduled_offset_s": 3.0
        },
        {
          "active_goal_count": 2,
          "active_goal_ids": [
            "67e5ec5ee9f1f93b9b294bc00885f98e",
            "d0a1b35df3ae50f7afd6f7948935a22f"
          ],
          "goals": {
            "67e5ec5ee9f1f93b9b294bc00885f98e": {
              "cancel_request_count": 0,
              "feedback_count": 25,
              "goal_id": "67e5ec5ee9f1f93b9b294bc00885f98e",
              "last_feedback_navigation_s": 6.782771,
              "last_feedback_simulated_progress_m": 0.678277,
              "state": "EXECUTING",
              "target_marker_x": 50.03,
              "terminal_at": null
            },
            "d0a1b35df3ae50f7afd6f7948935a22f": {
              "cancel_request_count": 0,
              "feedback_count": 18,
              "goal_id": "d0a1b35df3ae50f7afd6f7948935a22f",
              "last_feedback_navigation_s": 4.773255,
              "last_feedback_simulated_progress_m": 0.477325,
              "state": "EXECUTING",
              "target_marker_x": 60.03,
              "terminal_at": null
            }
          },
          "lease_state": {
            "event": "lease_updated",
            "holder_app_id": "long-probe-B",
            "lease_ttl_ms": 1200,
            "lease_version": 119,
            "leases": [
              {
                "acquired_at_ms": 180722679,
                "holder_app_id": "long-probe-B",
                "holder_role": "operator",
                "last_heartbeat_ms": 180727588,
                "lease_version": 119,
                "panel_open": true,
                "robot_name": "robot1",
                "session_id": "R4_HANDOFF-T03-session-B",
                "task_active": true,
                "task_kind": "navigation",
                "teleop_active": true
              }
            ],
            "request_id": "R4_HANDOFF-T03-B-hb-27",
            "robot_name": "robot1",
            "session_id": "R4_HANDOFF-T03-session-B"
          },
          "observed_at": {
            "monotonic_s": 180727.653268,
            "wall_utc": "2026-08-26T11:05:19.146Z"
          },
          "observed_offset_s": 5.000079,
          "scheduled_offset_s": 5.0
        },
        {
          "active_goal_count": 2,
          "active_goal_ids": [
            "67e5ec5ee9f1f93b9b294bc00885f98e",
            "d0a1b35df3ae50f7afd6f7948935a22f"
          ],
          "goals": {
            "67e5ec5ee9f1f93b9b294bc00885f98e": {
              "cancel_request_count": 0,
              "feedback_count": 43,
              "goal_id": "67e5ec5ee9f1f93b9b294bc00885f98e",
              "last_feedback_navigation_s": 11.860315,
              "last_feedback_simulated_progress_m": 1.186031,
              "state": "EXECUTING",
              "target_marker_x": 50.03,
              "terminal_at": null
            },
            "d0a1b35df3ae50f7afd6f7948935a22f": {
              "cancel_request_count": 0,
              "feedback_count": 36,
              "goal_id": "d0a1b35df3ae50f7afd6f7948935a22f",
              "last_feedback_navigation_s": 9.862424,
              "last_feedback_simulated_progress_m": 0.986242,
              "state": "EXECUTING",
              "target_marker_x": 60.03,
              "terminal_at": null
            }
          },
          "lease_state": {
            "event": "lease_updated",
            "holder_app_id": "long-probe-B",
            "lease_ttl_ms": 1200,
            "lease_version": 135,
            "leases": [
              {
                "acquired_at_ms": 180722679,
                "holder_app_id": "long-probe-B",
                "holder_role": "operator",
                "last_heartbeat_ms": 180732495,
                "lease_version": 135,
                "panel_open": true,
                "robot_name": "robot1",
                "session_id": "R4_HANDOFF-T03-session-B",
                "task_active": true,
                "task_kind": "navigation",
                "teleop_active": true
              }
            ],
            "request_id": "R4_HANDOFF-T03-B-hb-43",
            "robot_name": "robot1",
            "session_id": "R4_HANDOFF-T03-session-B"
          },
          "observed_at": {
            "monotonic_s": 180732.653259,
            "wall_utc": "2026-08-26T11:05:24.146Z"
          },
          "observed_offset_s": 10.00007,
          "scheduled_offset_s": 10.0
        }
      ],
      "cleanup": {
        "active_goal_ids_after_cleanup": [],
        "clean": true,
        "completed_at": {
          "monotonic_s": 180732.759105,
          "wall_utc": "2026-08-26T11:05:24.252Z"
        },
        "forced_goal_ids": [
          "67e5ec5ee9f1f93b9b294bc00885f98e",
          "d0a1b35df3ae50f7afd6f7948935a22f"
        ],
        "release_or_close_errors": [],
        "started_at": {
          "monotonic_s": 180732.653467,
          "wall_utc": "2026-08-26T11:05:24.147Z"
        },
        "terminal_wait_errors": []
      },
      "concurrency_events": [
        {
          "active_goal_count": 1,
          "active_goal_ids": [
            "67e5ec5ee9f1f93b9b294bc00885f98e"
          ],
          "at": {
            "monotonic_s": 180720.652383,
            "wall_utc": "2026-08-26T11:05:12.146Z"
          },
          "reason": "goal_accepted"
        },
        {
          "active_goal_count": 1,
          "active_goal_ids": [
            "67e5ec5ee9f1f93b9b294bc00885f98e"
          ],
          "at": {
            "monotonic_s": 180720.652715,
            "wall_utc": "2026-08-26T11:05:12.146Z"
          },
          "reason": "execute_started"
        },
        {
          "active_goal_count": 2,
          "active_goal_ids": [
            "67e5ec5ee9f1f93b9b294bc00885f98e",
            "d0a1b35df3ae50f7afd6f7948935a22f"
          ],
          "at": {
            "monotonic_s": 180722.723531,
            "wall_utc": "2026-08-26T11:05:14.217Z"
          },
          "reason": "goal_accepted"
        },
        {
          "active_goal_count": 2,
          "active_goal_ids": [
            "67e5ec5ee9f1f93b9b294bc00885f98e",
            "d0a1b35df3ae50f7afd6f7948935a22f"
          ],
          "at": {
            "monotonic_s": 180722.724027,
            "wall_utc": "2026-08-26T11:05:14.217Z"
          },
          "reason": "execute_started"
        }
      ],
      "distance_model": "constant 0.1 m/s; not physical motion",
      "duration_basis": "active_at_observation_end_lower_bound",
      "duration_is_right_censored_lower_bound": true,
      "evidence_fields": {
        "active_goal_count_at_observation_end": 2,
        "b_goal_id": "d0a1b35df3ae50f7afd6f7948935a22f",
        "b_goal_status_at_observation_end": "EXECUTING",
        "cancel_goal_ids": [],
        "cancel_request_times": [],
        "cleanup_clean": true,
        "expected": "after A release, B acquires the lease and starts a distinct goal; measure A/B acceptance, overlap, preemption, and cancel IDs",
        "feedback_count_at_observation_end": 43,
        "first_feedback_time": {
          "monotonic_s": 180720.652912,
          "wall_utc": "2026-08-26T11:05:12.146Z"
        },
        "goal_accepted_time": {
          "monotonic_s": 180720.652359,
          "wall_utc": "2026-08-26T11:05:12.146Z"
        },
        "goal_id": "67e5ec5ee9f1f93b9b294bc00885f98e",
        "goal_state_at_observation_end": "EXECUTING",
        "goal_terminal_state": "ABORTED_BY_TEST_CLEANUP",
        "last_feedback_time_at_observation_end": {
          "monotonic_s": 180732.51323,
          "wall_utc": "2026-08-26T11:05:24.006Z"
        },
        "last_simulated_progress_m_at_observation_end": 1.186031,
        "lease_holder": "A",
        "max_simultaneous_active_goals": 2,
        "observed": "A_AND_B_SIMULTANEOUSLY_ACTIVE",
        "post_revocation_duration_s": 10.00007,
        "revision": "eca75cbf559f09ff793d8993338b2f1ffed1adfd",
        "revocation_time": {
          "monotonic_s": 180722.653189,
          "wall_utc": "2026-08-26T11:05:14.146Z"
        },
        "simulated_additional_distance_m": 1.000007,
        "terminal_time": {
          "monotonic_s": 180732.653597,
          "wall_utc": "2026-08-26T11:05:24.147Z"
        },
        "test_id": "R4_HANDOFF",
        "trial_id": "R4_HANDOFF-T03",
        "verdict": "MEASURED"
      },
      "expected": "after A release, B acquires the lease and starts a distinct goal; measure A/B acceptance, overlap, preemption, and cancel IDs",
      "goal_records_at_measurement_end": {
        "67e5ec5ee9f1f93b9b294bc00885f98e": {
          "accepted_at": {
            "monotonic_s": 180720.652359,
            "wall_utc": "2026-08-26T11:05:12.146Z"
          },
          "cancel_callbacks": [],
          "execute_started_at": {
            "monotonic_s": 180720.652695,
            "wall_utc": "2026-08-26T11:05:12.146Z"
          },
          "feedback_count": 43,
          "feedback_errors": [],
          "first_feedback_at": {
            "monotonic_s": 180720.652912,
            "wall_utc": "2026-08-26T11:05:12.146Z"
          },
          "goal_id": "67e5ec5ee9f1f93b9b294bc00885f98e",
          "last_feedback_at": {
            "monotonic_s": 180732.51323,
            "wall_utc": "2026-08-26T11:05:24.006Z"
          },
          "last_feedback_navigation_s": 11.860315,
          "last_feedback_simulated_progress_m": 1.186031,
          "state": "EXECUTING",
          "state_history": [
            {
              "at": {
                "monotonic_s": 180720.652359,
                "wall_utc": "2026-08-26T11:05:12.146Z"
              },
              "state": "ACCEPTED"
            },
            {
              "at": {
                "monotonic_s": 180720.652695,
                "wall_utc": "2026-08-26T11:05:12.146Z"
              },
              "state": "EXECUTING"
            }
          ],
          "target_marker_x": 50.03,
          "terminal_at": null,
          "terminal_reason": null,
          "test_cleanup_requested_at": null
        },
        "d0a1b35df3ae50f7afd6f7948935a22f": {
          "accepted_at": {
            "monotonic_s": 180722.723463,
            "wall_utc": "2026-08-26T11:05:14.217Z"
          },
          "cancel_callbacks": [],
          "execute_started_at": {
            "monotonic_s": 180722.723995,
            "wall_utc": "2026-08-26T11:05:14.217Z"
          },
          "feedback_count": 36,
          "feedback_errors": [],
          "first_feedback_at": {
            "monotonic_s": 180722.724226,
            "wall_utc": "2026-08-26T11:05:14.217Z"
          },
          "goal_id": "d0a1b35df3ae50f7afd6f7948935a22f",
          "last_feedback_at": {
            "monotonic_s": 180732.586687,
            "wall_utc": "2026-08-26T11:05:24.080Z"
          },
          "last_feedback_navigation_s": 9.862424,
          "last_feedback_simulated_progress_m": 0.986242,
          "state": "EXECUTING",
          "state_history": [
            {
              "at": {
                "monotonic_s": 180722.723463,
                "wall_utc": "2026-08-26T11:05:14.217Z"
              },
              "state": "ACCEPTED"
            },
            {
              "at": {
                "monotonic_s": 180722.723995,
                "wall_utc": "2026-08-26T11:05:14.217Z"
              },
              "state": "EXECUTING"
            }
          ],
          "target_marker_x": 60.03,
          "terminal_at": null,
          "terminal_reason": null,
          "test_cleanup_requested_at": null
        }
      },
      "goal_records_final": {
        "67e5ec5ee9f1f93b9b294bc00885f98e": {
          "accepted_at": {
            "monotonic_s": 180720.652359,
            "wall_utc": "2026-08-26T11:05:12.146Z"
          },
          "active_duration_s": 12.000902,
          "cancel_callbacks": [],
          "execute_started_at": {
            "monotonic_s": 180720.652695,
            "wall_utc": "2026-08-26T11:05:12.146Z"
          },
          "feedback_count": 43,
          "feedback_errors": [],
          "first_feedback_at": {
            "monotonic_s": 180720.652912,
            "wall_utc": "2026-08-26T11:05:12.146Z"
          },
          "goal_id": "67e5ec5ee9f1f93b9b294bc00885f98e",
          "last_feedback_at": {
            "monotonic_s": 180732.51323,
            "wall_utc": "2026-08-26T11:05:24.006Z"
          },
          "last_feedback_navigation_s": 11.860315,
          "last_feedback_simulated_progress_m": 1.186031,
          "simulated_distance_at_terminal_m": 1.20009,
          "state": "ABORTED_BY_TEST_CLEANUP",
          "state_history": [
            {
              "at": {
                "monotonic_s": 180720.652359,
                "wall_utc": "2026-08-26T11:05:12.146Z"
              },
              "state": "ACCEPTED"
            },
            {
              "at": {
                "monotonic_s": 180720.652695,
                "wall_utc": "2026-08-26T11:05:12.146Z"
              },
              "state": "EXECUTING"
            },
            {
              "at": {
                "monotonic_s": 180732.653597,
                "wall_utc": "2026-08-26T11:05:24.147Z"
              },
              "reason": "forced_cleanup_after_measurement",
              "state": "ABORTED_BY_TEST_CLEANUP"
            }
          ],
          "target_marker_x": 50.03,
          "terminal_at": {
            "monotonic_s": 180732.653597,
            "wall_utc": "2026-08-26T11:05:24.147Z"
          },
          "terminal_reason": "forced_cleanup_after_measurement",
          "test_cleanup_requested_at": {
            "monotonic_s": 180732.653471,
            "wall_utc": "2026-08-26T11:05:24.147Z"
          }
        },
        "d0a1b35df3ae50f7afd6f7948935a22f": {
          "accepted_at": {
            "monotonic_s": 180722.723463,
            "wall_utc": "2026-08-26T11:05:14.217Z"
          },
          "active_duration_s": 9.929843,
          "cancel_callbacks": [],
          "execute_started_at": {
            "monotonic_s": 180722.723995,
            "wall_utc": "2026-08-26T11:05:14.217Z"
          },
          "feedback_count": 36,
          "feedback_errors": [],
          "first_feedback_at": {
            "monotonic_s": 180722.724226,
            "wall_utc": "2026-08-26T11:05:14.217Z"
          },
          "goal_id": "d0a1b35df3ae50f7afd6f7948935a22f",
          "last_feedback_at": {
            "monotonic_s": 180732.586687,
            "wall_utc": "2026-08-26T11:05:24.080Z"
          },
          "last_feedback_navigation_s": 9.862424,
          "last_feedback_simulated_progress_m": 0.986242,
          "simulated_distance_at_terminal_m": 0.992984,
          "state": "ABORTED_BY_TEST_CLEANUP",
          "state_history": [
            {
              "at": {
                "monotonic_s": 180722.723463,
                "wall_utc": "2026-08-26T11:05:14.217Z"
              },
              "state": "ACCEPTED"
            },
            {
              "at": {
                "monotonic_s": 180722.723995,
                "wall_utc": "2026-08-26T11:05:14.217Z"
              },
              "state": "EXECUTING"
            },
            {
              "at": {
                "monotonic_s": 180732.653838,
                "wall_utc": "2026-08-26T11:05:24.147Z"
              },
              "reason": "forced_cleanup_after_measurement",
              "state": "ABORTED_BY_TEST_CLEANUP"
            }
          ],
          "target_marker_x": 60.03,
          "terminal_at": {
            "monotonic_s": 180732.653838,
            "wall_utc": "2026-08-26T11:05:24.147Z"
          },
          "terminal_reason": "forced_cleanup_after_measurement",
          "test_cleanup_requested_at": {
            "monotonic_s": 180732.65348,
            "wall_utc": "2026-08-26T11:05:24.147Z"
          }
        }
      },
      "heartbeat_counts": {
        "A": 8,
        "B": 35
      },
      "interpretation_guardrail": "concurrency is in a non-physical dummy action server configured to accept multiple goals; it is not evidence of a physical collision or stock Nav2 controller preemption behavior",
      "lease_holder": "A",
      "max_simultaneous_active_goals": 2,
      "measurement_completed_at": {
        "monotonic_s": 180732.653462,
        "wall_utc": "2026-08-26T11:05:24.147Z"
      },
      "observed": "A_AND_B_SIMULTANEOUSLY_ACTIVE",
      "outcome_class": "A_AND_B_SIMULTANEOUSLY_ACTIVE",
      "path": [
        "HorusLink client",
        "horus_unity_bridge",
        "ROS goal/cancel topic",
        "horus_backend Nav2ActionAdapter",
        "dummy NavigateToPose action server"
      ],
      "post_revocation_active_duration_s": 10.00007,
      "revision": "eca75cbf559f09ff793d8993338b2f1ffed1adfd",
      "revocation_event": {
        "payload": {
          "event": "lease_released",
          "holder_app_id": "long-probe-A",
          "lease_ttl_ms": 1200,
          "lease_version": 99,
          "leases": [],
          "request_id": "R4_HANDOFF-T03-A-release",
          "robot_name": "robot1",
          "session_id": "R4_HANDOFF-T03-session-A"
        },
        "received_at": {
          "monotonic_s": 180722.653189,
          "wall_utc": "2026-08-26T11:05:14.146Z"
        }
      },
      "revocation_event_timestamp": {
        "monotonic_s": 180722.653189,
        "wall_utc": "2026-08-26T11:05:14.146Z"
      },
      "revocation_initiated_at": {
        "monotonic_s": 180722.652446,
        "wall_utc": "2026-08-26T11:05:14.146Z"
      },
      "runtime_label": "fixed-unmodified",
      "setup": {
        "catalog_event": {
          "payload": {
            "event": "snapshot",
            "lease_ttl_ms": 1200,
            "lease_version": 90,
            "leases": [],
            "session_id": "horus-long-action-probe"
          },
          "received_at": {
            "monotonic_s": 180720.606298,
            "wall_utc": "2026-08-26T11:05:12.099Z"
          }
        },
        "fresh_trial_state_verified": true,
        "goal_accepted_at": {
          "monotonic_s": 180720.652359,
          "wall_utc": "2026-08-26T11:05:12.146Z"
        },
        "goal_id": "67e5ec5ee9f1f93b9b294bc00885f98e",
        "goal_marker_x": 50.03,
        "goal_publish_sent_at": {
          "monotonic_s": 180720.651127,
          "wall_utc": "2026-08-26T11:05:12.144Z"
        },
        "lease_acquire_event": {
          "payload": {
            "event": "lease_granted",
            "holder_app_id": "long-probe-A",
            "lease_ttl_ms": 1200,
            "lease_version": 91,
            "leases": [
              {
                "acquired_at_ms": 180720641,
                "holder_app_id": "long-probe-A",
                "holder_role": "operator",
                "last_heartbeat_ms": 180720641,
                "lease_version": 91,
                "panel_open": true,
                "robot_name": "robot1",
                "session_id": "R4_HANDOFF-T03-session-A",
                "task_active": true,
                "task_kind": "navigation",
                "teleop_active": true
              }
            ],
            "request_id": "R4_HANDOFF-T03-A-acquire",
            "robot_name": "robot1",
            "session_id": "R4_HANDOFF-T03-session-A"
          },
          "received_at": {
            "monotonic_s": 180720.650024,
            "wall_utc": "2026-08-26T11:05:12.143Z"
          }
        },
        "lease_holder": "A",
        "lease_state_after_acquire": [
          {
            "acquired_at_ms": 180720641,
            "holder_app_id": "long-probe-A",
            "holder_role": "operator",
            "last_heartbeat_ms": 180720641,
            "lease_version": 91,
            "panel_open": true,
            "robot_name": "robot1",
            "session_id": "R4_HANDOFF-T03-session-A",
            "task_active": true,
            "task_kind": "navigation",
            "teleop_active": true
          }
        ]
      },
      "simulated_additional_distance_m": 1.000007,
      "started_at": {
        "monotonic_s": 180720.597601,
        "wall_utc": "2026-08-26T11:05:12.091Z"
      },
      "test_id": "R4_HANDOFF",
      "trial_complete": true,
      "trial_id": "R4_HANDOFF-T03",
      "trial_number": 3,
      "verdict": "MEASURED"
    },
    {
      "a_cancel_request_count": 0,
      "a_goal_preempted": false,
      "a_goal_state_at_observation_end": "EXECUTING",
      "b_cancel_request_count": 0,
      "b_goal_accepted": true,
      "b_goal_accepted_at": {
        "monotonic_s": 180734.881894,
        "wall_utc": "2026-08-26T11:05:26.375Z"
      },
      "b_goal_id": "c950f21973725d4f786eeb069d722db4",
      "b_goal_publish_sent_at": {
        "monotonic_s": 180734.865994,
        "wall_utc": "2026-08-26T11:05:26.359Z"
      },
      "b_goal_state_at_observation_end": "EXECUTING",
      "b_lease_acquire_event": {
        "payload": {
          "event": "lease_granted",
          "holder_app_id": "long-probe-B",
          "lease_ttl_ms": 1200,
          "lease_version": 145,
          "leases": [
            {
              "acquired_at_ms": 180734839,
              "holder_app_id": "long-probe-B",
              "holder_role": "operator",
              "last_heartbeat_ms": 180734839,
              "lease_version": 145,
              "panel_open": true,
              "robot_name": "robot1",
              "session_id": "R4_HANDOFF-T04-session-B",
              "task_active": true,
              "task_kind": "navigation",
              "teleop_active": true
            }
          ],
          "request_id": "R4_HANDOFF-T04-B-acquire",
          "robot_name": "robot1",
          "session_id": "R4_HANDOFF-T04-session-B"
        },
        "received_at": {
          "monotonic_s": 180734.844283,
          "wall_utc": "2026-08-26T11:05:26.337Z"
        }
      },
      "b_lease_acquire_sent_at": {
        "monotonic_s": 180734.839329,
        "wall_utc": "2026-08-26T11:05:26.332Z"
      },
      "cancel_goal_ids": [],
      "cancel_request_count_at_measurement_end": 0,
      "checkpoints": [
        {
          "active_goal_count": 2,
          "active_goal_ids": [
            "9393b6adf4e81dffc99984270455d4e2",
            "c950f21973725d4f786eeb069d722db4"
          ],
          "goals": {
            "9393b6adf4e81dffc99984270455d4e2": {
              "cancel_request_count": 0,
              "feedback_count": 9,
              "goal_id": "9393b6adf4e81dffc99984270455d4e2",
              "last_feedback_navigation_s": 2.263909,
              "last_feedback_simulated_progress_m": 0.226391,
              "state": "EXECUTING",
              "target_marker_x": 50.04,
              "terminal_at": null
            },
            "c950f21973725d4f786eeb069d722db4": {
              "cancel_request_count": 0,
              "feedback_count": 2,
              "goal_id": "c950f21973725d4f786eeb069d722db4",
              "last_feedback_navigation_s": 0.285837,
              "last_feedback_simulated_progress_m": 0.028584,
              "state": "EXECUTING",
              "target_marker_x": 60.04,
              "terminal_at": null
            }
          },
          "lease_state": {
            "event": "lease_updated",
            "holder_app_id": "long-probe-B",
            "lease_ttl_ms": 1200,
            "lease_version": 148,
            "leases": [
              {
                "acquired_at_ms": 180734839,
                "holder_app_id": "long-probe-B",
                "holder_role": "operator",
                "last_heartbeat_ms": 180735214,
                "lease_version": 148,
                "panel_open": true,
                "robot_name": "robot1",
                "session_id": "R4_HANDOFF-T04-session-B",
                "task_active": true,
                "task_kind": "navigation",
                "teleop_active": true
              }
            ],
            "request_id": "R4_HANDOFF-T04-B-hb-11",
            "robot_name": "robot1",
            "session_id": "R4_HANDOFF-T04-session-B"
          },
          "observed_at": {
            "monotonic_s": 180735.319248,
            "wall_utc": "2026-08-26T11:05:26.812Z"
          },
          "observed_offset_s": 0.500066,
          "scheduled_offset_s": 0.5
        },
        {
          "active_goal_count": 2,
          "active_goal_ids": [
            "9393b6adf4e81dffc99984270455d4e2",
            "c950f21973725d4f786eeb069d722db4"
          ],
          "goals": {
            "9393b6adf4e81dffc99984270455d4e2": {
              "cancel_request_count": 0,
              "feedback_count": 11,
              "goal_id": "9393b6adf4e81dffc99984270455d4e2",
              "last_feedback_navigation_s": 2.826978,
              "last_feedback_simulated_progress_m": 0.282698,
              "state": "EXECUTING",
              "target_marker_x": 50.04,
              "terminal_at": null
            },
            "c950f21973725d4f786eeb069d722db4": {
              "cancel_request_count": 0,
              "feedback_count": 4,
              "goal_id": "c950f21973725d4f786eeb069d722db4",
              "last_feedback_navigation_s": 0.856165,
              "last_feedback_simulated_progress_m": 0.085616,
              "state": "EXECUTING",
              "target_marker_x": 60.04,
              "terminal_at": null
            }
          },
          "lease_state": {
            "event": "lease_updated",
            "holder_app_id": "long-probe-B",
            "lease_ttl_ms": 1200,
            "lease_version": 150,
            "leases": [
              {
                "acquired_at_ms": 180734839,
                "holder_app_id": "long-probe-B",
                "holder_role": "operator",
                "last_heartbeat_ms": 180735641,
                "lease_version": 150,
                "panel_open": true,
                "robot_name": "robot1",
                "session_id": "R4_HANDOFF-T04-session-B",
                "task_active": true,
                "task_kind": "navigation",
                "teleop_active": true
              }
            ],
            "request_id": "R4_HANDOFF-T04-B-hb-13",
            "robot_name": "robot1",
            "session_id": "R4_HANDOFF-T04-session-B"
          },
          "observed_at": {
            "monotonic_s": 180735.81925,
            "wall_utc": "2026-08-26T11:05:27.312Z"
          },
          "observed_offset_s": 1.000068,
          "scheduled_offset_s": 1.0
        },
        {
          "active_goal_count": 2,
          "active_goal_ids": [
            "9393b6adf4e81dffc99984270455d4e2",
            "c950f21973725d4f786eeb069d722db4"
          ],
          "goals": {
            "9393b6adf4e81dffc99984270455d4e2": {
              "cancel_request_count": 0,
              "feedback_count": 18,
              "goal_id": "9393b6adf4e81dffc99984270455d4e2",
              "last_feedback_navigation_s": 4.804987,
              "last_feedback_simulated_progress_m": 0.480499,
              "state": "EXECUTING",
              "target_marker_x": 50.04,
              "terminal_at": null
            },
            "c950f21973725d4f786eeb069d722db4": {
              "cancel_request_count": 0,
              "feedback_count": 11,
              "goal_id": "c950f21973725d4f786eeb069d722db4",
              "last_feedback_navigation_s": 2.831271,
              "last_feedback_simulated_progress_m": 0.283127,
              "state": "EXECUTING",
              "target_marker_x": 60.04,
              "terminal_at": null
            }
          },
          "lease_state": {
            "event": "lease_updated",
            "holder_app_id": "long-probe-B",
            "lease_ttl_ms": 1200,
            "lease_version": 157,
            "leases": [
              {
                "acquired_at_ms": 180734839,
                "holder_app_id": "long-probe-B",
                "holder_role": "operator",
                "last_heartbeat_ms": 180737753,
                "lease_version": 157,
                "panel_open": true,
                "robot_name": "robot1",
                "session_id": "R4_HANDOFF-T04-session-B",
                "task_active": true,
                "task_kind": "navigation",
                "teleop_active": true
              }
            ],
            "request_id": "R4_HANDOFF-T04-B-hb-20",
            "robot_name": "robot1",
            "session_id": "R4_HANDOFF-T04-session-B"
          },
          "observed_at": {
            "monotonic_s": 180737.819268,
            "wall_utc": "2026-08-26T11:05:29.312Z"
          },
          "observed_offset_s": 3.000086,
          "scheduled_offset_s": 3.0
        },
        {
          "active_goal_count": 2,
          "active_goal_ids": [
            "9393b6adf4e81dffc99984270455d4e2",
            "c950f21973725d4f786eeb069d722db4"
          ],
          "goals": {
            "9393b6adf4e81dffc99984270455d4e2": {
              "cancel_request_count": 0,
              "feedback_count": 25,
              "goal_id": "9393b6adf4e81dffc99984270455d4e2",
              "last_feedback_navigation_s": 6.753079,
              "last_feedback_simulated_progress_m": 0.675308,
              "state": "EXECUTING",
              "target_marker_x": 50.04,
              "terminal_at": null
            },
            "c950f21973725d4f786eeb069d722db4": {
              "cancel_request_count": 0,
              "feedback_count": 18,
              "goal_id": "c950f21973725d4f786eeb069d722db4",
              "last_feedback_navigation_s": 4.804034,
              "last_feedback_simulated_progress_m": 0.480403,
              "state": "EXECUTING",
              "target_marker_x": 60.04,
              "terminal_at": null
            }
          },
          "lease_state": {
            "event": "lease_updated",
            "holder_app_id": "long-probe-B",
            "lease_ttl_ms": 1200,
            "lease_version": 164,
            "leases": [
              {
                "acquired_at_ms": 180734839,
                "holder_app_id": "long-probe-B",
                "holder_role": "operator",
                "last_heartbeat_ms": 180739765,
                "lease_version": 164,
                "panel_open": true,
                "robot_name": "robot1",
                "session_id": "R4_HANDOFF-T04-session-B",
                "task_active": true,
                "task_kind": "navigation",
                "teleop_active": true
              }
            ],
            "request_id": "R4_HANDOFF-T04-B-hb-27",
            "robot_name": "robot1",
            "session_id": "R4_HANDOFF-T04-session-B"
          },
          "observed_at": {
            "monotonic_s": 180739.819854,
            "wall_utc": "2026-08-26T11:05:31.313Z"
          },
          "observed_offset_s": 5.000672,
          "scheduled_offset_s": 5.0
        },
        {
          "active_goal_count": 2,
          "active_goal_ids": [
            "9393b6adf4e81dffc99984270455d4e2",
            "c950f21973725d4f786eeb069d722db4"
          ],
          "goals": {
            "9393b6adf4e81dffc99984270455d4e2": {
              "cancel_request_count": 0,
              "feedback_count": 43,
              "goal_id": "9393b6adf4e81dffc99984270455d4e2",
              "last_feedback_navigation_s": 11.838039,
              "last_feedback_simulated_progress_m": 1.183804,
              "state": "EXECUTING",
              "target_marker_x": 50.04,
              "terminal_at": null
            },
            "c950f21973725d4f786eeb069d722db4": {
              "cancel_request_count": 0,
              "feedback_count": 36,
              "goal_id": "c950f21973725d4f786eeb069d722db4",
              "last_feedback_navigation_s": 9.893802,
              "last_feedback_simulated_progress_m": 0.98938,
              "state": "EXECUTING",
              "target_marker_x": 60.04,
              "terminal_at": null
            }
          },
          "lease_state": {
            "event": "lease_updated",
            "holder_app_id": "long-probe-B",
            "lease_ttl_ms": 1200,
            "lease_version": 180,
            "leases": [
              {
                "acquired_at_ms": 180734839,
                "holder_app_id": "long-probe-B",
                "holder_role": "operator",
                "last_heartbeat_ms": 180744652,
                "lease_version": 180,
                "panel_open": true,
                "robot_name": "robot1",
                "session_id": "R4_HANDOFF-T04-session-B",
                "task_active": true,
                "task_kind": "navigation",
                "teleop_active": true
              }
            ],
            "request_id": "R4_HANDOFF-T04-B-hb-43",
            "robot_name": "robot1",
            "session_id": "R4_HANDOFF-T04-session-B"
          },
          "observed_at": {
            "monotonic_s": 180744.819258,
            "wall_utc": "2026-08-26T11:05:36.312Z"
          },
          "observed_offset_s": 10.000076,
          "scheduled_offset_s": 10.0
        }
      ],
      "cleanup": {
        "active_goal_ids_after_cleanup": [],
        "clean": true,
        "completed_at": {
          "monotonic_s": 180744.925111,
          "wall_utc": "2026-08-26T11:05:36.418Z"
        },
        "forced_goal_ids": [
          "9393b6adf4e81dffc99984270455d4e2",
          "c950f21973725d4f786eeb069d722db4"
        ],
        "release_or_close_errors": [],
        "started_at": {
          "monotonic_s": 180744.819522,
          "wall_utc": "2026-08-26T11:05:36.313Z"
        },
        "terminal_wait_errors": []
      },
      "concurrency_events": [
        {
          "active_goal_count": 1,
          "active_goal_ids": [
            "9393b6adf4e81dffc99984270455d4e2"
          ],
          "at": {
            "monotonic_s": 180732.813917,
            "wall_utc": "2026-08-26T11:05:24.307Z"
          },
          "reason": "goal_accepted"
        },
        {
          "active_goal_count": 1,
          "active_goal_ids": [
            "9393b6adf4e81dffc99984270455d4e2"
          ],
          "at": {
            "monotonic_s": 180732.814272,
            "wall_utc": "2026-08-26T11:05:24.307Z"
          },
          "reason": "execute_started"
        },
        {
          "active_goal_count": 2,
          "active_goal_ids": [
            "9393b6adf4e81dffc99984270455d4e2",
            "c950f21973725d4f786eeb069d722db4"
          ],
          "at": {
            "monotonic_s": 180734.881923,
            "wall_utc": "2026-08-26T11:05:26.375Z"
          },
          "reason": "goal_accepted"
        },
        {
          "active_goal_count": 2,
          "active_goal_ids": [
            "9393b6adf4e81dffc99984270455d4e2",
            "c950f21973725d4f786eeb069d722db4"
          ],
          "at": {
            "monotonic_s": 180734.882289,
            "wall_utc": "2026-08-26T11:05:26.375Z"
          },
          "reason": "execute_started"
        }
      ],
      "distance_model": "constant 0.1 m/s; not physical motion",
      "duration_basis": "active_at_observation_end_lower_bound",
      "duration_is_right_censored_lower_bound": true,
      "evidence_fields": {
        "active_goal_count_at_observation_end": 2,
        "b_goal_id": "c950f21973725d4f786eeb069d722db4",
        "b_goal_status_at_observation_end": "EXECUTING",
        "cancel_goal_ids": [],
        "cancel_request_times": [],
        "cleanup_clean": true,
        "expected": "after A release, B acquires the lease and starts a distinct goal; measure A/B acceptance, overlap, preemption, and cancel IDs",
        "feedback_count_at_observation_end": 43,
        "first_feedback_time": {
          "monotonic_s": 180732.814454,
          "wall_utc": "2026-08-26T11:05:24.308Z"
        },
        "goal_accepted_time": {
          "monotonic_s": 180732.81389,
          "wall_utc": "2026-08-26T11:05:24.307Z"
        },
        "goal_id": "9393b6adf4e81dffc99984270455d4e2",
        "goal_state_at_observation_end": "EXECUTING",
        "goal_terminal_state": "ABORTED_BY_TEST_CLEANUP",
        "last_feedback_time_at_observation_end": {
          "monotonic_s": 180744.652551,
          "wall_utc": "2026-08-26T11:05:36.146Z"
        },
        "last_simulated_progress_m_at_observation_end": 1.183804,
        "lease_holder": "A",
        "max_simultaneous_active_goals": 2,
        "observed": "A_AND_B_SIMULTANEOUSLY_ACTIVE",
        "post_revocation_duration_s": 10.000076,
        "revision": "eca75cbf559f09ff793d8993338b2f1ffed1adfd",
        "revocation_time": {
          "monotonic_s": 180734.819182,
          "wall_utc": "2026-08-26T11:05:26.312Z"
        },
        "simulated_additional_distance_m": 1.000008,
        "terminal_time": {
          "monotonic_s": 180744.819683,
          "wall_utc": "2026-08-26T11:05:36.313Z"
        },
        "test_id": "R4_HANDOFF",
        "trial_id": "R4_HANDOFF-T04",
        "verdict": "MEASURED"
      },
      "expected": "after A release, B acquires the lease and starts a distinct goal; measure A/B acceptance, overlap, preemption, and cancel IDs",
      "goal_records_at_measurement_end": {
        "9393b6adf4e81dffc99984270455d4e2": {
          "accepted_at": {
            "monotonic_s": 180732.81389,
            "wall_utc": "2026-08-26T11:05:24.307Z"
          },
          "cancel_callbacks": [],
          "execute_started_at": {
            "monotonic_s": 180732.81425,
            "wall_utc": "2026-08-26T11:05:24.307Z"
          },
          "feedback_count": 43,
          "feedback_errors": [],
          "first_feedback_at": {
            "monotonic_s": 180732.814454,
            "wall_utc": "2026-08-26T11:05:24.308Z"
          },
          "goal_id": "9393b6adf4e81dffc99984270455d4e2",
          "last_feedback_at": {
            "monotonic_s": 180744.652551,
            "wall_utc": "2026-08-26T11:05:36.146Z"
          },
          "last_feedback_navigation_s": 11.838039,
          "last_feedback_simulated_progress_m": 1.183804,
          "state": "EXECUTING",
          "state_history": [
            {
              "at": {
                "monotonic_s": 180732.81389,
                "wall_utc": "2026-08-26T11:05:24.307Z"
              },
              "state": "ACCEPTED"
            },
            {
              "at": {
                "monotonic_s": 180732.81425,
                "wall_utc": "2026-08-26T11:05:24.307Z"
              },
              "state": "EXECUTING"
            }
          ],
          "target_marker_x": 50.04,
          "terminal_at": null,
          "terminal_reason": null,
          "test_cleanup_requested_at": null
        },
        "c950f21973725d4f786eeb069d722db4": {
          "accepted_at": {
            "monotonic_s": 180734.881894,
            "wall_utc": "2026-08-26T11:05:26.375Z"
          },
          "cancel_callbacks": [],
          "execute_started_at": {
            "monotonic_s": 180734.882273,
            "wall_utc": "2026-08-26T11:05:26.375Z"
          },
          "feedback_count": 36,
          "feedback_errors": [],
          "first_feedback_at": {
            "monotonic_s": 180734.882435,
            "wall_utc": "2026-08-26T11:05:26.376Z"
          },
          "goal_id": "c950f21973725d4f786eeb069d722db4",
          "last_feedback_at": {
            "monotonic_s": 180744.77639,
            "wall_utc": "2026-08-26T11:05:36.270Z"
          },
          "last_feedback_navigation_s": 9.893802,
          "last_feedback_simulated_progress_m": 0.98938,
          "state": "EXECUTING",
          "state_history": [
            {
              "at": {
                "monotonic_s": 180734.881894,
                "wall_utc": "2026-08-26T11:05:26.375Z"
              },
              "state": "ACCEPTED"
            },
            {
              "at": {
                "monotonic_s": 180734.882273,
                "wall_utc": "2026-08-26T11:05:26.375Z"
              },
              "state": "EXECUTING"
            }
          ],
          "target_marker_x": 60.04,
          "terminal_at": null,
          "terminal_reason": null,
          "test_cleanup_requested_at": null
        }
      },
      "goal_records_final": {
        "9393b6adf4e81dffc99984270455d4e2": {
          "accepted_at": {
            "monotonic_s": 180732.81389,
            "wall_utc": "2026-08-26T11:05:24.307Z"
          },
          "active_duration_s": 12.005433,
          "cancel_callbacks": [],
          "execute_started_at": {
            "monotonic_s": 180732.81425,
            "wall_utc": "2026-08-26T11:05:24.307Z"
          },
          "feedback_count": 43,
          "feedback_errors": [],
          "first_feedback_at": {
            "monotonic_s": 180732.814454,
            "wall_utc": "2026-08-26T11:05:24.308Z"
          },
          "goal_id": "9393b6adf4e81dffc99984270455d4e2",
          "last_feedback_at": {
            "monotonic_s": 180744.652551,
            "wall_utc": "2026-08-26T11:05:36.146Z"
          },
          "last_feedback_navigation_s": 11.838039,
          "last_feedback_simulated_progress_m": 1.183804,
          "simulated_distance_at_terminal_m": 1.200543,
          "state": "ABORTED_BY_TEST_CLEANUP",
          "state_history": [
            {
              "at": {
                "monotonic_s": 180732.81389,
                "wall_utc": "2026-08-26T11:05:24.307Z"
              },
              "state": "ACCEPTED"
            },
            {
              "at": {
                "monotonic_s": 180732.81425,
                "wall_utc": "2026-08-26T11:05:24.307Z"
              },
              "state": "EXECUTING"
            },
            {
              "at": {
                "monotonic_s": 180744.819683,
                "wall_utc": "2026-08-26T11:05:36.313Z"
              },
              "reason": "forced_cleanup_after_measurement",
              "state": "ABORTED_BY_TEST_CLEANUP"
            }
          ],
          "target_marker_x": 50.04,
          "terminal_at": {
            "monotonic_s": 180744.819683,
            "wall_utc": "2026-08-26T11:05:36.313Z"
          },
          "terminal_reason": "forced_cleanup_after_measurement",
          "test_cleanup_requested_at": {
            "monotonic_s": 180744.819525,
            "wall_utc": "2026-08-26T11:05:36.313Z"
          }
        },
        "c950f21973725d4f786eeb069d722db4": {
          "accepted_at": {
            "monotonic_s": 180734.881894,
            "wall_utc": "2026-08-26T11:05:26.375Z"
          },
          "active_duration_s": 9.937718,
          "cancel_callbacks": [],
          "execute_started_at": {
            "monotonic_s": 180734.882273,
            "wall_utc": "2026-08-26T11:05:26.375Z"
          },
          "feedback_count": 36,
          "feedback_errors": [],
          "first_feedback_at": {
            "monotonic_s": 180734.882435,
            "wall_utc": "2026-08-26T11:05:26.376Z"
          },
          "goal_id": "c950f21973725d4f786eeb069d722db4",
          "last_feedback_at": {
            "monotonic_s": 180744.77639,
            "wall_utc": "2026-08-26T11:05:36.270Z"
          },
          "last_feedback_navigation_s": 9.893802,
          "last_feedback_simulated_progress_m": 0.98938,
          "simulated_distance_at_terminal_m": 0.993772,
          "state": "ABORTED_BY_TEST_CLEANUP",
          "state_history": [
            {
              "at": {
                "monotonic_s": 180734.881894,
                "wall_utc": "2026-08-26T11:05:26.375Z"
              },
              "state": "ACCEPTED"
            },
            {
              "at": {
                "monotonic_s": 180734.882273,
                "wall_utc": "2026-08-26T11:05:26.375Z"
              },
              "state": "EXECUTING"
            },
            {
              "at": {
                "monotonic_s": 180744.819991,
                "wall_utc": "2026-08-26T11:05:36.313Z"
              },
              "reason": "forced_cleanup_after_measurement",
              "state": "ABORTED_BY_TEST_CLEANUP"
            }
          ],
          "target_marker_x": 60.04,
          "terminal_at": {
            "monotonic_s": 180744.819991,
            "wall_utc": "2026-08-26T11:05:36.313Z"
          },
          "terminal_reason": "forced_cleanup_after_measurement",
          "test_cleanup_requested_at": {
            "monotonic_s": 180744.819537,
            "wall_utc": "2026-08-26T11:05:36.313Z"
          }
        }
      },
      "heartbeat_counts": {
        "A": 8,
        "B": 35
      },
      "interpretation_guardrail": "concurrency is in a non-physical dummy action server configured to accept multiple goals; it is not evidence of a physical collision or stock Nav2 controller preemption behavior",
      "lease_holder": "A",
      "max_simultaneous_active_goals": 2,
      "measurement_completed_at": {
        "monotonic_s": 180744.819516,
        "wall_utc": "2026-08-26T11:05:36.313Z"
      },
      "observed": "A_AND_B_SIMULTANEOUSLY_ACTIVE",
      "outcome_class": "A_AND_B_SIMULTANEOUSLY_ACTIVE",
      "path": [
        "HorusLink client",
        "horus_unity_bridge",
        "ROS goal/cancel topic",
        "horus_backend Nav2ActionAdapter",
        "dummy NavigateToPose action server"
      ],
      "post_revocation_active_duration_s": 10.000076,
      "revision": "eca75cbf559f09ff793d8993338b2f1ffed1adfd",
      "revocation_event": {
        "payload": {
          "event": "lease_released",
          "holder_app_id": "long-probe-A",
          "lease_ttl_ms": 1200,
          "lease_version": 144,
          "leases": [],
          "request_id": "R4_HANDOFF-T04-A-release",
          "robot_name": "robot1",
          "session_id": "R4_HANDOFF-T04-session-A"
        },
        "received_at": {
          "monotonic_s": 180734.819182,
          "wall_utc": "2026-08-26T11:05:26.312Z"
        }
      },
      "revocation_event_timestamp": {
        "monotonic_s": 180734.819182,
        "wall_utc": "2026-08-26T11:05:26.312Z"
      },
      "revocation_initiated_at": {
        "monotonic_s": 180734.814005,
        "wall_utc": "2026-08-26T11:05:26.307Z"
      },
      "runtime_label": "fixed-unmodified",
      "setup": {
        "catalog_event": {
          "payload": {
            "event": "snapshot",
            "lease_ttl_ms": 1200,
            "lease_version": 135,
            "leases": [],
            "session_id": "horus-long-action-probe"
          },
          "received_at": {
            "monotonic_s": 180732.762338,
            "wall_utc": "2026-08-26T11:05:24.255Z"
          }
        },
        "fresh_trial_state_verified": true,
        "goal_accepted_at": {
          "monotonic_s": 180732.81389,
          "wall_utc": "2026-08-26T11:05:24.307Z"
        },
        "goal_id": "9393b6adf4e81dffc99984270455d4e2",
        "goal_marker_x": 50.04,
        "goal_publish_sent_at": {
          "monotonic_s": 180732.812268,
          "wall_utc": "2026-08-26T11:05:24.305Z"
        },
        "lease_acquire_event": {
          "payload": {
            "event": "lease_granted",
            "holder_app_id": "long-probe-A",
            "lease_ttl_ms": 1200,
            "lease_version": 136,
            "leases": [
              {
                "acquired_at_ms": 180732802,
                "holder_app_id": "long-probe-A",
                "holder_role": "operator",
                "last_heartbeat_ms": 180732802,
                "lease_version": 136,
                "panel_open": true,
                "robot_name": "robot1",
                "session_id": "R4_HANDOFF-T04-session-A",
                "task_active": true,
                "task_kind": "navigation",
                "teleop_active": true
              }
            ],
            "request_id": "R4_HANDOFF-T04-A-acquire",
            "robot_name": "robot1",
            "session_id": "R4_HANDOFF-T04-session-A"
          },
          "received_at": {
            "monotonic_s": 180732.802724,
            "wall_utc": "2026-08-26T11:05:24.296Z"
          }
        },
        "lease_holder": "A",
        "lease_state_after_acquire": [
          {
            "acquired_at_ms": 180732802,
            "holder_app_id": "long-probe-A",
            "holder_role": "operator",
            "last_heartbeat_ms": 180732802,
            "lease_version": 136,
            "panel_open": true,
            "robot_name": "robot1",
            "session_id": "R4_HANDOFF-T04-session-A",
            "task_active": true,
            "task_kind": "navigation",
            "teleop_active": true
          }
        ]
      },
      "simulated_additional_distance_m": 1.000008,
      "started_at": {
        "monotonic_s": 180732.759279,
        "wall_utc": "2026-08-26T11:05:24.252Z"
      },
      "test_id": "R4_HANDOFF",
      "trial_complete": true,
      "trial_id": "R4_HANDOFF-T04",
      "trial_number": 4,
      "verdict": "MEASURED"
    },
    {
      "a_cancel_request_count": 0,
      "a_goal_preempted": false,
      "a_goal_state_at_observation_end": "EXECUTING",
      "b_cancel_request_count": 0,
      "b_goal_accepted": true,
      "b_goal_accepted_at": {
        "monotonic_s": 180747.051729,
        "wall_utc": "2026-08-26T11:05:38.545Z"
      },
      "b_goal_id": "4df3f3fc36879475091055d1b40d775c",
      "b_goal_publish_sent_at": {
        "monotonic_s": 180747.03345,
        "wall_utc": "2026-08-26T11:05:38.527Z"
      },
      "b_goal_state_at_observation_end": "EXECUTING",
      "b_lease_acquire_event": {
        "payload": {
          "event": "lease_granted",
          "holder_app_id": "long-probe-B",
          "lease_ttl_ms": 1200,
          "lease_version": 190,
          "leases": [
            {
              "acquired_at_ms": 180747009,
              "holder_app_id": "long-probe-B",
              "holder_role": "operator",
              "last_heartbeat_ms": 180747009,
              "lease_version": 190,
              "panel_open": true,
              "robot_name": "robot1",
              "session_id": "R4_HANDOFF-T05-session-B",
              "task_active": true,
              "task_kind": "navigation",
              "teleop_active": true
            }
          ],
          "request_id": "R4_HANDOFF-T05-B-acquire",
          "robot_name": "robot1",
          "session_id": "R4_HANDOFF-T05-session-B"
        },
        "received_at": {
          "monotonic_s": 180747.0102,
          "wall_utc": "2026-08-26T11:05:38.503Z"
        }
      },
      "b_lease_acquire_sent_at": {
        "monotonic_s": 180747.008095,
        "wall_utc": "2026-08-26T11:05:38.501Z"
      },
      "cancel_goal_ids": [],
      "cancel_request_count_at_measurement_end": 0,
      "checkpoints": [
        {
          "active_goal_count": 2,
          "active_goal_ids": [
            "31b5a3092599e63820fa9aaddbaba8b4",
            "4df3f3fc36879475091055d1b40d775c"
          ],
          "goals": {
            "31b5a3092599e63820fa9aaddbaba8b4": {
              "cancel_request_count": 0,
              "feedback_count": 9,
              "goal_id": "31b5a3092599e63820fa9aaddbaba8b4",
              "last_feedback_navigation_s": 2.235046,
              "last_feedback_simulated_progress_m": 0.223505,
              "state": "EXECUTING",
              "target_marker_x": 50.05,
              "terminal_at": null
            },
            "4df3f3fc36879475091055d1b40d775c": {
              "cancel_request_count": 0,
              "feedback_count": 2,
              "goal_id": "4df3f3fc36879475091055d1b40d775c",
              "last_feedback_navigation_s": 0.282583,
              "last_feedback_simulated_progress_m": 0.028258,
              "state": "EXECUTING",
              "target_marker_x": 60.05,
              "terminal_at": null
            }
          },
          "lease_state": {
            "event": "lease_updated",
            "holder_app_id": "long-probe-B",
            "lease_ttl_ms": 1200,
            "lease_version": 193,
            "leases": [
              {
                "acquired_at_ms": 180747009,
                "holder_app_id": "long-probe-B",
                "holder_role": "operator",
                "last_heartbeat_ms": 180747383,
                "lease_version": 193,
                "panel_open": true,
                "robot_name": "robot1",
                "session_id": "R4_HANDOFF-T05-session-B",
                "task_active": true,
                "task_kind": "navigation",
                "teleop_active": true
              }
            ],
            "request_id": "R4_HANDOFF-T05-B-hb-11",
            "robot_name": "robot1",
            "session_id": "R4_HANDOFF-T05-session-B"
          },
          "observed_at": {
            "monotonic_s": 180747.483457,
            "wall_utc": "2026-08-26T11:05:38.977Z"
          },
          "observed_offset_s": 0.500066,
          "scheduled_offset_s": 0.5
        },
        {
          "active_goal_count": 2,
          "active_goal_ids": [
            "31b5a3092599e63820fa9aaddbaba8b4",
            "4df3f3fc36879475091055d1b40d775c"
          ],
          "goals": {
            "31b5a3092599e63820fa9aaddbaba8b4": {
              "cancel_request_count": 0,
              "feedback_count": 11,
              "goal_id": "31b5a3092599e63820fa9aaddbaba8b4",
              "last_feedback_navigation_s": 2.800422,
              "last_feedback_simulated_progress_m": 0.280042,
              "state": "EXECUTING",
              "target_marker_x": 50.05,
              "terminal_at": null
            },
            "4df3f3fc36879475091055d1b40d775c": {
              "cancel_request_count": 0,
              "feedback_count": 4,
              "goal_id": "4df3f3fc36879475091055d1b40d775c",
              "last_feedback_navigation_s": 0.847689,
              "last_feedback_simulated_progress_m": 0.084769,
              "state": "EXECUTING",
              "target_marker_x": 60.05,
              "terminal_at": null
            }
          },
          "lease_state": {
            "event": "lease_updated",
            "holder_app_id": "long-probe-B",
            "lease_ttl_ms": 1200,
            "lease_version": 195,
            "leases": [
              {
                "acquired_at_ms": 180747009,
                "holder_app_id": "long-probe-B",
                "holder_role": "operator",
                "last_heartbeat_ms": 180747808,
                "lease_version": 195,
                "panel_open": true,
                "robot_name": "robot1",
                "session_id": "R4_HANDOFF-T05-session-B",
                "task_active": true,
                "task_kind": "navigation",
                "teleop_active": true
              }
            ],
            "request_id": "R4_HANDOFF-T05-B-hb-13",
            "robot_name": "robot1",
            "session_id": "R4_HANDOFF-T05-session-B"
          },
          "observed_at": {
            "monotonic_s": 180747.983474,
            "wall_utc": "2026-08-26T11:05:39.477Z"
          },
          "observed_offset_s": 1.000083,
          "scheduled_offset_s": 1.0
        },
        {
          "active_goal_count": 2,
          "active_goal_ids": [
            "31b5a3092599e63820fa9aaddbaba8b4",
            "4df3f3fc36879475091055d1b40d775c"
          ],
          "goals": {
            "31b5a3092599e63820fa9aaddbaba8b4": {
              "cancel_request_count": 0,
              "feedback_count": 18,
              "goal_id": "31b5a3092599e63820fa9aaddbaba8b4",
              "last_feedback_navigation_s": 4.77212,
              "last_feedback_simulated_progress_m": 0.477212,
              "state": "EXECUTING",
              "target_marker_x": 50.05,
              "terminal_at": null
            },
            "4df3f3fc36879475091055d1b40d775c": {
              "cancel_request_count": 0,
              "feedback_count": 11,
              "goal_id": "4df3f3fc36879475091055d1b40d775c",
              "last_feedback_navigation_s": 2.827931,
              "last_feedback_simulated_progress_m": 0.282793,
              "state": "EXECUTING",
              "target_marker_x": 60.05,
              "terminal_at": null
            }
          },
          "lease_state": {
            "event": "lease_updated",
            "holder_app_id": "long-probe-B",
            "lease_ttl_ms": 1200,
            "lease_version": 202,
            "leases": [
              {
                "acquired_at_ms": 180747009,
                "holder_app_id": "long-probe-B",
                "holder_role": "operator",
                "last_heartbeat_ms": 180749915,
                "lease_version": 202,
                "panel_open": true,
                "robot_name": "robot1",
                "session_id": "R4_HANDOFF-T05-session-B",
                "task_active": true,
                "task_kind": "navigation",
                "teleop_active": true
              }
            ],
            "request_id": "R4_HANDOFF-T05-B-hb-20",
            "robot_name": "robot1",
            "session_id": "R4_HANDOFF-T05-session-B"
          },
          "observed_at": {
            "monotonic_s": 180749.983464,
            "wall_utc": "2026-08-26T11:05:41.477Z"
          },
          "observed_offset_s": 3.000073,
          "scheduled_offset_s": 3.0
        },
        {
          "active_goal_count": 2,
          "active_goal_ids": [
            "31b5a3092599e63820fa9aaddbaba8b4",
            "4df3f3fc36879475091055d1b40d775c"
          ],
          "goals": {
            "31b5a3092599e63820fa9aaddbaba8b4": {
              "cancel_request_count": 0,
              "feedback_count": 25,
              "goal_id": "31b5a3092599e63820fa9aaddbaba8b4",
              "last_feedback_navigation_s": 6.752942,
              "last_feedback_simulated_progress_m": 0.675294,
              "state": "EXECUTING",
              "target_marker_x": 50.05,
              "terminal_at": null
            },
            "4df3f3fc36879475091055d1b40d775c": {
              "cancel_request_count": 0,
              "feedback_count": 18,
              "goal_id": "4df3f3fc36879475091055d1b40d775c",
              "last_feedback_navigation_s": 4.805198,
              "last_feedback_simulated_progress_m": 0.48052,
              "state": "EXECUTING",
              "target_marker_x": 60.05,
              "terminal_at": null
            }
          },
          "lease_state": {
            "event": "lease_updated",
            "holder_app_id": "long-probe-B",
            "lease_ttl_ms": 1200,
            "lease_version": 209,
            "leases": [
              {
                "acquired_at_ms": 180747009,
                "holder_app_id": "long-probe-B",
                "holder_role": "operator",
                "last_heartbeat_ms": 180751911,
                "lease_version": 209,
                "panel_open": true,
                "robot_name": "robot1",
                "session_id": "R4_HANDOFF-T05-session-B",
                "task_active": true,
                "task_kind": "navigation",
                "teleop_active": true
              }
            ],
            "request_id": "R4_HANDOFF-T05-B-hb-27",
            "robot_name": "robot1",
            "session_id": "R4_HANDOFF-T05-session-B"
          },
          "observed_at": {
            "monotonic_s": 180751.983441,
            "wall_utc": "2026-08-26T11:05:43.477Z"
          },
          "observed_offset_s": 5.00005,
          "scheduled_offset_s": 5.0
        },
        {
          "active_goal_count": 2,
          "active_goal_ids": [
            "31b5a3092599e63820fa9aaddbaba8b4",
            "4df3f3fc36879475091055d1b40d775c"
          ],
          "goals": {
            "31b5a3092599e63820fa9aaddbaba8b4": {
              "cancel_request_count": 0,
              "feedback_count": 43,
              "goal_id": "31b5a3092599e63820fa9aaddbaba8b4",
              "last_feedback_navigation_s": 11.839214,
              "last_feedback_simulated_progress_m": 1.183921,
              "state": "EXECUTING",
              "target_marker_x": 50.05,
              "terminal_at": null
            },
            "4df3f3fc36879475091055d1b40d775c": {
              "cancel_request_count": 0,
              "feedback_count": 36,
              "goal_id": "4df3f3fc36879475091055d1b40d775c",
              "last_feedback_navigation_s": 9.889915,
              "last_feedback_simulated_progress_m": 0.988992,
              "state": "EXECUTING",
              "target_marker_x": 60.05,
              "terminal_at": null
            }
          },
          "lease_state": {
            "event": "lease_updated",
            "holder_app_id": "long-probe-B",
            "lease_ttl_ms": 1200,
            "lease_version": 225,
            "leases": [
              {
                "acquired_at_ms": 180747009,
                "holder_app_id": "long-probe-B",
                "holder_role": "operator",
                "last_heartbeat_ms": 180756822,
                "lease_version": 225,
                "panel_open": true,
                "robot_name": "robot1",
                "session_id": "R4_HANDOFF-T05-session-B",
                "task_active": true,
                "task_kind": "navigation",
                "teleop_active": true
              }
            ],
            "request_id": "R4_HANDOFF-T05-B-hb-43",
            "robot_name": "robot1",
            "session_id": "R4_HANDOFF-T05-session-B"
          },
          "observed_at": {
            "monotonic_s": 180756.98345,
            "wall_utc": "2026-08-26T11:05:48.477Z"
          },
          "observed_offset_s": 10.000059,
          "scheduled_offset_s": 10.0
        }
      ],
      "cleanup": {
        "active_goal_ids_after_cleanup": [],
        "clean": true,
        "completed_at": {
          "monotonic_s": 180757.089619,
          "wall_utc": "2026-08-26T11:05:48.583Z"
        },
        "forced_goal_ids": [
          "31b5a3092599e63820fa9aaddbaba8b4",
          "4df3f3fc36879475091055d1b40d775c"
        ],
        "release_or_close_errors": [],
        "started_at": {
          "monotonic_s": 180756.983794,
          "wall_utc": "2026-08-26T11:05:48.477Z"
        },
        "terminal_wait_errors": []
      },
      "concurrency_events": [
        {
          "active_goal_count": 1,
          "active_goal_ids": [
            "31b5a3092599e63820fa9aaddbaba8b4"
          ],
          "at": {
            "monotonic_s": 180744.982648,
            "wall_utc": "2026-08-26T11:05:36.476Z"
          },
          "reason": "goal_accepted"
        },
        {
          "active_goal_count": 1,
          "active_goal_ids": [
            "31b5a3092599e63820fa9aaddbaba8b4"
          ],
          "at": {
            "monotonic_s": 180744.983006,
            "wall_utc": "2026-08-26T11:05:36.476Z"
          },
          "reason": "execute_started"
        },
        {
          "active_goal_count": 2,
          "active_goal_ids": [
            "31b5a3092599e63820fa9aaddbaba8b4",
            "4df3f3fc36879475091055d1b40d775c"
          ],
          "at": {
            "monotonic_s": 180747.051756,
            "wall_utc": "2026-08-26T11:05:38.545Z"
          },
          "reason": "goal_accepted"
        },
        {
          "active_goal_count": 2,
          "active_goal_ids": [
            "31b5a3092599e63820fa9aaddbaba8b4",
            "4df3f3fc36879475091055d1b40d775c"
          ],
          "at": {
            "monotonic_s": 180747.052115,
            "wall_utc": "2026-08-26T11:05:38.545Z"
          },
          "reason": "execute_started"
        }
      ],
      "distance_model": "constant 0.1 m/s; not physical motion",
      "duration_basis": "active_at_observation_end_lower_bound",
      "duration_is_right_censored_lower_bound": true,
      "evidence_fields": {
        "active_goal_count_at_observation_end": 2,
        "b_goal_id": "4df3f3fc36879475091055d1b40d775c",
        "b_goal_status_at_observation_end": "EXECUTING",
        "cancel_goal_ids": [],
        "cancel_request_times": [],
        "cleanup_clean": true,
        "expected": "after A release, B acquires the lease and starts a distinct goal; measure A/B acceptance, overlap, preemption, and cancel IDs",
        "feedback_count_at_observation_end": 43,
        "first_feedback_time": {
          "monotonic_s": 180744.983174,
          "wall_utc": "2026-08-26T11:05:36.476Z"
        },
        "goal_accepted_time": {
          "monotonic_s": 180744.982611,
          "wall_utc": "2026-08-26T11:05:36.476Z"
        },
        "goal_id": "31b5a3092599e63820fa9aaddbaba8b4",
        "goal_state_at_observation_end": "EXECUTING",
        "goal_terminal_state": "ABORTED_BY_TEST_CLEANUP",
        "last_feedback_time_at_observation_end": {
          "monotonic_s": 180756.822446,
          "wall_utc": "2026-08-26T11:05:48.316Z"
        },
        "last_simulated_progress_m_at_observation_end": 1.183921,
        "lease_holder": "A",
        "max_simultaneous_active_goals": 2,
        "observed": "A_AND_B_SIMULTANEOUSLY_ACTIVE",
        "post_revocation_duration_s": 10.000059,
        "revision": "eca75cbf559f09ff793d8993338b2f1ffed1adfd",
        "revocation_time": {
          "monotonic_s": 180746.983391,
          "wall_utc": "2026-08-26T11:05:38.477Z"
        },
        "simulated_additional_distance_m": 1.000006,
        "terminal_time": {
          "monotonic_s": 180756.984131,
          "wall_utc": "2026-08-26T11:05:48.477Z"
        },
        "test_id": "R4_HANDOFF",
        "trial_id": "R4_HANDOFF-T05",
        "verdict": "MEASURED"
      },
      "expected": "after A release, B acquires the lease and starts a distinct goal; measure A/B acceptance, overlap, preemption, and cancel IDs",
      "goal_records_at_measurement_end": {
        "31b5a3092599e63820fa9aaddbaba8b4": {
          "accepted_at": {
            "monotonic_s": 180744.982611,
            "wall_utc": "2026-08-26T11:05:36.476Z"
          },
          "cancel_callbacks": [],
          "execute_started_at": {
            "monotonic_s": 180744.982982,
            "wall_utc": "2026-08-26T11:05:36.476Z"
          },
          "feedback_count": 43,
          "feedback_errors": [],
          "first_feedback_at": {
            "monotonic_s": 180744.983174,
            "wall_utc": "2026-08-26T11:05:36.476Z"
          },
          "goal_id": "31b5a3092599e63820fa9aaddbaba8b4",
          "last_feedback_at": {
            "monotonic_s": 180756.822446,
            "wall_utc": "2026-08-26T11:05:48.316Z"
          },
          "last_feedback_navigation_s": 11.839214,
          "last_feedback_simulated_progress_m": 1.183921,
          "state": "EXECUTING",
          "state_history": [
            {
              "at": {
                "monotonic_s": 180744.982611,
                "wall_utc": "2026-08-26T11:05:36.476Z"
              },
              "state": "ACCEPTED"
            },
            {
              "at": {
                "monotonic_s": 180744.982982,
                "wall_utc": "2026-08-26T11:05:36.476Z"
              },
              "state": "EXECUTING"
            }
          ],
          "target_marker_x": 50.05,
          "terminal_at": null,
          "terminal_reason": null,
          "test_cleanup_requested_at": null
        },
        "4df3f3fc36879475091055d1b40d775c": {
          "accepted_at": {
            "monotonic_s": 180747.051729,
            "wall_utc": "2026-08-26T11:05:38.545Z"
          },
          "cancel_callbacks": [],
          "execute_started_at": {
            "monotonic_s": 180747.052092,
            "wall_utc": "2026-08-26T11:05:38.545Z"
          },
          "feedback_count": 36,
          "feedback_errors": [],
          "first_feedback_at": {
            "monotonic_s": 180747.052315,
            "wall_utc": "2026-08-26T11:05:38.545Z"
          },
          "goal_id": "4df3f3fc36879475091055d1b40d775c",
          "last_feedback_at": {
            "monotonic_s": 180756.942285,
            "wall_utc": "2026-08-26T11:05:48.435Z"
          },
          "last_feedback_navigation_s": 9.889915,
          "last_feedback_simulated_progress_m": 0.988992,
          "state": "EXECUTING",
          "state_history": [
            {
              "at": {
                "monotonic_s": 180747.051729,
                "wall_utc": "2026-08-26T11:05:38.545Z"
              },
              "state": "ACCEPTED"
            },
            {
              "at": {
                "monotonic_s": 180747.052092,
                "wall_utc": "2026-08-26T11:05:38.545Z"
              },
              "state": "EXECUTING"
            }
          ],
          "target_marker_x": 60.05,
          "terminal_at": null,
          "terminal_reason": null,
          "test_cleanup_requested_at": null
        }
      },
      "goal_records_final": {
        "31b5a3092599e63820fa9aaddbaba8b4": {
          "accepted_at": {
            "monotonic_s": 180744.982611,
            "wall_utc": "2026-08-26T11:05:36.476Z"
          },
          "active_duration_s": 12.001149,
          "cancel_callbacks": [],
          "execute_started_at": {
            "monotonic_s": 180744.982982,
            "wall_utc": "2026-08-26T11:05:36.476Z"
          },
          "feedback_count": 43,
          "feedback_errors": [],
          "first_feedback_at": {
            "monotonic_s": 180744.983174,
            "wall_utc": "2026-08-26T11:05:36.476Z"
          },
          "goal_id": "31b5a3092599e63820fa9aaddbaba8b4",
          "last_feedback_at": {
            "monotonic_s": 180756.822446,
            "wall_utc": "2026-08-26T11:05:48.316Z"
          },
          "last_feedback_navigation_s": 11.839214,
          "last_feedback_simulated_progress_m": 1.183921,
          "simulated_distance_at_terminal_m": 1.200115,
          "state": "ABORTED_BY_TEST_CLEANUP",
          "state_history": [
            {
              "at": {
                "monotonic_s": 180744.982611,
                "wall_utc": "2026-08-26T11:05:36.476Z"
              },
              "state": "ACCEPTED"
            },
            {
              "at": {
                "monotonic_s": 180744.982982,
                "wall_utc": "2026-08-26T11:05:36.476Z"
              },
              "state": "EXECUTING"
            },
            {
              "at": {
                "monotonic_s": 180756.984131,
                "wall_utc": "2026-08-26T11:05:48.477Z"
              },
              "reason": "forced_cleanup_after_measurement",
              "state": "ABORTED_BY_TEST_CLEANUP"
            }
          ],
          "target_marker_x": 50.05,
          "terminal_at": {
            "monotonic_s": 180756.984131,
            "wall_utc": "2026-08-26T11:05:48.477Z"
          },
          "terminal_reason": "forced_cleanup_after_measurement",
          "test_cleanup_requested_at": {
            "monotonic_s": 180756.983801,
            "wall_utc": "2026-08-26T11:05:48.477Z"
          }
        },
        "4df3f3fc36879475091055d1b40d775c": {
          "accepted_at": {
            "monotonic_s": 180747.051729,
            "wall_utc": "2026-08-26T11:05:38.545Z"
          },
          "active_duration_s": 9.932388,
          "cancel_callbacks": [],
          "execute_started_at": {
            "monotonic_s": 180747.052092,
            "wall_utc": "2026-08-26T11:05:38.545Z"
          },
          "feedback_count": 36,
          "feedback_errors": [],
          "first_feedback_at": {
            "monotonic_s": 180747.052315,
            "wall_utc": "2026-08-26T11:05:38.545Z"
          },
          "goal_id": "4df3f3fc36879475091055d1b40d775c",
          "last_feedback_at": {
            "monotonic_s": 180756.942285,
            "wall_utc": "2026-08-26T11:05:48.435Z"
          },
          "last_feedback_navigation_s": 9.889915,
          "last_feedback_simulated_progress_m": 0.988992,
          "simulated_distance_at_terminal_m": 0.993239,
          "state": "ABORTED_BY_TEST_CLEANUP",
          "state_history": [
            {
              "at": {
                "monotonic_s": 180747.051729,
                "wall_utc": "2026-08-26T11:05:38.545Z"
              },
              "state": "ACCEPTED"
            },
            {
              "at": {
                "monotonic_s": 180747.052092,
                "wall_utc": "2026-08-26T11:05:38.545Z"
              },
              "state": "EXECUTING"
            },
            {
              "at": {
                "monotonic_s": 180756.98448,
                "wall_utc": "2026-08-26T11:05:48.478Z"
              },
              "reason": "forced_cleanup_after_measurement",
              "state": "ABORTED_BY_TEST_CLEANUP"
            }
          ],
          "target_marker_x": 60.05,
          "terminal_at": {
            "monotonic_s": 180756.98448,
            "wall_utc": "2026-08-26T11:05:48.478Z"
          },
          "terminal_reason": "forced_cleanup_after_measurement",
          "test_cleanup_requested_at": {
            "monotonic_s": 180756.983815,
            "wall_utc": "2026-08-26T11:05:48.477Z"
          }
        }
      },
      "heartbeat_counts": {
        "A": 8,
        "B": 35
      },
      "interpretation_guardrail": "concurrency is in a non-physical dummy action server configured to accept multiple goals; it is not evidence of a physical collision or stock Nav2 controller preemption behavior",
      "lease_holder": "A",
      "max_simultaneous_active_goals": 2,
      "measurement_completed_at": {
        "monotonic_s": 180756.983782,
        "wall_utc": "2026-08-26T11:05:48.477Z"
      },
      "observed": "A_AND_B_SIMULTANEOUSLY_ACTIVE",
      "outcome_class": "A_AND_B_SIMULTANEOUSLY_ACTIVE",
      "path": [
        "HorusLink client",
        "horus_unity_bridge",
        "ROS goal/cancel topic",
        "horus_backend Nav2ActionAdapter",
        "dummy NavigateToPose action server"
      ],
      "post_revocation_active_duration_s": 10.000059,
      "revision": "eca75cbf559f09ff793d8993338b2f1ffed1adfd",
      "revocation_event": {
        "payload": {
          "event": "lease_released",
          "holder_app_id": "long-probe-A",
          "lease_ttl_ms": 1200,
          "lease_version": 189,
          "leases": [],
          "request_id": "R4_HANDOFF-T05-A-release",
          "robot_name": "robot1",
          "session_id": "R4_HANDOFF-T05-session-A"
        },
        "received_at": {
          "monotonic_s": 180746.983391,
          "wall_utc": "2026-08-26T11:05:38.477Z"
        }
      },
      "revocation_event_timestamp": {
        "monotonic_s": 180746.983391,
        "wall_utc": "2026-08-26T11:05:38.477Z"
      },
      "revocation_initiated_at": {
        "monotonic_s": 180746.982698,
        "wall_utc": "2026-08-26T11:05:38.476Z"
      },
      "runtime_label": "fixed-unmodified",
      "setup": {
        "catalog_event": {
          "payload": {
            "event": "snapshot",
            "lease_ttl_ms": 1200,
            "lease_version": 180,
            "leases": [],
            "session_id": "horus-long-action-probe"
          },
          "received_at": {
            "monotonic_s": 180744.928907,
            "wall_utc": "2026-08-26T11:05:36.422Z"
          }
        },
        "fresh_trial_state_verified": true,
        "goal_accepted_at": {
          "monotonic_s": 180744.982611,
          "wall_utc": "2026-08-26T11:05:36.476Z"
        },
        "goal_id": "31b5a3092599e63820fa9aaddbaba8b4",
        "goal_marker_x": 50.05,
        "goal_publish_sent_at": {
          "monotonic_s": 180744.978761,
          "wall_utc": "2026-08-26T11:05:36.472Z"
        },
        "lease_acquire_event": {
          "payload": {
            "event": "lease_granted",
            "holder_app_id": "long-probe-A",
            "lease_ttl_ms": 1200,
            "lease_version": 181,
            "leases": [
              {
                "acquired_at_ms": 180744970,
                "holder_app_id": "long-probe-A",
                "holder_role": "operator",
                "last_heartbeat_ms": 180744970,
                "lease_version": 181,
                "panel_open": true,
                "robot_name": "robot1",
                "session_id": "R4_HANDOFF-T05-session-A",
                "task_active": true,
                "task_kind": "navigation",
                "teleop_active": true
              }
            ],
            "request_id": "R4_HANDOFF-T05-A-acquire",
            "robot_name": "robot1",
            "session_id": "R4_HANDOFF-T05-session-A"
          },
          "received_at": {
            "monotonic_s": 180744.971455,
            "wall_utc": "2026-08-26T11:05:36.465Z"
          }
        },
        "lease_holder": "A",
        "lease_state_after_acquire": [
          {
            "acquired_at_ms": 180744970,
            "holder_app_id": "long-probe-A",
            "holder_role": "operator",
            "last_heartbeat_ms": 180744970,
            "lease_version": 181,
            "panel_open": true,
            "robot_name": "robot1",
            "session_id": "R4_HANDOFF-T05-session-A",
            "task_active": true,
            "task_kind": "navigation",
            "teleop_active": true
          }
        ]
      },
      "simulated_additional_distance_m": 1.000006,
      "started_at": {
        "monotonic_s": 180744.925267,
        "wall_utc": "2026-08-26T11:05:36.418Z"
      },
      "test_id": "R4_HANDOFF",
      "trial_complete": true,
      "trial_id": "R4_HANDOFF-T05",
      "trial_number": 5,
      "verdict": "MEASURED"
    }
  ]
}
HORUS_LONG_ACTION_JSON_END
HORUS_RUNTIME_PROBE_COMPLETE
suite=handoff rc=0

--- TEST-ONLY PATCH RUN ---
[HORUS patch] test-only source patch: /workspace/authorization_env/horus_revocation_cancel_test.patch
patching file horus_unity_bridge/include/horus_unity_bridge/control_lease_manager.hpp
patching file horus_unity_bridge/src/control_lease_manager.cpp
Hunk #2 succeeded at 371 (offset 1 line).
Hunk #4 succeeded at 566 (offset 1 line).
[HORUS 1/3] Fixed-source Jazzy build
Summary: 4 packages finished [26.1s]
[HORUS 2/3] Loopback-only bridge and backend
Connection to 127.0.0.1 11000 port [tcp/*] succeeded!
Connection to 127.0.0.1 11001 port [tcp/*] succeeded!
Connection to 127.0.0.1 11000 port [tcp/*] succeeded!
Connection to 127.0.0.1 11001 port [tcp/*] succeeded!
[HORUS 3/3] Runtime probe: horus_long_action_probe.py --suite fix --trials 5 --observation-sec 10 --goal-duration-sec 32 --lease-ttl-ms 1200 --runtime-label test-only-fix
[WARN] [1787742376.628703658] [rcl]: ROS_LOCALHOST_ONLY is deprecated but still honored if it is enabled. Use ROS_AUTOMATIC_DISCOVERY_RANGE and ROS_STATIC_PEERS instead.
[WARN] [1787742376.628729642] [rcl]: 'localhost_only' is enabled, 'automatic_discovery_range' and 'static_peers' will be ignored.
[HORUS long probe] A1_EXPLICIT_CANCEL trial 1/5
[HORUS long probe] A1_EXPLICIT_CANCEL trial 2/5
[HORUS long probe] A1_EXPLICIT_CANCEL trial 3/5
[HORUS long probe] A1_EXPLICIT_CANCEL trial 4/5
[HORUS long probe] A1_EXPLICIT_CANCEL trial 5/5
[HORUS long probe] R1_RELEASE trial 1/5
[HORUS long probe] R1_RELEASE trial 2/5
[HORUS long probe] R1_RELEASE trial 3/5
[HORUS long probe] R1_RELEASE trial 4/5
[HORUS long probe] R1_RELEASE trial 5/5
[HORUS long probe] R2_TTL_EXPIRY trial 1/5
[HORUS long probe] R2_TTL_EXPIRY trial 2/5
[HORUS long probe] R2_TTL_EXPIRY trial 3/5
[HORUS long probe] R2_TTL_EXPIRY trial 4/5
[HORUS long probe] R2_TTL_EXPIRY trial 5/5
[HORUS long probe] R3_DISCONNECT trial 1/5
[HORUS long probe] R3_DISCONNECT trial 2/5
[HORUS long probe] R3_DISCONNECT trial 3/5
[HORUS long probe] R3_DISCONNECT trial 4/5
[HORUS long probe] R3_DISCONNECT trial 5/5
[HORUS long probe] R4_HANDOFF trial 1/5
[HORUS long probe] R4_HANDOFF trial 2/5
[HORUS long probe] R4_HANDOFF trial 3/5
[HORUS long probe] R4_HANDOFF trial 4/5
[HORUS long probe] R4_HANDOFF trial 5/5
[HORUS long probe] F1_SELECTIVITY trial 1/5
[HORUS long probe] F1_SELECTIVITY trial 2/5
[HORUS long probe] F1_SELECTIVITY trial 3/5
[HORUS long probe] F1_SELECTIVITY trial 4/5
[HORUS long probe] F1_SELECTIVITY trial 5/5
HORUS_LONG_ACTION_JSON_BEGIN
{
  "actual_path": [
    "HorusLink client",
    "unmodified/test-variant HORUS bridge",
    "HORUS backend Nav2ActionAdapter",
    "dummy NavigateToPose action server"
  ],
  "aggregate": {
    "A1_EXPLICIT_CANCEL": {
      "cancel_requests_at_measurement_end": 5,
      "max_simultaneous_active_goals": 1,
      "outcomes": {
        "EXPLICIT_CANCEL_WORKS": 5
      },
      "trials_complete": 5,
      "trials_error": 0,
      "trials_requested": 5
    },
    "F1_SELECTIVITY": {
      "cancel_requests_at_measurement_end": 5,
      "max_simultaneous_active_goals": 2,
      "outcomes": {
        "WRONG_LATEST_GOAL_CANCELLED": 5
      },
      "trials_complete": 5,
      "trials_error": 0,
      "trials_requested": 5
    },
    "R1_RELEASE": {
      "cancel_requests_at_measurement_end": 5,
      "max_simultaneous_active_goals": 1,
      "outcomes": {
        "REVOCATION_CANCEL_IMMEDIATE": 5
      },
      "trials_complete": 5,
      "trials_error": 0,
      "trials_requested": 5
    },
    "R2_TTL_EXPIRY": {
      "cancel_requests_at_measurement_end": 5,
      "max_simultaneous_active_goals": 1,
      "outcomes": {
        "REVOCATION_CANCEL_IMMEDIATE": 5
      },
      "trials_complete": 5,
      "trials_error": 0,
      "trials_requested": 5
    },
    "R3_DISCONNECT": {
      "cancel_requests_at_measurement_end": 5,
      "max_simultaneous_active_goals": 1,
      "outcomes": {
        "REVOCATION_CANCEL_IMMEDIATE": 5
      },
      "trials_complete": 5,
      "trials_error": 0,
      "trials_requested": 5
    },
    "R4_HANDOFF": {
      "cancel_requests_at_measurement_end": 5,
      "max_simultaneous_active_goals": 1,
      "outcomes": {
        "B_PREEMPTED_A_WITH_CANCEL": 5
      },
      "trials_complete": 5,
      "trials_error": 0,
      "trials_requested": 5
    }
  },
  "cases": [
    "A1_EXPLICIT_CANCEL",
    "R1_RELEASE",
    "R2_TTL_EXPIRY",
    "R3_DISCONNECT",
    "R4_HANDOFF",
    "F1_SELECTIVITY"
  ],
  "completed_at": {
    "monotonic_s": 181108.661337,
    "wall_utc": "2026-08-26T11:11:40.154Z"
  },
  "configuration": {
    "checkpoints_s": [
      0.5,
      1.0,
      3.0,
      5.0,
      10.0
    ],
    "feedback_period_s": 0.25,
    "goal_duration_s": 32.0,
    "lease_ttl_ms_expected": 1200,
    "network_scope": "bridge/backend expected on container loopback; parent runner enforces --network none",
    "observation_s": 10.0,
    "physical_robot": false,
    "revocation_delay_s": 2.0,
    "simulated_speed_mps": 0.1,
    "trials_per_case": 5
  },
  "duration_s": 323.529872,
  "interpretation_guardrails": [
    "simulated distance is a constant-speed software model, not physical movement",
    "dummy action server concurrency is not a claim about a stock Nav2 controller",
    "fix selectivity is patch correctness testing, not attack evidence"
  ],
  "measurement_valid": true,
  "probe": "horus_long_action_probe.py",
  "probe_pass": true,
  "revision": "eca75cbf559f09ff793d8993338b2f1ffed1adfd",
  "robot_registration": {
    "action_topic": "/robot1/navigate_to_pose",
    "cancel_topic": "/robot1/goal_cancel",
    "goal_topic": "/robot1/goal_pose",
    "robot_id": "robot1_1787742376936",
    "success": true
  },
  "robot_unregistration": {
    "completed_at": {
      "monotonic_s": 181108.661245,
      "wall_utc": "2026-08-26T11:11:40.154Z"
    },
    "robot_id": "robot1_1787742376936",
    "sent_at": {
      "monotonic_s": 181108.636118,
      "wall_utc": "2026-08-26T11:11:40.129Z"
    },
    "success": true
  },
  "runtime_label": "test-only-fix",
  "schema": "horus-long-action-probe/v1",
  "second_action_type": {
    "classification": "NAV2_ADAPTER_SPECIFIC_LIMITATION",
    "reason": "the fixed public HORUS backend exposes Nav2ActionAdapter only; inventing a new vulnerable adapter would violate the actual-backend-path requirement",
    "source_evidence": [
      "horus_backend/src/nav2_action_adapter.cpp",
      "horus_backend/include/horus_backend/nav2_action_adapter.hpp"
    ],
    "status": "NOT_RUN"
  },
  "started_at": {
    "monotonic_s": 180785.131465,
    "wall_utc": "2026-08-26T11:06:16.625Z"
  },
  "suite": "fix",
  "trials": [
    {
      "cancel_callback_at": {
        "monotonic_s": 180787.536325,
        "wall_utc": "2026-08-26T11:06:19.029Z"
      },
      "cancel_callback_latency_s": 0.001624,
      "cancel_goal_ids": [
        "d340259729ee76f5190bc048b15b9b9b"
      ],
      "cancel_request_count_at_measurement_end": 1,
      "cancel_sent_at": {
        "monotonic_s": 180787.534701,
        "wall_utc": "2026-08-26T11:06:19.028Z"
      },
      "cancel_to_terminal_latency_s": 0.016065,
      "cleanup": {
        "active_goal_ids_after_cleanup": [],
        "clean": true,
        "completed_at": {
          "monotonic_s": 180787.643024,
          "wall_utc": "2026-08-26T11:06:19.136Z"
        },
        "forced_goal_ids": [],
        "release_or_close_errors": [],
        "started_at": {
          "monotonic_s": 180787.562622,
          "wall_utc": "2026-08-26T11:06:19.056Z"
        },
        "terminal_wait_errors": []
      },
      "concurrency_events": [
        {
          "active_goal_count": 1,
          "active_goal_ids": [
            "d340259729ee76f5190bc048b15b9b9b"
          ],
          "at": {
            "monotonic_s": 180785.534659,
            "wall_utc": "2026-08-26T11:06:17.028Z"
          },
          "reason": "goal_accepted"
        },
        {
          "active_goal_count": 1,
          "active_goal_ids": [
            "d340259729ee76f5190bc048b15b9b9b"
          ],
          "at": {
            "monotonic_s": 180785.535089,
            "wall_utc": "2026-08-26T11:06:17.028Z"
          },
          "reason": "execute_started"
        },
        {
          "active_goal_count": 1,
          "active_goal_ids": [
            "d340259729ee76f5190bc048b15b9b9b"
          ],
          "at": {
            "monotonic_s": 180787.536353,
            "wall_utc": "2026-08-26T11:06:19.030Z"
          },
          "reason": "cancel_callback"
        },
        {
          "active_goal_count": 0,
          "active_goal_ids": [],
          "at": {
            "monotonic_s": 180787.550817,
            "wall_utc": "2026-08-26T11:06:19.044Z"
          },
          "reason": "goal_terminal"
        }
      ],
      "evidence_fields": {
        "active_goal_count_at_observation_end": 0,
        "b_goal_id": null,
        "b_goal_status_at_observation_end": "NOT_APPLICABLE",
        "cancel_goal_ids": [
          "d340259729ee76f5190bc048b15b9b9b"
        ],
        "cancel_request_times": [
          {
            "monotonic_s": 180787.536325,
            "wall_utc": "2026-08-26T11:06:19.029Z"
          }
        ],
        "cleanup_clean": true,
        "expected": "official HORUS cancel topic reaches Nav2 adapter; server cancel callback fires and goal terminates CANCELED",
        "feedback_count_at_observation_end": 8,
        "first_feedback_time": {
          "monotonic_s": 180785.53525,
          "wall_utc": "2026-08-26T11:06:17.028Z"
        },
        "goal_accepted_time": {
          "monotonic_s": 180785.534611,
          "wall_utc": "2026-08-26T11:06:17.028Z"
        },
        "goal_id": "d340259729ee76f5190bc048b15b9b9b",
        "goal_state_at_observation_end": "CANCELED",
        "goal_terminal_state": "CANCELED",
        "last_feedback_time_at_observation_end": {
          "monotonic_s": 180787.510531,
          "wall_utc": "2026-08-26T11:06:19.004Z"
        },
        "last_simulated_progress_m_at_observation_end": 0.197504,
        "lease_holder": "A",
        "max_simultaneous_active_goals": 1,
        "observed": "official cancel callback and CANCELED terminal state observed",
        "post_revocation_duration_s": null,
        "revision": "eca75cbf559f09ff793d8993338b2f1ffed1adfd",
        "revocation_time": null,
        "simulated_additional_distance_m": null,
        "terminal_time": {
          "monotonic_s": 180787.550766,
          "wall_utc": "2026-08-26T11:06:19.044Z"
        },
        "test_id": "A1_EXPLICIT_CANCEL",
        "trial_id": "A1_EXPLICIT_CANCEL-T01",
        "verdict": "PASS"
      },
      "expected": "official HORUS cancel topic reaches Nav2 adapter; server cancel callback fires and goal terminates CANCELED",
      "final_goal_state": "CANCELED",
      "goal_records_at_measurement_end": {
        "d340259729ee76f5190bc048b15b9b9b": {
          "accepted_at": {
            "monotonic_s": 180785.534611,
            "wall_utc": "2026-08-26T11:06:17.028Z"
          },
          "active_duration_s": 2.015697,
          "cancel_callbacks": [
            {
              "callback_at": {
                "monotonic_s": 180787.536325,
                "wall_utc": "2026-08-26T11:06:19.029Z"
              },
              "cancel_goal_id": "d340259729ee76f5190bc048b15b9b9b"
            }
          ],
          "execute_started_at": {
            "monotonic_s": 180785.535069,
            "wall_utc": "2026-08-26T11:06:17.028Z"
          },
          "feedback_count": 8,
          "feedback_errors": [],
          "first_feedback_at": {
            "monotonic_s": 180785.53525,
            "wall_utc": "2026-08-26T11:06:17.028Z"
          },
          "goal_id": "d340259729ee76f5190bc048b15b9b9b",
          "last_feedback_at": {
            "monotonic_s": 180787.510531,
            "wall_utc": "2026-08-26T11:06:19.004Z"
          },
          "last_feedback_navigation_s": 1.975036,
          "last_feedback_simulated_progress_m": 0.197504,
          "simulated_distance_at_terminal_m": 0.20157,
          "state": "CANCELED",
          "state_history": [
            {
              "at": {
                "monotonic_s": 180785.534611,
                "wall_utc": "2026-08-26T11:06:17.028Z"
              },
              "state": "ACCEPTED"
            },
            {
              "at": {
                "monotonic_s": 180785.535069,
                "wall_utc": "2026-08-26T11:06:17.028Z"
              },
              "state": "EXECUTING"
            },
            {
              "at": {
                "monotonic_s": 180787.536325,
                "wall_utc": "2026-08-26T11:06:19.029Z"
              },
              "state": "CANCEL_REQUEST_ACCEPTED"
            },
            {
              "at": {
                "monotonic_s": 180787.550766,
                "wall_utc": "2026-08-26T11:06:19.044Z"
              },
              "reason": "action_server_observed_cancel_request",
              "state": "CANCELED"
            }
          ],
          "target_marker_x": 10.01,
          "terminal_at": {
            "monotonic_s": 180787.550766,
            "wall_utc": "2026-08-26T11:06:19.044Z"
          },
          "terminal_reason": "action_server_observed_cancel_request",
          "test_cleanup_requested_at": null
        }
      },
      "goal_records_final": {
        "d340259729ee76f5190bc048b15b9b9b": {
          "accepted_at": {
            "monotonic_s": 180785.534611,
            "wall_utc": "2026-08-26T11:06:17.028Z"
          },
          "active_duration_s": 2.015697,
          "cancel_callbacks": [
            {
              "callback_at": {
                "monotonic_s": 180787.536325,
                "wall_utc": "2026-08-26T11:06:19.029Z"
              },
              "cancel_goal_id": "d340259729ee76f5190bc048b15b9b9b"
            }
          ],
          "execute_started_at": {
            "monotonic_s": 180785.535069,
            "wall_utc": "2026-08-26T11:06:17.028Z"
          },
          "feedback_count": 8,
          "feedback_errors": [],
          "first_feedback_at": {
            "monotonic_s": 180785.53525,
            "wall_utc": "2026-08-26T11:06:17.028Z"
          },
          "goal_id": "d340259729ee76f5190bc048b15b9b9b",
          "last_feedback_at": {
            "monotonic_s": 180787.510531,
            "wall_utc": "2026-08-26T11:06:19.004Z"
          },
          "last_feedback_navigation_s": 1.975036,
          "last_feedback_simulated_progress_m": 0.197504,
          "simulated_distance_at_terminal_m": 0.20157,
          "state": "CANCELED",
          "state_history": [
            {
              "at": {
                "monotonic_s": 180785.534611,
                "wall_utc": "2026-08-26T11:06:17.028Z"
              },
              "state": "ACCEPTED"
            },
            {
              "at": {
                "monotonic_s": 180785.535069,
                "wall_utc": "2026-08-26T11:06:17.028Z"
              },
              "state": "EXECUTING"
            },
            {
              "at": {
                "monotonic_s": 180787.536325,
                "wall_utc": "2026-08-26T11:06:19.029Z"
              },
              "state": "CANCEL_REQUEST_ACCEPTED"
            },
            {
              "at": {
                "monotonic_s": 180787.550766,
                "wall_utc": "2026-08-26T11:06:19.044Z"
              },
              "reason": "action_server_observed_cancel_request",
              "state": "CANCELED"
            }
          ],
          "target_marker_x": 10.01,
          "terminal_at": {
            "monotonic_s": 180787.550766,
            "wall_utc": "2026-08-26T11:06:19.044Z"
          },
          "terminal_reason": "action_server_observed_cancel_request",
          "test_cleanup_requested_at": null
        }
      },
      "goal_terminal_at": {
        "monotonic_s": 180787.550766,
        "wall_utc": "2026-08-26T11:06:19.044Z"
      },
      "heartbeat_counts": {
        "A": 9,
        "B": 0
      },
      "lease_holder": "A",
      "max_simultaneous_active_goals": 1,
      "measurement_completed_at": {
        "monotonic_s": 180787.562605,
        "wall_utc": "2026-08-26T11:06:19.056Z"
      },
      "observed": "official cancel callback and CANCELED terminal state observed",
      "outcome_class": "EXPLICIT_CANCEL_WORKS",
      "path": [
        "HorusLink client",
        "horus_unity_bridge",
        "ROS goal/cancel topic",
        "horus_backend Nav2ActionAdapter",
        "dummy NavigateToPose action server"
      ],
      "revision": "eca75cbf559f09ff793d8993338b2f1ffed1adfd",
      "runtime_label": "test-only-fix",
      "setup": {
        "catalog_event": {
          "payload": {
            "event": "snapshot",
            "lease_ttl_ms": 1200,
            "lease_version": 0,
            "leases": [],
            "session_id": "horus-long-action-probe"
          },
          "received_at": {
            "monotonic_s": 180785.480055,
            "wall_utc": "2026-08-26T11:06:16.973Z"
          }
        },
        "fresh_trial_state_verified": true,
        "goal_accepted_at": {
          "monotonic_s": 180785.534611,
          "wall_utc": "2026-08-26T11:06:17.028Z"
        },
        "goal_id": "d340259729ee76f5190bc048b15b9b9b",
        "goal_marker_x": 10.01,
        "goal_publish_sent_at": {
          "monotonic_s": 180785.532419,
          "wall_utc": "2026-08-26T11:06:17.026Z"
        },
        "lease_acquire_event": {
          "payload": {
            "event": "lease_granted",
            "holder_app_id": "long-probe-A",
            "lease_ttl_ms": 1200,
            "lease_version": 1,
            "leases": [
              {
                "acquired_at_ms": 180785520,
                "holder_app_id": "long-probe-A",
                "holder_role": "operator",
                "last_heartbeat_ms": 180785520,
                "lease_version": 1,
                "panel_open": true,
                "robot_name": "robot1",
                "session_id": "A1_EXPLICIT_CANCEL-T01-session-A",
                "task_active": true,
                "task_kind": "navigation",
                "teleop_active": true
              }
            ],
            "request_id": "A1_EXPLICIT_CANCEL-T01-A-acquire",
            "robot_name": "robot1",
            "session_id": "A1_EXPLICIT_CANCEL-T01-session-A"
          },
          "received_at": {
            "monotonic_s": 180785.521259,
            "wall_utc": "2026-08-26T11:06:17.014Z"
          }
        },
        "lease_holder": "A",
        "lease_state_after_acquire": [
          {
            "acquired_at_ms": 180785520,
            "holder_app_id": "long-probe-A",
            "holder_role": "operator",
            "last_heartbeat_ms": 180785520,
            "lease_version": 1,
            "panel_open": true,
            "robot_name": "robot1",
            "session_id": "A1_EXPLICIT_CANCEL-T01-session-A",
            "task_active": true,
            "task_kind": "navigation",
            "teleop_active": true
          }
        ]
      },
      "started_at": {
        "monotonic_s": 180785.472556,
        "wall_utc": "2026-08-26T11:06:16.966Z"
      },
      "test_id": "A1_EXPLICIT_CANCEL",
      "trial_complete": true,
      "trial_id": "A1_EXPLICIT_CANCEL-T01",
      "trial_number": 1,
      "verdict": "PASS"
    },
    {
      "cancel_callback_at": {
        "monotonic_s": 180789.702292,
        "wall_utc": "2026-08-26T11:06:21.195Z"
      },
      "cancel_callback_latency_s": 0.00191,
      "cancel_goal_ids": [
        "9be6067d828a30aaf1664fdd54e39b98"
      ],
      "cancel_request_count_at_measurement_end": 1,
      "cancel_sent_at": {
        "monotonic_s": 180789.700382,
        "wall_utc": "2026-08-26T11:06:21.194Z"
      },
      "cancel_to_terminal_latency_s": 0.017373,
      "cleanup": {
        "active_goal_ids_after_cleanup": [],
        "clean": true,
        "completed_at": {
          "monotonic_s": 180789.80869,
          "wall_utc": "2026-08-26T11:06:21.302Z"
        },
        "forced_goal_ids": [],
        "release_or_close_errors": [],
        "started_at": {
          "monotonic_s": 180789.726165,
          "wall_utc": "2026-08-26T11:06:21.219Z"
        },
        "terminal_wait_errors": []
      },
      "concurrency_events": [
        {
          "active_goal_count": 1,
          "active_goal_ids": [
            "9be6067d828a30aaf1664fdd54e39b98"
          ],
          "at": {
            "monotonic_s": 180787.700275,
            "wall_utc": "2026-08-26T11:06:19.193Z"
          },
          "reason": "goal_accepted"
        },
        {
          "active_goal_count": 1,
          "active_goal_ids": [
            "9be6067d828a30aaf1664fdd54e39b98"
          ],
          "at": {
            "monotonic_s": 180787.700519,
            "wall_utc": "2026-08-26T11:06:19.194Z"
          },
          "reason": "execute_started"
        },
        {
          "active_goal_count": 1,
          "active_goal_ids": [
            "9be6067d828a30aaf1664fdd54e39b98"
          ],
          "at": {
            "monotonic_s": 180789.702311,
            "wall_utc": "2026-08-26T11:06:21.195Z"
          },
          "reason": "cancel_callback"
        },
        {
          "active_goal_count": 0,
          "active_goal_ids": [],
          "at": {
            "monotonic_s": 180789.717822,
            "wall_utc": "2026-08-26T11:06:21.211Z"
          },
          "reason": "goal_terminal"
        }
      ],
      "evidence_fields": {
        "active_goal_count_at_observation_end": 0,
        "b_goal_id": null,
        "b_goal_status_at_observation_end": "NOT_APPLICABLE",
        "cancel_goal_ids": [
          "9be6067d828a30aaf1664fdd54e39b98"
        ],
        "cancel_request_times": [
          {
            "monotonic_s": 180789.702292,
            "wall_utc": "2026-08-26T11:06:21.195Z"
          }
        ],
        "cleanup_clean": true,
        "expected": "official HORUS cancel topic reaches Nav2 adapter; server cancel callback fires and goal terminates CANCELED",
        "feedback_count_at_observation_end": 8,
        "first_feedback_time": {
          "monotonic_s": 180787.700623,
          "wall_utc": "2026-08-26T11:06:19.194Z"
        },
        "goal_accepted_time": {
          "monotonic_s": 180787.700251,
          "wall_utc": "2026-08-26T11:06:19.193Z"
        },
        "goal_id": "9be6067d828a30aaf1664fdd54e39b98",
        "goal_state_at_observation_end": "CANCELED",
        "goal_terminal_state": "CANCELED",
        "last_feedback_time_at_observation_end": {
          "monotonic_s": 180789.677354,
          "wall_utc": "2026-08-26T11:06:21.171Z"
        },
        "last_simulated_progress_m_at_observation_end": 0.197658,
        "lease_holder": "A",
        "max_simultaneous_active_goals": 1,
        "observed": "official cancel callback and CANCELED terminal state observed",
        "post_revocation_duration_s": null,
        "revision": "eca75cbf559f09ff793d8993338b2f1ffed1adfd",
        "revocation_time": null,
        "simulated_additional_distance_m": null,
        "terminal_time": {
          "monotonic_s": 180789.717755,
          "wall_utc": "2026-08-26T11:06:21.211Z"
        },
        "test_id": "A1_EXPLICIT_CANCEL",
        "trial_id": "A1_EXPLICIT_CANCEL-T02",
        "verdict": "PASS"
      },
      "expected": "official HORUS cancel topic reaches Nav2 adapter; server cancel callback fires and goal terminates CANCELED",
      "final_goal_state": "CANCELED",
      "goal_records_at_measurement_end": {
        "9be6067d828a30aaf1664fdd54e39b98": {
          "accepted_at": {
            "monotonic_s": 180787.700251,
            "wall_utc": "2026-08-26T11:06:19.193Z"
          },
          "active_duration_s": 2.017246,
          "cancel_callbacks": [
            {
              "callback_at": {
                "monotonic_s": 180789.702292,
                "wall_utc": "2026-08-26T11:06:21.195Z"
              },
              "cancel_goal_id": "9be6067d828a30aaf1664fdd54e39b98"
            }
          ],
          "execute_started_at": {
            "monotonic_s": 180787.700509,
            "wall_utc": "2026-08-26T11:06:19.194Z"
          },
          "feedback_count": 8,
          "feedback_errors": [],
          "first_feedback_at": {
            "monotonic_s": 180787.700623,
            "wall_utc": "2026-08-26T11:06:19.194Z"
          },
          "goal_id": "9be6067d828a30aaf1664fdd54e39b98",
          "last_feedback_at": {
            "monotonic_s": 180789.677354,
            "wall_utc": "2026-08-26T11:06:21.171Z"
          },
          "last_feedback_navigation_s": 1.976579,
          "last_feedback_simulated_progress_m": 0.197658,
          "simulated_distance_at_terminal_m": 0.201725,
          "state": "CANCELED",
          "state_history": [
            {
              "at": {
                "monotonic_s": 180787.700251,
                "wall_utc": "2026-08-26T11:06:19.193Z"
              },
              "state": "ACCEPTED"
            },
            {
              "at": {
                "monotonic_s": 180787.700509,
                "wall_utc": "2026-08-26T11:06:19.194Z"
              },
              "state": "EXECUTING"
            },
            {
              "at": {
                "monotonic_s": 180789.702292,
                "wall_utc": "2026-08-26T11:06:21.195Z"
              },
              "state": "CANCEL_REQUEST_ACCEPTED"
            },
            {
              "at": {
                "monotonic_s": 180789.717755,
                "wall_utc": "2026-08-26T11:06:21.211Z"
              },
              "reason": "action_server_observed_cancel_request",
              "state": "CANCELED"
            }
          ],
          "target_marker_x": 10.02,
          "terminal_at": {
            "monotonic_s": 180789.717755,
            "wall_utc": "2026-08-26T11:06:21.211Z"
          },
          "terminal_reason": "action_server_observed_cancel_request",
          "test_cleanup_requested_at": null
        }
      },
      "goal_records_final": {
        "9be6067d828a30aaf1664fdd54e39b98": {
          "accepted_at": {
            "monotonic_s": 180787.700251,
            "wall_utc": "2026-08-26T11:06:19.193Z"
          },
          "active_duration_s": 2.017246,
          "cancel_callbacks": [
            {
              "callback_at": {
                "monotonic_s": 180789.702292,
                "wall_utc": "2026-08-26T11:06:21.195Z"
              },
              "cancel_goal_id": "9be6067d828a30aaf1664fdd54e39b98"
            }
          ],
          "execute_started_at": {
            "monotonic_s": 180787.700509,
            "wall_utc": "2026-08-26T11:06:19.194Z"
          },
          "feedback_count": 8,
          "feedback_errors": [],
          "first_feedback_at": {
            "monotonic_s": 180787.700623,
            "wall_utc": "2026-08-26T11:06:19.194Z"
          },
          "goal_id": "9be6067d828a30aaf1664fdd54e39b98",
          "last_feedback_at": {
            "monotonic_s": 180789.677354,
            "wall_utc": "2026-08-26T11:06:21.171Z"
          },
          "last_feedback_navigation_s": 1.976579,
          "last_feedback_simulated_progress_m": 0.197658,
          "simulated_distance_at_terminal_m": 0.201725,
          "state": "CANCELED",
          "state_history": [
            {
              "at": {
                "monotonic_s": 180787.700251,
                "wall_utc": "2026-08-26T11:06:19.193Z"
              },
              "state": "ACCEPTED"
            },
            {
              "at": {
                "monotonic_s": 180787.700509,
                "wall_utc": "2026-08-26T11:06:19.194Z"
              },
              "state": "EXECUTING"
            },
            {
              "at": {
                "monotonic_s": 180789.702292,
                "wall_utc": "2026-08-26T11:06:21.195Z"
              },
              "state": "CANCEL_REQUEST_ACCEPTED"
            },
            {
              "at": {
                "monotonic_s": 180789.717755,
                "wall_utc": "2026-08-26T11:06:21.211Z"
              },
              "reason": "action_server_observed_cancel_request",
              "state": "CANCELED"
            }
          ],
          "target_marker_x": 10.02,
          "terminal_at": {
            "monotonic_s": 180789.717755,
            "wall_utc": "2026-08-26T11:06:21.211Z"
          },
          "terminal_reason": "action_server_observed_cancel_request",
          "test_cleanup_requested_at": null
        }
      },
      "goal_terminal_at": {
        "monotonic_s": 180789.717755,
        "wall_utc": "2026-08-26T11:06:21.211Z"
      },
      "heartbeat_counts": {
        "A": 9,
        "B": 0
      },
      "lease_holder": "A",
      "max_simultaneous_active_goals": 1,
      "measurement_completed_at": {
        "monotonic_s": 180789.726137,
        "wall_utc": "2026-08-26T11:06:21.219Z"
      },
      "observed": "official cancel callback and CANCELED terminal state observed",
      "outcome_class": "EXPLICIT_CANCEL_WORKS",
      "path": [
        "HorusLink client",
        "horus_unity_bridge",
        "ROS goal/cancel topic",
        "horus_backend Nav2ActionAdapter",
        "dummy NavigateToPose action server"
      ],
      "revision": "eca75cbf559f09ff793d8993338b2f1ffed1adfd",
      "runtime_label": "test-only-fix",
      "setup": {
        "catalog_event": {
          "payload": {
            "event": "snapshot",
            "lease_ttl_ms": 1200,
            "lease_version": 10,
            "leases": [],
            "session_id": "horus-long-action-probe"
          },
          "received_at": {
            "monotonic_s": 180787.646758,
            "wall_utc": "2026-08-26T11:06:19.140Z"
          }
        },
        "fresh_trial_state_verified": true,
        "goal_accepted_at": {
          "monotonic_s": 180787.700251,
          "wall_utc": "2026-08-26T11:06:19.193Z"
        },
        "goal_id": "9be6067d828a30aaf1664fdd54e39b98",
        "goal_marker_x": 10.02,
        "goal_publish_sent_at": {
          "monotonic_s": 180787.699269,
          "wall_utc": "2026-08-26T11:06:19.192Z"
        },
        "lease_acquire_event": {
          "payload": {
            "event": "lease_granted",
            "holder_app_id": "long-probe-A",
            "lease_ttl_ms": 1200,
            "lease_version": 11,
            "leases": [
              {
                "acquired_at_ms": 180787688,
                "holder_app_id": "long-probe-A",
                "holder_role": "operator",
                "last_heartbeat_ms": 180787688,
                "lease_version": 11,
                "panel_open": true,
                "robot_name": "robot1",
                "session_id": "A1_EXPLICIT_CANCEL-T02-session-A",
                "task_active": true,
                "task_kind": "navigation",
                "teleop_active": true
              }
            ],
            "request_id": "A1_EXPLICIT_CANCEL-T02-A-acquire",
            "robot_name": "robot1",
            "session_id": "A1_EXPLICIT_CANCEL-T02-session-A"
          },
          "received_at": {
            "monotonic_s": 180787.692747,
            "wall_utc": "2026-08-26T11:06:19.186Z"
          }
        },
        "lease_holder": "A",
        "lease_state_after_acquire": [
          {
            "acquired_at_ms": 180787688,
            "holder_app_id": "long-probe-A",
            "holder_role": "operator",
            "last_heartbeat_ms": 180787688,
            "lease_version": 11,
            "panel_open": true,
            "robot_name": "robot1",
            "session_id": "A1_EXPLICIT_CANCEL-T02-session-A",
            "task_active": true,
            "task_kind": "navigation",
            "teleop_active": true
          }
        ]
      },
      "started_at": {
        "monotonic_s": 180787.643208,
        "wall_utc": "2026-08-26T11:06:19.136Z"
      },
      "test_id": "A1_EXPLICIT_CANCEL",
      "trial_complete": true,
      "trial_id": "A1_EXPLICIT_CANCEL-T02",
      "trial_number": 2,
      "verdict": "PASS"
    },
    {
      "cancel_callback_at": {
        "monotonic_s": 180791.90688,
        "wall_utc": "2026-08-26T11:06:23.400Z"
      },
      "cancel_callback_latency_s": 0.001506,
      "cancel_goal_ids": [
        "cdddd5b7b0c9887862e8c0399008286e"
      ],
      "cancel_request_count_at_measurement_end": 1,
      "cancel_sent_at": {
        "monotonic_s": 180791.905374,
        "wall_utc": "2026-08-26T11:06:23.399Z"
      },
      "cancel_to_terminal_latency_s": 0.018341,
      "cleanup": {
        "active_goal_ids_after_cleanup": [],
        "clean": true,
        "completed_at": {
          "monotonic_s": 180792.011374,
          "wall_utc": "2026-08-26T11:06:23.505Z"
        },
        "forced_goal_ids": [],
        "release_or_close_errors": [],
        "started_at": {
          "monotonic_s": 180791.930957,
          "wall_utc": "2026-08-26T11:06:23.424Z"
        },
        "terminal_wait_errors": []
      },
      "concurrency_events": [
        {
          "active_goal_count": 1,
          "active_goal_ids": [
            "cdddd5b7b0c9887862e8c0399008286e"
          ],
          "at": {
            "monotonic_s": 180789.905309,
            "wall_utc": "2026-08-26T11:06:21.398Z"
          },
          "reason": "goal_accepted"
        },
        {
          "active_goal_count": 1,
          "active_goal_ids": [
            "cdddd5b7b0c9887862e8c0399008286e"
          ],
          "at": {
            "monotonic_s": 180789.905634,
            "wall_utc": "2026-08-26T11:06:21.399Z"
          },
          "reason": "execute_started"
        },
        {
          "active_goal_count": 1,
          "active_goal_ids": [
            "cdddd5b7b0c9887862e8c0399008286e"
          ],
          "at": {
            "monotonic_s": 180791.906901,
            "wall_utc": "2026-08-26T11:06:23.400Z"
          },
          "reason": "cancel_callback"
        },
        {
          "active_goal_count": 0,
          "active_goal_ids": [],
          "at": {
            "monotonic_s": 180791.923758,
            "wall_utc": "2026-08-26T11:06:23.417Z"
          },
          "reason": "goal_terminal"
        }
      ],
      "evidence_fields": {
        "active_goal_count_at_observation_end": 0,
        "b_goal_id": null,
        "b_goal_status_at_observation_end": "NOT_APPLICABLE",
        "cancel_goal_ids": [
          "cdddd5b7b0c9887862e8c0399008286e"
        ],
        "cancel_request_times": [
          {
            "monotonic_s": 180791.90688,
            "wall_utc": "2026-08-26T11:06:23.400Z"
          }
        ],
        "cleanup_clean": true,
        "expected": "official HORUS cancel topic reaches Nav2 adapter; server cancel callback fires and goal terminates CANCELED",
        "feedback_count_at_observation_end": 8,
        "first_feedback_time": {
          "monotonic_s": 180789.905826,
          "wall_utc": "2026-08-26T11:06:21.399Z"
        },
        "goal_accepted_time": {
          "monotonic_s": 180789.905286,
          "wall_utc": "2026-08-26T11:06:21.398Z"
        },
        "goal_id": "cdddd5b7b0c9887862e8c0399008286e",
        "goal_state_at_observation_end": "CANCELED",
        "goal_terminal_state": "CANCELED",
        "last_feedback_time_at_observation_end": {
          "monotonic_s": 180791.882786,
          "wall_utc": "2026-08-26T11:06:23.376Z"
        },
        "last_simulated_progress_m_at_observation_end": 0.197692,
        "lease_holder": "A",
        "max_simultaneous_active_goals": 1,
        "observed": "official cancel callback and CANCELED terminal state observed",
        "post_revocation_duration_s": null,
        "revision": "eca75cbf559f09ff793d8993338b2f1ffed1adfd",
        "revocation_time": null,
        "simulated_additional_distance_m": null,
        "terminal_time": {
          "monotonic_s": 180791.923715,
          "wall_utc": "2026-08-26T11:06:23.417Z"
        },
        "test_id": "A1_EXPLICIT_CANCEL",
        "trial_id": "A1_EXPLICIT_CANCEL-T03",
        "verdict": "PASS"
      },
      "expected": "official HORUS cancel topic reaches Nav2 adapter; server cancel callback fires and goal terminates CANCELED",
      "final_goal_state": "CANCELED",
      "goal_records_at_measurement_end": {
        "cdddd5b7b0c9887862e8c0399008286e": {
          "accepted_at": {
            "monotonic_s": 180789.905286,
            "wall_utc": "2026-08-26T11:06:21.398Z"
          },
          "active_duration_s": 2.018099,
          "cancel_callbacks": [
            {
              "callback_at": {
                "monotonic_s": 180791.90688,
                "wall_utc": "2026-08-26T11:06:23.400Z"
              },
              "cancel_goal_id": "cdddd5b7b0c9887862e8c0399008286e"
            }
          ],
          "execute_started_at": {
            "monotonic_s": 180789.905616,
            "wall_utc": "2026-08-26T11:06:21.399Z"
          },
          "feedback_count": 8,
          "feedback_errors": [],
          "first_feedback_at": {
            "monotonic_s": 180789.905826,
            "wall_utc": "2026-08-26T11:06:21.399Z"
          },
          "goal_id": "cdddd5b7b0c9887862e8c0399008286e",
          "last_feedback_at": {
            "monotonic_s": 180791.882786,
            "wall_utc": "2026-08-26T11:06:23.376Z"
          },
          "last_feedback_navigation_s": 1.976919,
          "last_feedback_simulated_progress_m": 0.197692,
          "simulated_distance_at_terminal_m": 0.20181,
          "state": "CANCELED",
          "state_history": [
            {
              "at": {
                "monotonic_s": 180789.905286,
                "wall_utc": "2026-08-26T11:06:21.398Z"
              },
              "state": "ACCEPTED"
            },
            {
              "at": {
                "monotonic_s": 180789.905616,
                "wall_utc": "2026-08-26T11:06:21.399Z"
              },
              "state": "EXECUTING"
            },
            {
              "at": {
                "monotonic_s": 180791.90688,
                "wall_utc": "2026-08-26T11:06:23.400Z"
              },
              "state": "CANCEL_REQUEST_ACCEPTED"
            },
            {
              "at": {
                "monotonic_s": 180791.923715,
                "wall_utc": "2026-08-26T11:06:23.417Z"
              },
              "reason": "action_server_observed_cancel_request",
              "state": "CANCELED"
            }
          ],
          "target_marker_x": 10.03,
          "terminal_at": {
            "monotonic_s": 180791.923715,
            "wall_utc": "2026-08-26T11:06:23.417Z"
          },
          "terminal_reason": "action_server_observed_cancel_request",
          "test_cleanup_requested_at": null
        }
      },
      "goal_records_final": {
        "cdddd5b7b0c9887862e8c0399008286e": {
          "accepted_at": {
            "monotonic_s": 180789.905286,
            "wall_utc": "2026-08-26T11:06:21.398Z"
          },
          "active_duration_s": 2.018099,
          "cancel_callbacks": [
            {
              "callback_at": {
                "monotonic_s": 180791.90688,
                "wall_utc": "2026-08-26T11:06:23.400Z"
              },
              "cancel_goal_id": "cdddd5b7b0c9887862e8c0399008286e"
            }
          ],
          "execute_started_at": {
            "monotonic_s": 180789.905616,
            "wall_utc": "2026-08-26T11:06:21.399Z"
          },
          "feedback_count": 8,
          "feedback_errors": [],
          "first_feedback_at": {
            "monotonic_s": 180789.905826,
            "wall_utc": "2026-08-26T11:06:21.399Z"
          },
          "goal_id": "cdddd5b7b0c9887862e8c0399008286e",
          "last_feedback_at": {
            "monotonic_s": 180791.882786,
            "wall_utc": "2026-08-26T11:06:23.376Z"
          },
          "last_feedback_navigation_s": 1.976919,
          "last_feedback_simulated_progress_m": 0.197692,
          "simulated_distance_at_terminal_m": 0.20181,
          "state": "CANCELED",
          "state_history": [
            {
              "at": {
                "monotonic_s": 180789.905286,
                "wall_utc": "2026-08-26T11:06:21.398Z"
              },
              "state": "ACCEPTED"
            },
            {
              "at": {
                "monotonic_s": 180789.905616,
                "wall_utc": "2026-08-26T11:06:21.399Z"
              },
              "state": "EXECUTING"
            },
            {
              "at": {
                "monotonic_s": 180791.90688,
                "wall_utc": "2026-08-26T11:06:23.400Z"
              },
              "state": "CANCEL_REQUEST_ACCEPTED"
            },
            {
              "at": {
                "monotonic_s": 180791.923715,
                "wall_utc": "2026-08-26T11:06:23.417Z"
              },
              "reason": "action_server_observed_cancel_request",
              "state": "CANCELED"
            }
          ],
          "target_marker_x": 10.03,
          "terminal_at": {
            "monotonic_s": 180791.923715,
            "wall_utc": "2026-08-26T11:06:23.417Z"
          },
          "terminal_reason": "action_server_observed_cancel_request",
          "test_cleanup_requested_at": null
        }
      },
      "goal_terminal_at": {
        "monotonic_s": 180791.923715,
        "wall_utc": "2026-08-26T11:06:23.417Z"
      },
      "heartbeat_counts": {
        "A": 9,
        "B": 0
      },
      "lease_holder": "A",
      "max_simultaneous_active_goals": 1,
      "measurement_completed_at": {
        "monotonic_s": 180791.930929,
        "wall_utc": "2026-08-26T11:06:23.424Z"
      },
      "observed": "official cancel callback and CANCELED terminal state observed",
      "outcome_class": "EXPLICIT_CANCEL_WORKS",
      "path": [
        "HorusLink client",
        "horus_unity_bridge",
        "ROS goal/cancel topic",
        "horus_backend Nav2ActionAdapter",
        "dummy NavigateToPose action server"
      ],
      "revision": "eca75cbf559f09ff793d8993338b2f1ffed1adfd",
      "runtime_label": "test-only-fix",
      "setup": {
        "catalog_event": {
          "payload": {
            "event": "snapshot",
            "lease_ttl_ms": 1200,
            "lease_version": 20,
            "leases": [],
            "session_id": "horus-long-action-probe"
          },
          "received_at": {
            "monotonic_s": 180789.811255,
            "wall_utc": "2026-08-26T11:06:21.304Z"
          }
        },
        "fresh_trial_state_verified": true,
        "goal_accepted_at": {
          "monotonic_s": 180789.905286,
          "wall_utc": "2026-08-26T11:06:21.398Z"
        },
        "goal_id": "cdddd5b7b0c9887862e8c0399008286e",
        "goal_marker_x": 10.03,
        "goal_publish_sent_at": {
          "monotonic_s": 180789.903763,
          "wall_utc": "2026-08-26T11:06:21.397Z"
        },
        "lease_acquire_event": {
          "payload": {
            "event": "lease_granted",
            "holder_app_id": "long-probe-A",
            "lease_ttl_ms": 1200,
            "lease_version": 21,
            "leases": [
              {
                "acquired_at_ms": 180789852,
                "holder_app_id": "long-probe-A",
                "holder_role": "operator",
                "last_heartbeat_ms": 180789852,
                "lease_version": 21,
                "panel_open": true,
                "robot_name": "robot1",
                "session_id": "A1_EXPLICIT_CANCEL-T03-session-A",
                "task_active": true,
                "task_kind": "navigation",
                "teleop_active": true
              }
            ],
            "request_id": "A1_EXPLICIT_CANCEL-T03-A-acquire",
            "robot_name": "robot1",
            "session_id": "A1_EXPLICIT_CANCEL-T03-session-A"
          },
          "received_at": {
            "monotonic_s": 180789.878867,
            "wall_utc": "2026-08-26T11:06:21.372Z"
          }
        },
        "lease_holder": "A",
        "lease_state_after_acquire": [
          {
            "acquired_at_ms": 180789852,
            "holder_app_id": "long-probe-A",
            "holder_role": "operator",
            "last_heartbeat_ms": 180789852,
            "lease_version": 21,
            "panel_open": true,
            "robot_name": "robot1",
            "session_id": "A1_EXPLICIT_CANCEL-T03-session-A",
            "task_active": true,
            "task_kind": "navigation",
            "teleop_active": true
          }
        ]
      },
      "started_at": {
        "monotonic_s": 180789.808836,
        "wall_utc": "2026-08-26T11:06:21.302Z"
      },
      "test_id": "A1_EXPLICIT_CANCEL",
      "trial_complete": true,
      "trial_id": "A1_EXPLICIT_CANCEL-T03",
      "trial_number": 3,
      "verdict": "PASS"
    },
    {
      "cancel_callback_at": {
        "monotonic_s": 180794.112749,
        "wall_utc": "2026-08-26T11:06:25.606Z"
      },
      "cancel_callback_latency_s": 0.045899,
      "cancel_goal_ids": [
        "3a415b39d88c3d9c1a46627ddc136838"
      ],
      "cancel_request_count_at_measurement_end": 1,
      "cancel_sent_at": {
        "monotonic_s": 180794.06685,
        "wall_utc": "2026-08-26T11:06:25.560Z"
      },
      "cancel_to_terminal_latency_s": 0.046191,
      "cleanup": {
        "active_goal_ids_after_cleanup": [],
        "clean": true,
        "completed_at": {
          "monotonic_s": 180794.217495,
          "wall_utc": "2026-08-26T11:06:25.711Z"
        },
        "forced_goal_ids": [],
        "release_or_close_errors": [],
        "started_at": {
          "monotonic_s": 180794.137117,
          "wall_utc": "2026-08-26T11:06:25.630Z"
        },
        "terminal_wait_errors": []
      },
      "concurrency_events": [
        {
          "active_goal_count": 1,
          "active_goal_ids": [
            "3a415b39d88c3d9c1a46627ddc136838"
          ],
          "at": {
            "monotonic_s": 180792.066795,
            "wall_utc": "2026-08-26T11:06:23.560Z"
          },
          "reason": "goal_accepted"
        },
        {
          "active_goal_count": 1,
          "active_goal_ids": [
            "3a415b39d88c3d9c1a46627ddc136838"
          ],
          "at": {
            "monotonic_s": 180792.067284,
            "wall_utc": "2026-08-26T11:06:23.560Z"
          },
          "reason": "execute_started"
        },
        {
          "active_goal_count": 1,
          "active_goal_ids": [
            "3a415b39d88c3d9c1a46627ddc136838"
          ],
          "at": {
            "monotonic_s": 180794.112776,
            "wall_utc": "2026-08-26T11:06:25.606Z"
          },
          "reason": "cancel_callback"
        },
        {
          "active_goal_count": 0,
          "active_goal_ids": [],
          "at": {
            "monotonic_s": 180794.113074,
            "wall_utc": "2026-08-26T11:06:25.606Z"
          },
          "reason": "goal_terminal"
        }
      ],
      "evidence_fields": {
        "active_goal_count_at_observation_end": 0,
        "b_goal_id": null,
        "b_goal_status_at_observation_end": "NOT_APPLICABLE",
        "cancel_goal_ids": [
          "3a415b39d88c3d9c1a46627ddc136838"
        ],
        "cancel_request_times": [
          {
            "monotonic_s": 180794.112749,
            "wall_utc": "2026-08-26T11:06:25.606Z"
          }
        ],
        "cleanup_clean": true,
        "expected": "official HORUS cancel topic reaches Nav2 adapter; server cancel callback fires and goal terminates CANCELED",
        "feedback_count_at_observation_end": 8,
        "first_feedback_time": {
          "monotonic_s": 180792.067483,
          "wall_utc": "2026-08-26T11:06:23.561Z"
        },
        "goal_accepted_time": {
          "monotonic_s": 180792.066763,
          "wall_utc": "2026-08-26T11:06:23.560Z"
        },
        "goal_id": "3a415b39d88c3d9c1a46627ddc136838",
        "goal_state_at_observation_end": "CANCELED",
        "goal_terminal_state": "CANCELED",
        "last_feedback_time_at_observation_end": {
          "monotonic_s": 180794.041307,
          "wall_utc": "2026-08-26T11:06:25.534Z"
        },
        "last_simulated_progress_m_at_observation_end": 0.197378,
        "lease_holder": "A",
        "max_simultaneous_active_goals": 1,
        "observed": "official cancel callback and CANCELED terminal state observed",
        "post_revocation_duration_s": null,
        "revision": "eca75cbf559f09ff793d8993338b2f1ffed1adfd",
        "revocation_time": null,
        "simulated_additional_distance_m": null,
        "terminal_time": {
          "monotonic_s": 180794.113041,
          "wall_utc": "2026-08-26T11:06:25.606Z"
        },
        "test_id": "A1_EXPLICIT_CANCEL",
        "trial_id": "A1_EXPLICIT_CANCEL-T04",
        "verdict": "PASS"
      },
      "expected": "official HORUS cancel topic reaches Nav2 adapter; server cancel callback fires and goal terminates CANCELED",
      "final_goal_state": "CANCELED",
      "goal_records_at_measurement_end": {
        "3a415b39d88c3d9c1a46627ddc136838": {
          "accepted_at": {
            "monotonic_s": 180792.066763,
            "wall_utc": "2026-08-26T11:06:23.560Z"
          },
          "active_duration_s": 2.045773,
          "cancel_callbacks": [
            {
              "callback_at": {
                "monotonic_s": 180794.112749,
                "wall_utc": "2026-08-26T11:06:25.606Z"
              },
              "cancel_goal_id": "3a415b39d88c3d9c1a46627ddc136838"
            }
          ],
          "execute_started_at": {
            "monotonic_s": 180792.067268,
            "wall_utc": "2026-08-26T11:06:23.560Z"
          },
          "feedback_count": 8,
          "feedback_errors": [],
          "first_feedback_at": {
            "monotonic_s": 180792.067483,
            "wall_utc": "2026-08-26T11:06:23.561Z"
          },
          "goal_id": "3a415b39d88c3d9c1a46627ddc136838",
          "last_feedback_at": {
            "monotonic_s": 180794.041307,
            "wall_utc": "2026-08-26T11:06:25.534Z"
          },
          "last_feedback_navigation_s": 1.973775,
          "last_feedback_simulated_progress_m": 0.197378,
          "simulated_distance_at_terminal_m": 0.204577,
          "state": "CANCELED",
          "state_history": [
            {
              "at": {
                "monotonic_s": 180792.066763,
                "wall_utc": "2026-08-26T11:06:23.560Z"
              },
              "state": "ACCEPTED"
            },
            {
              "at": {
                "monotonic_s": 180792.067268,
                "wall_utc": "2026-08-26T11:06:23.560Z"
              },
              "state": "EXECUTING"
            },
            {
              "at": {
                "monotonic_s": 180794.112749,
                "wall_utc": "2026-08-26T11:06:25.606Z"
              },
              "state": "CANCEL_REQUEST_ACCEPTED"
            },
            {
              "at": {
                "monotonic_s": 180794.113041,
                "wall_utc": "2026-08-26T11:06:25.606Z"
              },
              "reason": "action_server_observed_cancel_request",
              "state": "CANCELED"
            }
          ],
          "target_marker_x": 10.04,
          "terminal_at": {
            "monotonic_s": 180794.113041,
            "wall_utc": "2026-08-26T11:06:25.606Z"
          },
          "terminal_reason": "action_server_observed_cancel_request",
          "test_cleanup_requested_at": null
        }
      },
      "goal_records_final": {
        "3a415b39d88c3d9c1a46627ddc136838": {
          "accepted_at": {
            "monotonic_s": 180792.066763,
            "wall_utc": "2026-08-26T11:06:23.560Z"
          },
          "active_duration_s": 2.045773,
          "cancel_callbacks": [
            {
              "callback_at": {
                "monotonic_s": 180794.112749,
                "wall_utc": "2026-08-26T11:06:25.606Z"
              },
              "cancel_goal_id": "3a415b39d88c3d9c1a46627ddc136838"
            }
          ],
          "execute_started_at": {
            "monotonic_s": 180792.067268,
            "wall_utc": "2026-08-26T11:06:23.560Z"
          },
          "feedback_count": 8,
          "feedback_errors": [],
          "first_feedback_at": {
            "monotonic_s": 180792.067483,
            "wall_utc": "2026-08-26T11:06:23.561Z"
          },
          "goal_id": "3a415b39d88c3d9c1a46627ddc136838",
          "last_feedback_at": {
            "monotonic_s": 180794.041307,
            "wall_utc": "2026-08-26T11:06:25.534Z"
          },
          "last_feedback_navigation_s": 1.973775,
          "last_feedback_simulated_progress_m": 0.197378,
          "simulated_distance_at_terminal_m": 0.204577,
          "state": "CANCELED",
          "state_history": [
            {
              "at": {
                "monotonic_s": 180792.066763,
                "wall_utc": "2026-08-26T11:06:23.560Z"
              },
              "state": "ACCEPTED"
            },
            {
              "at": {
                "monotonic_s": 180792.067268,
                "wall_utc": "2026-08-26T11:06:23.560Z"
              },
              "state": "EXECUTING"
            },
            {
              "at": {
                "monotonic_s": 180794.112749,
                "wall_utc": "2026-08-26T11:06:25.606Z"
              },
              "state": "CANCEL_REQUEST_ACCEPTED"
            },
            {
              "at": {
                "monotonic_s": 180794.113041,
                "wall_utc": "2026-08-26T11:06:25.606Z"
              },
              "reason": "action_server_observed_cancel_request",
              "state": "CANCELED"
            }
          ],
          "target_marker_x": 10.04,
          "terminal_at": {
            "monotonic_s": 180794.113041,
            "wall_utc": "2026-08-26T11:06:25.606Z"
          },
          "terminal_reason": "action_server_observed_cancel_request",
          "test_cleanup_requested_at": null
        }
      },
      "goal_terminal_at": {
        "monotonic_s": 180794.113041,
        "wall_utc": "2026-08-26T11:06:25.606Z"
      },
      "heartbeat_counts": {
        "A": 9,
        "B": 0
      },
      "lease_holder": "A",
      "max_simultaneous_active_goals": 1,
      "measurement_completed_at": {
        "monotonic_s": 180794.137093,
        "wall_utc": "2026-08-26T11:06:25.630Z"
      },
      "observed": "official cancel callback and CANCELED terminal state observed",
      "outcome_class": "EXPLICIT_CANCEL_WORKS",
      "path": [
        "HorusLink client",
        "horus_unity_bridge",
        "ROS goal/cancel topic",
        "horus_backend Nav2ActionAdapter",
        "dummy NavigateToPose action server"
      ],
      "revision": "eca75cbf559f09ff793d8993338b2f1ffed1adfd",
      "runtime_label": "test-only-fix",
      "setup": {
        "catalog_event": {
          "payload": {
            "event": "snapshot",
            "lease_ttl_ms": 1200,
            "lease_version": 30,
            "leases": [],
            "session_id": "horus-long-action-probe"
          },
          "received_at": {
            "monotonic_s": 180792.014933,
            "wall_utc": "2026-08-26T11:06:23.508Z"
          }
        },
        "fresh_trial_state_verified": true,
        "goal_accepted_at": {
          "monotonic_s": 180792.066763,
          "wall_utc": "2026-08-26T11:06:23.560Z"
        },
        "goal_id": "3a415b39d88c3d9c1a46627ddc136838",
        "goal_marker_x": 10.04,
        "goal_publish_sent_at": {
          "monotonic_s": 180792.064835,
          "wall_utc": "2026-08-26T11:06:23.558Z"
        },
        "lease_acquire_event": {
          "payload": {
            "event": "lease_granted",
            "holder_app_id": "long-probe-A",
            "lease_ttl_ms": 1200,
            "lease_version": 31,
            "leases": [
              {
                "acquired_at_ms": 180792056,
                "holder_app_id": "long-probe-A",
                "holder_role": "operator",
                "last_heartbeat_ms": 180792056,
                "lease_version": 31,
                "panel_open": true,
                "robot_name": "robot1",
                "session_id": "A1_EXPLICIT_CANCEL-T04-session-A",
                "task_active": true,
                "task_kind": "navigation",
                "teleop_active": true
              }
            ],
            "request_id": "A1_EXPLICIT_CANCEL-T04-A-acquire",
            "robot_name": "robot1",
            "session_id": "A1_EXPLICIT_CANCEL-T04-session-A"
          },
          "received_at": {
            "monotonic_s": 180792.05687,
            "wall_utc": "2026-08-26T11:06:23.550Z"
          }
        },
        "lease_holder": "A",
        "lease_state_after_acquire": [
          {
            "acquired_at_ms": 180792056,
            "holder_app_id": "long-probe-A",
            "holder_role": "operator",
            "last_heartbeat_ms": 180792056,
            "lease_version": 31,
            "panel_open": true,
            "robot_name": "robot1",
            "session_id": "A1_EXPLICIT_CANCEL-T04-session-A",
            "task_active": true,
            "task_kind": "navigation",
            "teleop_active": true
          }
        ]
      },
      "started_at": {
        "monotonic_s": 180792.01156,
        "wall_utc": "2026-08-26T11:06:23.505Z"
      },
      "test_id": "A1_EXPLICIT_CANCEL",
      "trial_complete": true,
      "trial_id": "A1_EXPLICIT_CANCEL-T04",
      "trial_number": 4,
      "verdict": "PASS"
    },
    {
      "cancel_callback_at": {
        "monotonic_s": 180796.308013,
        "wall_utc": "2026-08-26T11:06:27.801Z"
      },
      "cancel_callback_latency_s": 0.011422,
      "cancel_goal_ids": [
        "3523bbab82472285e2b7b834eecc5506"
      ],
      "cancel_request_count_at_measurement_end": 1,
      "cancel_sent_at": {
        "monotonic_s": 180796.296591,
        "wall_utc": "2026-08-26T11:06:27.790Z"
      },
      "cancel_to_terminal_latency_s": 0.016991,
      "cleanup": {
        "active_goal_ids_after_cleanup": [],
        "clean": true,
        "completed_at": {
          "monotonic_s": 180796.402677,
          "wall_utc": "2026-08-26T11:06:27.896Z"
        },
        "forced_goal_ids": [],
        "release_or_close_errors": [],
        "started_at": {
          "monotonic_s": 180796.322258,
          "wall_utc": "2026-08-26T11:06:27.815Z"
        },
        "terminal_wait_errors": []
      },
      "concurrency_events": [
        {
          "active_goal_count": 1,
          "active_goal_ids": [
            "3523bbab82472285e2b7b834eecc5506"
          ],
          "at": {
            "monotonic_s": 180794.296543,
            "wall_utc": "2026-08-26T11:06:25.790Z"
          },
          "reason": "goal_accepted"
        },
        {
          "active_goal_count": 1,
          "active_goal_ids": [
            "3523bbab82472285e2b7b834eecc5506"
          ],
          "at": {
            "monotonic_s": 180794.296884,
            "wall_utc": "2026-08-26T11:06:25.790Z"
          },
          "reason": "execute_started"
        },
        {
          "active_goal_count": 1,
          "active_goal_ids": [
            "3523bbab82472285e2b7b834eecc5506"
          ],
          "at": {
            "monotonic_s": 180796.30803,
            "wall_utc": "2026-08-26T11:06:27.801Z"
          },
          "reason": "cancel_callback"
        },
        {
          "active_goal_count": 0,
          "active_goal_ids": [],
          "at": {
            "monotonic_s": 180796.313601,
            "wall_utc": "2026-08-26T11:06:27.807Z"
          },
          "reason": "goal_terminal"
        }
      ],
      "evidence_fields": {
        "active_goal_count_at_observation_end": 0,
        "b_goal_id": null,
        "b_goal_status_at_observation_end": "NOT_APPLICABLE",
        "cancel_goal_ids": [
          "3523bbab82472285e2b7b834eecc5506"
        ],
        "cancel_request_times": [
          {
            "monotonic_s": 180796.308013,
            "wall_utc": "2026-08-26T11:06:27.801Z"
          }
        ],
        "cleanup_clean": true,
        "expected": "official HORUS cancel topic reaches Nav2 adapter; server cancel callback fires and goal terminates CANCELED",
        "feedback_count_at_observation_end": 8,
        "first_feedback_time": {
          "monotonic_s": 180794.297092,
          "wall_utc": "2026-08-26T11:06:25.790Z"
        },
        "goal_accepted_time": {
          "monotonic_s": 180794.296518,
          "wall_utc": "2026-08-26T11:06:25.790Z"
        },
        "goal_id": "3523bbab82472285e2b7b834eecc5506",
        "goal_state_at_observation_end": "CANCELED",
        "goal_terminal_state": "CANCELED",
        "last_feedback_time_at_observation_end": {
          "monotonic_s": 180796.273446,
          "wall_utc": "2026-08-26T11:06:27.767Z"
        },
        "last_simulated_progress_m_at_observation_end": 0.197631,
        "lease_holder": "A",
        "max_simultaneous_active_goals": 1,
        "observed": "official cancel callback and CANCELED terminal state observed",
        "post_revocation_duration_s": null,
        "revision": "eca75cbf559f09ff793d8993338b2f1ffed1adfd",
        "revocation_time": null,
        "simulated_additional_distance_m": null,
        "terminal_time": {
          "monotonic_s": 180796.313582,
          "wall_utc": "2026-08-26T11:06:27.807Z"
        },
        "test_id": "A1_EXPLICIT_CANCEL",
        "trial_id": "A1_EXPLICIT_CANCEL-T05",
        "verdict": "PASS"
      },
      "expected": "official HORUS cancel topic reaches Nav2 adapter; server cancel callback fires and goal terminates CANCELED",
      "final_goal_state": "CANCELED",
      "goal_records_at_measurement_end": {
        "3523bbab82472285e2b7b834eecc5506": {
          "accepted_at": {
            "monotonic_s": 180794.296518,
            "wall_utc": "2026-08-26T11:06:25.790Z"
          },
          "active_duration_s": 2.01672,
          "cancel_callbacks": [
            {
              "callback_at": {
                "monotonic_s": 180796.308013,
                "wall_utc": "2026-08-26T11:06:27.801Z"
              },
              "cancel_goal_id": "3523bbab82472285e2b7b834eecc5506"
            }
          ],
          "execute_started_at": {
            "monotonic_s": 180794.296862,
            "wall_utc": "2026-08-26T11:06:25.790Z"
          },
          "feedback_count": 8,
          "feedback_errors": [],
          "first_feedback_at": {
            "monotonic_s": 180794.297092,
            "wall_utc": "2026-08-26T11:06:25.790Z"
          },
          "goal_id": "3523bbab82472285e2b7b834eecc5506",
          "last_feedback_at": {
            "monotonic_s": 180796.273446,
            "wall_utc": "2026-08-26T11:06:27.767Z"
          },
          "last_feedback_navigation_s": 1.976306,
          "last_feedback_simulated_progress_m": 0.197631,
          "simulated_distance_at_terminal_m": 0.201672,
          "state": "CANCELED",
          "state_history": [
            {
              "at": {
                "monotonic_s": 180794.296518,
                "wall_utc": "2026-08-26T11:06:25.790Z"
              },
              "state": "ACCEPTED"
            },
            {
              "at": {
                "monotonic_s": 180794.296862,
                "wall_utc": "2026-08-26T11:06:25.790Z"
              },
              "state": "EXECUTING"
            },
            {
              "at": {
                "monotonic_s": 180796.308013,
                "wall_utc": "2026-08-26T11:06:27.801Z"
              },
              "state": "CANCEL_REQUEST_ACCEPTED"
            },
            {
              "at": {
                "monotonic_s": 180796.313582,
                "wall_utc": "2026-08-26T11:06:27.807Z"
              },
              "reason": "action_server_observed_cancel_request",
              "state": "CANCELED"
            }
          ],
          "target_marker_x": 10.05,
          "terminal_at": {
            "monotonic_s": 180796.313582,
            "wall_utc": "2026-08-26T11:06:27.807Z"
          },
          "terminal_reason": "action_server_observed_cancel_request",
          "test_cleanup_requested_at": null
        }
      },
      "goal_records_final": {
        "3523bbab82472285e2b7b834eecc5506": {
          "accepted_at": {
            "monotonic_s": 180794.296518,
            "wall_utc": "2026-08-26T11:06:25.790Z"
          },
          "active_duration_s": 2.01672,
          "cancel_callbacks": [
            {
              "callback_at": {
                "monotonic_s": 180796.308013,
                "wall_utc": "2026-08-26T11:06:27.801Z"
              },
              "cancel_goal_id": "3523bbab82472285e2b7b834eecc5506"
            }
          ],
          "execute_started_at": {
            "monotonic_s": 180794.296862,
            "wall_utc": "2026-08-26T11:06:25.790Z"
          },
          "feedback_count": 8,
          "feedback_errors": [],
          "first_feedback_at": {
            "monotonic_s": 180794.297092,
            "wall_utc": "2026-08-26T11:06:25.790Z"
          },
          "goal_id": "3523bbab82472285e2b7b834eecc5506",
          "last_feedback_at": {
            "monotonic_s": 180796.273446,
            "wall_utc": "2026-08-26T11:06:27.767Z"
          },
          "last_feedback_navigation_s": 1.976306,
          "last_feedback_simulated_progress_m": 0.197631,
          "simulated_distance_at_terminal_m": 0.201672,
          "state": "CANCELED",
          "state_history": [
            {
              "at": {
                "monotonic_s": 180794.296518,
                "wall_utc": "2026-08-26T11:06:25.790Z"
              },
              "state": "ACCEPTED"
            },
            {
              "at": {
                "monotonic_s": 180794.296862,
                "wall_utc": "2026-08-26T11:06:25.790Z"
              },
              "state": "EXECUTING"
            },
            {
              "at": {
                "monotonic_s": 180796.308013,
                "wall_utc": "2026-08-26T11:06:27.801Z"
              },
              "state": "CANCEL_REQUEST_ACCEPTED"
            },
            {
              "at": {
                "monotonic_s": 180796.313582,
                "wall_utc": "2026-08-26T11:06:27.807Z"
              },
              "reason": "action_server_observed_cancel_request",
              "state": "CANCELED"
            }
          ],
          "target_marker_x": 10.05,
          "terminal_at": {
            "monotonic_s": 180796.313582,
            "wall_utc": "2026-08-26T11:06:27.807Z"
          },
          "terminal_reason": "action_server_observed_cancel_request",
          "test_cleanup_requested_at": null
        }
      },
      "goal_terminal_at": {
        "monotonic_s": 180796.313582,
        "wall_utc": "2026-08-26T11:06:27.807Z"
      },
      "heartbeat_counts": {
        "A": 9,
        "B": 0
      },
      "lease_holder": "A",
      "max_simultaneous_active_goals": 1,
      "measurement_completed_at": {
        "monotonic_s": 180796.322221,
        "wall_utc": "2026-08-26T11:06:27.815Z"
      },
      "observed": "official cancel callback and CANCELED terminal state observed",
      "outcome_class": "EXPLICIT_CANCEL_WORKS",
      "path": [
        "HorusLink client",
        "horus_unity_bridge",
        "ROS goal/cancel topic",
        "horus_backend Nav2ActionAdapter",
        "dummy NavigateToPose action server"
      ],
      "revision": "eca75cbf559f09ff793d8993338b2f1ffed1adfd",
      "runtime_label": "test-only-fix",
      "setup": {
        "catalog_event": {
          "payload": {
            "event": "snapshot",
            "lease_ttl_ms": 1200,
            "lease_version": 40,
            "leases": [],
            "session_id": "horus-long-action-probe"
          },
          "received_at": {
            "monotonic_s": 180794.23723,
            "wall_utc": "2026-08-26T11:06:25.730Z"
          }
        },
        "fresh_trial_state_verified": true,
        "goal_accepted_at": {
          "monotonic_s": 180794.296518,
          "wall_utc": "2026-08-26T11:06:25.790Z"
        },
        "goal_id": "3523bbab82472285e2b7b834eecc5506",
        "goal_marker_x": 10.05,
        "goal_publish_sent_at": {
          "monotonic_s": 180794.270611,
          "wall_utc": "2026-08-26T11:06:25.764Z"
        },
        "lease_acquire_event": {
          "payload": {
            "event": "lease_granted",
            "holder_app_id": "long-probe-A",
            "lease_ttl_ms": 1200,
            "lease_version": 41,
            "leases": [
              {
                "acquired_at_ms": 180794261,
                "holder_app_id": "long-probe-A",
                "holder_role": "operator",
                "last_heartbeat_ms": 180794261,
                "lease_version": 41,
                "panel_open": true,
                "robot_name": "robot1",
                "session_id": "A1_EXPLICIT_CANCEL-T05-session-A",
                "task_active": true,
                "task_kind": "navigation",
                "teleop_active": true
              }
            ],
            "request_id": "A1_EXPLICIT_CANCEL-T05-A-acquire",
            "robot_name": "robot1",
            "session_id": "A1_EXPLICIT_CANCEL-T05-session-A"
          },
          "received_at": {
            "monotonic_s": 180794.26153,
            "wall_utc": "2026-08-26T11:06:25.755Z"
          }
        },
        "lease_holder": "A",
        "lease_state_after_acquire": [
          {
            "acquired_at_ms": 180794261,
            "holder_app_id": "long-probe-A",
            "holder_role": "operator",
            "last_heartbeat_ms": 180794261,
            "lease_version": 41,
            "panel_open": true,
            "robot_name": "robot1",
            "session_id": "A1_EXPLICIT_CANCEL-T05-session-A",
            "task_active": true,
            "task_kind": "navigation",
            "teleop_active": true
          }
        ]
      },
      "started_at": {
        "monotonic_s": 180794.217621,
        "wall_utc": "2026-08-26T11:06:25.711Z"
      },
      "test_id": "A1_EXPLICIT_CANCEL",
      "trial_complete": true,
      "trial_id": "A1_EXPLICIT_CANCEL-T05",
      "trial_number": 5,
      "verdict": "PASS"
    },
    {
      "cancel_callback_latency_from_lease_state_observation_s": 0.000412,
      "cancel_callback_latency_from_revocation_initiation_s": 0.001066,
      "cancel_goal_ids": [
        "83f7bfa46c634209173faef67b3428aa"
      ],
      "cancel_request_count": 1,
      "cancel_request_count_at_measurement_end": 1,
      "checkpoints": [
        {
          "active_goal_count": 0,
          "active_goal_ids": [],
          "goals": {
            "83f7bfa46c634209173faef67b3428aa": {
              "cancel_request_count": 1,
              "feedback_count": 8,
              "goal_id": "83f7bfa46c634209173faef67b3428aa",
              "last_feedback_navigation_s": 1.973226,
              "last_feedback_simulated_progress_m": 0.197323,
              "state": "CANCELED",
              "target_marker_x": 20.01,
              "terminal_at": {
                "monotonic_s": 180798.471071,
                "wall_utc": "2026-08-26T11:06:29.964Z"
              }
            }
          },
          "lease_state": {
            "event": "lease_released",
            "holder_app_id": "long-probe-A",
            "lease_ttl_ms": 1200,
            "lease_version": 59,
            "leases": [],
            "request_id": "R1_RELEASE-T01-release",
            "robot_name": "robot1",
            "session_id": "R1_RELEASE-T01-session-A"
          },
          "observed_at": {
            "monotonic_s": 180798.958026,
            "wall_utc": "2026-08-26T11:06:30.451Z"
          },
          "observed_offset_s": 0.50048,
          "scheduled_offset_s": 0.5
        },
        {
          "active_goal_count": 0,
          "active_goal_ids": [],
          "goals": {
            "83f7bfa46c634209173faef67b3428aa": {
              "cancel_request_count": 1,
              "feedback_count": 8,
              "goal_id": "83f7bfa46c634209173faef67b3428aa",
              "last_feedback_navigation_s": 1.973226,
              "last_feedback_simulated_progress_m": 0.197323,
              "state": "CANCELED",
              "target_marker_x": 20.01,
              "terminal_at": {
                "monotonic_s": 180798.471071,
                "wall_utc": "2026-08-26T11:06:29.964Z"
              }
            }
          },
          "lease_state": {
            "event": "lease_released",
            "holder_app_id": "long-probe-A",
            "lease_ttl_ms": 1200,
            "lease_version": 59,
            "leases": [],
            "request_id": "R1_RELEASE-T01-release",
            "robot_name": "robot1",
            "session_id": "R1_RELEASE-T01-session-A"
          },
          "observed_at": {
            "monotonic_s": 180799.457629,
            "wall_utc": "2026-08-26T11:06:30.951Z"
          },
          "observed_offset_s": 1.000083,
          "scheduled_offset_s": 1.0
        },
        {
          "active_goal_count": 0,
          "active_goal_ids": [],
          "goals": {
            "83f7bfa46c634209173faef67b3428aa": {
              "cancel_request_count": 1,
              "feedback_count": 8,
              "goal_id": "83f7bfa46c634209173faef67b3428aa",
              "last_feedback_navigation_s": 1.973226,
              "last_feedback_simulated_progress_m": 0.197323,
              "state": "CANCELED",
              "target_marker_x": 20.01,
              "terminal_at": {
                "monotonic_s": 180798.471071,
                "wall_utc": "2026-08-26T11:06:29.964Z"
              }
            }
          },
          "lease_state": {
            "event": "lease_released",
            "holder_app_id": "long-probe-A",
            "lease_ttl_ms": 1200,
            "lease_version": 59,
            "leases": [],
            "request_id": "R1_RELEASE-T01-release",
            "robot_name": "robot1",
            "session_id": "R1_RELEASE-T01-session-A"
          },
          "observed_at": {
            "monotonic_s": 180801.457629,
            "wall_utc": "2026-08-26T11:06:32.951Z"
          },
          "observed_offset_s": 3.000083,
          "scheduled_offset_s": 3.0
        },
        {
          "active_goal_count": 0,
          "active_goal_ids": [],
          "goals": {
            "83f7bfa46c634209173faef67b3428aa": {
              "cancel_request_count": 1,
              "feedback_count": 8,
              "goal_id": "83f7bfa46c634209173faef67b3428aa",
              "last_feedback_navigation_s": 1.973226,
              "last_feedback_simulated_progress_m": 0.197323,
              "state": "CANCELED",
              "target_marker_x": 20.01,
              "terminal_at": {
                "monotonic_s": 180798.471071,
                "wall_utc": "2026-08-26T11:06:29.964Z"
              }
            }
          },
          "lease_state": {
            "event": "lease_released",
            "holder_app_id": "long-probe-A",
            "lease_ttl_ms": 1200,
            "lease_version": 59,
            "leases": [],
            "request_id": "R1_RELEASE-T01-release",
            "robot_name": "robot1",
            "session_id": "R1_RELEASE-T01-session-A"
          },
          "observed_at": {
            "monotonic_s": 180803.460039,
            "wall_utc": "2026-08-26T11:06:34.953Z"
          },
          "observed_offset_s": 5.002493,
          "scheduled_offset_s": 5.0
        },
        {
          "active_goal_count": 0,
          "active_goal_ids": [],
          "goals": {
            "83f7bfa46c634209173faef67b3428aa": {
              "cancel_request_count": 1,
              "feedback_count": 8,
              "goal_id": "83f7bfa46c634209173faef67b3428aa",
              "last_feedback_navigation_s": 1.973226,
              "last_feedback_simulated_progress_m": 0.197323,
              "state": "CANCELED",
              "target_marker_x": 20.01,
              "terminal_at": {
                "monotonic_s": 180798.471071,
                "wall_utc": "2026-08-26T11:06:29.964Z"
              }
            }
          },
          "lease_state": {
            "event": "lease_released",
            "holder_app_id": "long-probe-A",
            "lease_ttl_ms": 1200,
            "lease_version": 59,
            "leases": [],
            "request_id": "R1_RELEASE-T01-release",
            "robot_name": "robot1",
            "session_id": "R1_RELEASE-T01-session-A"
          },
          "observed_at": {
            "monotonic_s": 180808.457643,
            "wall_utc": "2026-08-26T11:06:39.951Z"
          },
          "observed_offset_s": 10.000097,
          "scheduled_offset_s": 10.0
        }
      ],
      "cleanup": {
        "active_goal_ids_after_cleanup": [],
        "clean": true,
        "completed_at": {
          "monotonic_s": 180808.538319,
          "wall_utc": "2026-08-26T11:06:40.031Z"
        },
        "forced_goal_ids": [],
        "release_or_close_errors": [],
        "started_at": {
          "monotonic_s": 180808.457968,
          "wall_utc": "2026-08-26T11:06:39.951Z"
        },
        "terminal_wait_errors": []
      },
      "concurrency_events": [
        {
          "active_goal_count": 1,
          "active_goal_ids": [
            "83f7bfa46c634209173faef67b3428aa"
          ],
          "at": {
            "monotonic_s": 180796.456834,
            "wall_utc": "2026-08-26T11:06:27.950Z"
          },
          "reason": "goal_accepted"
        },
        {
          "active_goal_count": 1,
          "active_goal_ids": [
            "83f7bfa46c634209173faef67b3428aa"
          ],
          "at": {
            "monotonic_s": 180796.457124,
            "wall_utc": "2026-08-26T11:06:27.950Z"
          },
          "reason": "execute_started"
        },
        {
          "active_goal_count": 1,
          "active_goal_ids": [
            "83f7bfa46c634209173faef67b3428aa"
          ],
          "at": {
            "monotonic_s": 180798.457974,
            "wall_utc": "2026-08-26T11:06:29.951Z"
          },
          "reason": "cancel_callback"
        },
        {
          "active_goal_count": 0,
          "active_goal_ids": [],
          "at": {
            "monotonic_s": 180798.471112,
            "wall_utc": "2026-08-26T11:06:29.964Z"
          },
          "reason": "goal_terminal"
        }
      ],
      "distance_model": "constant 0.1 m/s; not physical motion",
      "duration_basis": "revocation_to_terminal",
      "duration_is_right_censored_lower_bound": false,
      "evidence_fields": {
        "active_goal_count_at_observation_end": 0,
        "b_goal_id": null,
        "b_goal_status_at_observation_end": "NOT_APPLICABLE",
        "cancel_goal_ids": [
          "83f7bfa46c634209173faef67b3428aa"
        ],
        "cancel_request_times": [
          {
            "monotonic_s": 180798.457958,
            "wall_utc": "2026-08-26T11:06:29.951Z"
          }
        ],
        "cleanup_clean": true,
        "expected": "A lease release is observed; measure whether the accepted goal is canceled or remains active",
        "feedback_count_at_observation_end": 8,
        "first_feedback_time": {
          "monotonic_s": 180796.457232,
          "wall_utc": "2026-08-26T11:06:27.950Z"
        },
        "goal_accepted_time": {
          "monotonic_s": 180796.456812,
          "wall_utc": "2026-08-26T11:06:27.950Z"
        },
        "goal_id": "83f7bfa46c634209173faef67b3428aa",
        "goal_state_at_observation_end": "CANCELED",
        "goal_terminal_state": "CANCELED",
        "last_feedback_time_at_observation_end": {
          "monotonic_s": 180798.430632,
          "wall_utc": "2026-08-26T11:06:29.924Z"
        },
        "last_simulated_progress_m_at_observation_end": 0.197323,
        "lease_holder": "A",
        "max_simultaneous_active_goals": 1,
        "observed": "REVOCATION_CANCEL_IMMEDIATE",
        "post_revocation_duration_s": 0.013525,
        "revision": "eca75cbf559f09ff793d8993338b2f1ffed1adfd",
        "revocation_time": {
          "monotonic_s": 180798.457546,
          "wall_utc": "2026-08-26T11:06:29.951Z"
        },
        "simulated_additional_distance_m": 0.001353,
        "terminal_time": {
          "monotonic_s": 180798.471071,
          "wall_utc": "2026-08-26T11:06:29.964Z"
        },
        "test_id": "R1_RELEASE",
        "trial_id": "R1_RELEASE-T01",
        "verdict": "MEASURED"
      },
      "expected": "A lease release is observed; measure whether the accepted goal is canceled or remains active",
      "first_cancel_callback_at": {
        "monotonic_s": 180798.457958,
        "wall_utc": "2026-08-26T11:06:29.951Z"
      },
      "goal_records_at_measurement_end": {
        "83f7bfa46c634209173faef67b3428aa": {
          "accepted_at": {
            "monotonic_s": 180796.456812,
            "wall_utc": "2026-08-26T11:06:27.950Z"
          },
          "active_duration_s": 2.01396,
          "cancel_callbacks": [
            {
              "callback_at": {
                "monotonic_s": 180798.457958,
                "wall_utc": "2026-08-26T11:06:29.951Z"
              },
              "cancel_goal_id": "83f7bfa46c634209173faef67b3428aa"
            }
          ],
          "execute_started_at": {
            "monotonic_s": 180796.457111,
            "wall_utc": "2026-08-26T11:06:27.950Z"
          },
          "feedback_count": 8,
          "feedback_errors": [],
          "first_feedback_at": {
            "monotonic_s": 180796.457232,
            "wall_utc": "2026-08-26T11:06:27.950Z"
          },
          "goal_id": "83f7bfa46c634209173faef67b3428aa",
          "last_feedback_at": {
            "monotonic_s": 180798.430632,
            "wall_utc": "2026-08-26T11:06:29.924Z"
          },
          "last_feedback_navigation_s": 1.973226,
          "last_feedback_simulated_progress_m": 0.197323,
          "simulated_distance_at_terminal_m": 0.201396,
          "state": "CANCELED",
          "state_history": [
            {
              "at": {
                "monotonic_s": 180796.456812,
                "wall_utc": "2026-08-26T11:06:27.950Z"
              },
              "state": "ACCEPTED"
            },
            {
              "at": {
                "monotonic_s": 180796.457111,
                "wall_utc": "2026-08-26T11:06:27.950Z"
              },
              "state": "EXECUTING"
            },
            {
              "at": {
                "monotonic_s": 180798.457958,
                "wall_utc": "2026-08-26T11:06:29.951Z"
              },
              "state": "CANCEL_REQUEST_ACCEPTED"
            },
            {
              "at": {
                "monotonic_s": 180798.471071,
                "wall_utc": "2026-08-26T11:06:29.964Z"
              },
              "reason": "action_server_observed_cancel_request",
              "state": "CANCELED"
            }
          ],
          "target_marker_x": 20.01,
          "terminal_at": {
            "monotonic_s": 180798.471071,
            "wall_utc": "2026-08-26T11:06:29.964Z"
          },
          "terminal_reason": "action_server_observed_cancel_request",
          "test_cleanup_requested_at": null
        }
      },
      "goal_records_final": {
        "83f7bfa46c634209173faef67b3428aa": {
          "accepted_at": {
            "monotonic_s": 180796.456812,
            "wall_utc": "2026-08-26T11:06:27.950Z"
          },
          "active_duration_s": 2.01396,
          "cancel_callbacks": [
            {
              "callback_at": {
                "monotonic_s": 180798.457958,
                "wall_utc": "2026-08-26T11:06:29.951Z"
              },
              "cancel_goal_id": "83f7bfa46c634209173faef67b3428aa"
            }
          ],
          "execute_started_at": {
            "monotonic_s": 180796.457111,
            "wall_utc": "2026-08-26T11:06:27.950Z"
          },
          "feedback_count": 8,
          "feedback_errors": [],
          "first_feedback_at": {
            "monotonic_s": 180796.457232,
            "wall_utc": "2026-08-26T11:06:27.950Z"
          },
          "goal_id": "83f7bfa46c634209173faef67b3428aa",
          "last_feedback_at": {
            "monotonic_s": 180798.430632,
            "wall_utc": "2026-08-26T11:06:29.924Z"
          },
          "last_feedback_navigation_s": 1.973226,
          "last_feedback_simulated_progress_m": 0.197323,
          "simulated_distance_at_terminal_m": 0.201396,
          "state": "CANCELED",
          "state_history": [
            {
              "at": {
                "monotonic_s": 180796.456812,
                "wall_utc": "2026-08-26T11:06:27.950Z"
              },
              "state": "ACCEPTED"
            },
            {
              "at": {
                "monotonic_s": 180796.457111,
                "wall_utc": "2026-08-26T11:06:27.950Z"
              },
              "state": "EXECUTING"
            },
            {
              "at": {
                "monotonic_s": 180798.457958,
                "wall_utc": "2026-08-26T11:06:29.951Z"
              },
              "state": "CANCEL_REQUEST_ACCEPTED"
            },
            {
              "at": {
                "monotonic_s": 180798.471071,
                "wall_utc": "2026-08-26T11:06:29.964Z"
              },
              "reason": "action_server_observed_cancel_request",
              "state": "CANCELED"
            }
          ],
          "target_marker_x": 20.01,
          "terminal_at": {
            "monotonic_s": 180798.471071,
            "wall_utc": "2026-08-26T11:06:29.964Z"
          },
          "terminal_reason": "action_server_observed_cancel_request",
          "test_cleanup_requested_at": null
        }
      },
      "goal_state_at_observation_end": "CANCELED",
      "heartbeat_counts": {
        "A": 8,
        "B": 0
      },
      "lease_holder": "A",
      "lease_state_after_revocation": [],
      "max_simultaneous_active_goals": 1,
      "measurement_completed_at": {
        "monotonic_s": 180808.457958,
        "wall_utc": "2026-08-26T11:06:39.951Z"
      },
      "observed": "REVOCATION_CANCEL_IMMEDIATE",
      "outcome_class": "REVOCATION_CANCEL_IMMEDIATE",
      "path": [
        "HorusLink client",
        "horus_unity_bridge",
        "ROS goal/cancel topic",
        "horus_backend Nav2ActionAdapter",
        "dummy NavigateToPose action server"
      ],
      "post_revocation_active_duration_s": 0.013525,
      "revision": "eca75cbf559f09ff793d8993338b2f1ffed1adfd",
      "revocation_event": {
        "payload": {
          "event": "lease_released",
          "holder_app_id": "long-probe-A",
          "lease_ttl_ms": 1200,
          "lease_version": 59,
          "leases": [],
          "request_id": "R1_RELEASE-T01-release",
          "robot_name": "robot1",
          "session_id": "R1_RELEASE-T01-session-A"
        },
        "received_at": {
          "monotonic_s": 180798.457546,
          "wall_utc": "2026-08-26T11:06:29.951Z"
        }
      },
      "revocation_event_timestamp": {
        "monotonic_s": 180798.457546,
        "wall_utc": "2026-08-26T11:06:29.951Z"
      },
      "revocation_initiated_at": {
        "monotonic_s": 180798.456892,
        "wall_utc": "2026-08-26T11:06:29.950Z"
      },
      "runtime_label": "test-only-fix",
      "setup": {
        "catalog_event": {
          "payload": {
            "event": "snapshot",
            "lease_ttl_ms": 1200,
            "lease_version": 50,
            "leases": [],
            "session_id": "horus-long-action-probe"
          },
          "received_at": {
            "monotonic_s": 180796.405753,
            "wall_utc": "2026-08-26T11:06:27.899Z"
          }
        },
        "fresh_trial_state_verified": true,
        "goal_accepted_at": {
          "monotonic_s": 180796.456812,
          "wall_utc": "2026-08-26T11:06:27.950Z"
        },
        "goal_id": "83f7bfa46c634209173faef67b3428aa",
        "goal_marker_x": 20.01,
        "goal_publish_sent_at": {
          "monotonic_s": 180796.455573,
          "wall_utc": "2026-08-26T11:06:27.949Z"
        },
        "lease_acquire_event": {
          "payload": {
            "event": "lease_granted",
            "holder_app_id": "long-probe-A",
            "lease_ttl_ms": 1200,
            "lease_version": 51,
            "leases": [
              {
                "acquired_at_ms": 180796446,
                "holder_app_id": "long-probe-A",
                "holder_role": "operator",
                "last_heartbeat_ms": 180796446,
                "lease_version": 51,
                "panel_open": true,
                "robot_name": "robot1",
                "session_id": "R1_RELEASE-T01-session-A",
                "task_active": true,
                "task_kind": "navigation",
                "teleop_active": true
              }
            ],
            "request_id": "R1_RELEASE-T01-A-acquire",
            "robot_name": "robot1",
            "session_id": "R1_RELEASE-T01-session-A"
          },
          "received_at": {
            "monotonic_s": 180796.451545,
            "wall_utc": "2026-08-26T11:06:27.945Z"
          }
        },
        "lease_holder": "A",
        "lease_state_after_acquire": [
          {
            "acquired_at_ms": 180796446,
            "holder_app_id": "long-probe-A",
            "holder_role": "operator",
            "last_heartbeat_ms": 180796446,
            "lease_version": 51,
            "panel_open": true,
            "robot_name": "robot1",
            "session_id": "R1_RELEASE-T01-session-A",
            "task_active": true,
            "task_kind": "navigation",
            "teleop_active": true
          }
        ]
      },
      "simulated_additional_distance_m": 0.001353,
      "started_at": {
        "monotonic_s": 180796.402814,
        "wall_utc": "2026-08-26T11:06:27.896Z"
      },
      "test_id": "R1_RELEASE",
      "trial_complete": true,
      "trial_id": "R1_RELEASE-T01",
      "trial_number": 1,
      "verdict": "MEASURED"
    },
    {
      "cancel_callback_latency_from_lease_state_observation_s": 0.001002,
      "cancel_callback_latency_from_revocation_initiation_s": 0.001849,
      "cancel_goal_ids": [
        "9e33a1c9999c76838d86a5043c8541f9"
      ],
      "cancel_request_count": 1,
      "cancel_request_count_at_measurement_end": 1,
      "checkpoints": [
        {
          "active_goal_count": 0,
          "active_goal_ids": [],
          "goals": {
            "9e33a1c9999c76838d86a5043c8541f9": {
              "cancel_request_count": 1,
              "feedback_count": 8,
              "goal_id": "9e33a1c9999c76838d86a5043c8541f9",
              "last_feedback_navigation_s": 1.976061,
              "last_feedback_simulated_progress_m": 0.197606,
              "state": "CANCELED",
              "target_marker_x": 20.02,
              "terminal_at": {
                "monotonic_s": 180810.610506,
                "wall_utc": "2026-08-26T11:06:42.104Z"
              }
            }
          },
          "lease_state": {
            "event": "lease_released",
            "holder_app_id": "long-probe-A",
            "lease_ttl_ms": 1200,
            "lease_version": 68,
            "leases": [],
            "request_id": "R1_RELEASE-T02-release",
            "robot_name": "robot1",
            "session_id": "R1_RELEASE-T02-session-A"
          },
          "observed_at": {
            "monotonic_s": 180811.094178,
            "wall_utc": "2026-08-26T11:06:42.587Z"
          },
          "observed_offset_s": 0.500084,
          "scheduled_offset_s": 0.5
        },
        {
          "active_goal_count": 0,
          "active_goal_ids": [],
          "goals": {
            "9e33a1c9999c76838d86a5043c8541f9": {
              "cancel_request_count": 1,
              "feedback_count": 8,
              "goal_id": "9e33a1c9999c76838d86a5043c8541f9",
              "last_feedback_navigation_s": 1.976061,
              "last_feedback_simulated_progress_m": 0.197606,
              "state": "CANCELED",
              "target_marker_x": 20.02,
              "terminal_at": {
                "monotonic_s": 180810.610506,
                "wall_utc": "2026-08-26T11:06:42.104Z"
              }
            }
          },
          "lease_state": {
            "event": "lease_released",
            "holder_app_id": "long-probe-A",
            "lease_ttl_ms": 1200,
            "lease_version": 68,
            "leases": [],
            "request_id": "R1_RELEASE-T02-release",
            "robot_name": "robot1",
            "session_id": "R1_RELEASE-T02-session-A"
          },
          "observed_at": {
            "monotonic_s": 180811.594166,
            "wall_utc": "2026-08-26T11:06:43.087Z"
          },
          "observed_offset_s": 1.000072,
          "scheduled_offset_s": 1.0
        },
        {
          "active_goal_count": 0,
          "active_goal_ids": [],
          "goals": {
            "9e33a1c9999c76838d86a5043c8541f9": {
              "cancel_request_count": 1,
              "feedback_count": 8,
              "goal_id": "9e33a1c9999c76838d86a5043c8541f9",
              "last_feedback_navigation_s": 1.976061,
              "last_feedback_simulated_progress_m": 0.197606,
              "state": "CANCELED",
              "target_marker_x": 20.02,
              "terminal_at": {
                "monotonic_s": 180810.610506,
                "wall_utc": "2026-08-26T11:06:42.104Z"
              }
            }
          },
          "lease_state": {
            "event": "lease_released",
            "holder_app_id": "long-probe-A",
            "lease_ttl_ms": 1200,
            "lease_version": 68,
            "leases": [],
            "request_id": "R1_RELEASE-T02-release",
            "robot_name": "robot1",
            "session_id": "R1_RELEASE-T02-session-A"
          },
          "observed_at": {
            "monotonic_s": 180813.594188,
            "wall_utc": "2026-08-26T11:06:45.087Z"
          },
          "observed_offset_s": 3.000094,
          "scheduled_offset_s": 3.0
        },
        {
          "active_goal_count": 0,
          "active_goal_ids": [],
          "goals": {
            "9e33a1c9999c76838d86a5043c8541f9": {
              "cancel_request_count": 1,
              "feedback_count": 8,
              "goal_id": "9e33a1c9999c76838d86a5043c8541f9",
              "last_feedback_navigation_s": 1.976061,
              "last_feedback_simulated_progress_m": 0.197606,
              "state": "CANCELED",
              "target_marker_x": 20.02,
              "terminal_at": {
                "monotonic_s": 180810.610506,
                "wall_utc": "2026-08-26T11:06:42.104Z"
              }
            }
          },
          "lease_state": {
            "event": "lease_released",
            "holder_app_id": "long-probe-A",
            "lease_ttl_ms": 1200,
            "lease_version": 68,
            "leases": [],
            "request_id": "R1_RELEASE-T02-release",
            "robot_name": "robot1",
            "session_id": "R1_RELEASE-T02-session-A"
          },
          "observed_at": {
            "monotonic_s": 180815.594166,
            "wall_utc": "2026-08-26T11:06:47.087Z"
          },
          "observed_offset_s": 5.000072,
          "scheduled_offset_s": 5.0
        },
        {
          "active_goal_count": 0,
          "active_goal_ids": [],
          "goals": {
            "9e33a1c9999c76838d86a5043c8541f9": {
              "cancel_request_count": 1,
              "feedback_count": 8,
              "goal_id": "9e33a1c9999c76838d86a5043c8541f9",
              "last_feedback_navigation_s": 1.976061,
              "last_feedback_simulated_progress_m": 0.197606,
              "state": "CANCELED",
              "target_marker_x": 20.02,
              "terminal_at": {
                "monotonic_s": 180810.610506,
                "wall_utc": "2026-08-26T11:06:42.104Z"
              }
            }
          },
          "lease_state": {
            "event": "lease_released",
            "holder_app_id": "long-probe-A",
            "lease_ttl_ms": 1200,
            "lease_version": 68,
            "leases": [],
            "request_id": "R1_RELEASE-T02-release",
            "robot_name": "robot1",
            "session_id": "R1_RELEASE-T02-session-A"
          },
          "observed_at": {
            "monotonic_s": 180820.596709,
            "wall_utc": "2026-08-26T11:06:52.090Z"
          },
          "observed_offset_s": 10.002615,
          "scheduled_offset_s": 10.0
        }
      ],
      "cleanup": {
        "active_goal_ids_after_cleanup": [],
        "clean": true,
        "completed_at": {
          "monotonic_s": 180820.677243,
          "wall_utc": "2026-08-26T11:06:52.170Z"
        },
        "forced_goal_ids": [],
        "release_or_close_errors": [],
        "started_at": {
          "monotonic_s": 180820.596978,
          "wall_utc": "2026-08-26T11:06:52.090Z"
        },
        "terminal_wait_errors": []
      },
      "concurrency_events": [
        {
          "active_goal_count": 1,
          "active_goal_ids": [
            "9e33a1c9999c76838d86a5043c8541f9"
          ],
          "at": {
            "monotonic_s": 180808.592694,
            "wall_utc": "2026-08-26T11:06:40.086Z"
          },
          "reason": "goal_accepted"
        },
        {
          "active_goal_count": 1,
          "active_goal_ids": [
            "9e33a1c9999c76838d86a5043c8541f9"
          ],
          "at": {
            "monotonic_s": 180808.592995,
            "wall_utc": "2026-08-26T11:06:40.086Z"
          },
          "reason": "execute_started"
        },
        {
          "active_goal_count": 1,
          "active_goal_ids": [
            "9e33a1c9999c76838d86a5043c8541f9"
          ],
          "at": {
            "monotonic_s": 180810.595135,
            "wall_utc": "2026-08-26T11:06:42.088Z"
          },
          "reason": "cancel_callback"
        },
        {
          "active_goal_count": 0,
          "active_goal_ids": [],
          "at": {
            "monotonic_s": 180810.610563,
            "wall_utc": "2026-08-26T11:06:42.104Z"
          },
          "reason": "goal_terminal"
        }
      ],
      "distance_model": "constant 0.1 m/s; not physical motion",
      "duration_basis": "revocation_to_terminal",
      "duration_is_right_censored_lower_bound": false,
      "evidence_fields": {
        "active_goal_count_at_observation_end": 0,
        "b_goal_id": null,
        "b_goal_status_at_observation_end": "NOT_APPLICABLE",
        "cancel_goal_ids": [
          "9e33a1c9999c76838d86a5043c8541f9"
        ],
        "cancel_request_times": [
          {
            "monotonic_s": 180810.595096,
            "wall_utc": "2026-08-26T11:06:42.088Z"
          }
        ],
        "cleanup_clean": true,
        "expected": "A lease release is observed; measure whether the accepted goal is canceled or remains active",
        "feedback_count_at_observation_end": 8,
        "first_feedback_time": {
          "monotonic_s": 180808.593134,
          "wall_utc": "2026-08-26T11:06:40.086Z"
        },
        "goal_accepted_time": {
          "monotonic_s": 180808.592667,
          "wall_utc": "2026-08-26T11:06:40.086Z"
        },
        "goal_id": "9e33a1c9999c76838d86a5043c8541f9",
        "goal_state_at_observation_end": "CANCELED",
        "goal_terminal_state": "CANCELED",
        "last_feedback_time_at_observation_end": {
          "monotonic_s": 180810.569348,
          "wall_utc": "2026-08-26T11:06:42.063Z"
        },
        "last_simulated_progress_m_at_observation_end": 0.197606,
        "lease_holder": "A",
        "max_simultaneous_active_goals": 1,
        "observed": "REVOCATION_CANCEL_IMMEDIATE",
        "post_revocation_duration_s": 0.016412,
        "revision": "eca75cbf559f09ff793d8993338b2f1ffed1adfd",
        "revocation_time": {
          "monotonic_s": 180810.594094,
          "wall_utc": "2026-08-26T11:06:42.087Z"
        },
        "simulated_additional_distance_m": 0.001641,
        "terminal_time": {
          "monotonic_s": 180810.610506,
          "wall_utc": "2026-08-26T11:06:42.104Z"
        },
        "test_id": "R1_RELEASE",
        "trial_id": "R1_RELEASE-T02",
        "verdict": "MEASURED"
      },
      "expected": "A lease release is observed; measure whether the accepted goal is canceled or remains active",
      "first_cancel_callback_at": {
        "monotonic_s": 180810.595096,
        "wall_utc": "2026-08-26T11:06:42.088Z"
      },
      "goal_records_at_measurement_end": {
        "9e33a1c9999c76838d86a5043c8541f9": {
          "accepted_at": {
            "monotonic_s": 180808.592667,
            "wall_utc": "2026-08-26T11:06:40.086Z"
          },
          "active_duration_s": 2.017526,
          "cancel_callbacks": [
            {
              "callback_at": {
                "monotonic_s": 180810.595096,
                "wall_utc": "2026-08-26T11:06:42.088Z"
              },
              "cancel_goal_id": "9e33a1c9999c76838d86a5043c8541f9"
            }
          ],
          "execute_started_at": {
            "monotonic_s": 180808.59298,
            "wall_utc": "2026-08-26T11:06:40.086Z"
          },
          "feedback_count": 8,
          "feedback_errors": [],
          "first_feedback_at": {
            "monotonic_s": 180808.593134,
            "wall_utc": "2026-08-26T11:06:40.086Z"
          },
          "goal_id": "9e33a1c9999c76838d86a5043c8541f9",
          "last_feedback_at": {
            "monotonic_s": 180810.569348,
            "wall_utc": "2026-08-26T11:06:42.063Z"
          },
          "last_feedback_navigation_s": 1.976061,
          "last_feedback_simulated_progress_m": 0.197606,
          "simulated_distance_at_terminal_m": 0.201753,
          "state": "CANCELED",
          "state_history": [
            {
              "at": {
                "monotonic_s": 180808.592667,
                "wall_utc": "2026-08-26T11:06:40.086Z"
              },
              "state": "ACCEPTED"
            },
            {
              "at": {
                "monotonic_s": 180808.59298,
                "wall_utc": "2026-08-26T11:06:40.086Z"
              },
              "state": "EXECUTING"
            },
            {
              "at": {
                "monotonic_s": 180810.595096,
                "wall_utc": "2026-08-26T11:06:42.088Z"
              },
              "state": "CANCEL_REQUEST_ACCEPTED"
            },
            {
              "at": {
                "monotonic_s": 180810.610506,
                "wall_utc": "2026-08-26T11:06:42.104Z"
              },
              "reason": "action_server_observed_cancel_request",
              "state": "CANCELED"
            }
          ],
          "target_marker_x": 20.02,
          "terminal_at": {
            "monotonic_s": 180810.610506,
            "wall_utc": "2026-08-26T11:06:42.104Z"
          },
          "terminal_reason": "action_server_observed_cancel_request",
          "test_cleanup_requested_at": null
        }
      },
      "goal_records_final": {
        "9e33a1c9999c76838d86a5043c8541f9": {
          "accepted_at": {
            "monotonic_s": 180808.592667,
            "wall_utc": "2026-08-26T11:06:40.086Z"
          },
          "active_duration_s": 2.017526,
          "cancel_callbacks": [
            {
              "callback_at": {
                "monotonic_s": 180810.595096,
                "wall_utc": "2026-08-26T11:06:42.088Z"
              },
              "cancel_goal_id": "9e33a1c9999c76838d86a5043c8541f9"
            }
          ],
          "execute_started_at": {
            "monotonic_s": 180808.59298,
            "wall_utc": "2026-08-26T11:06:40.086Z"
          },
          "feedback_count": 8,
          "feedback_errors": [],
          "first_feedback_at": {
            "monotonic_s": 180808.593134,
            "wall_utc": "2026-08-26T11:06:40.086Z"
          },
          "goal_id": "9e33a1c9999c76838d86a5043c8541f9",
          "last_feedback_at": {
            "monotonic_s": 180810.569348,
            "wall_utc": "2026-08-26T11:06:42.063Z"
          },
          "last_feedback_navigation_s": 1.976061,
          "last_feedback_simulated_progress_m": 0.197606,
          "simulated_distance_at_terminal_m": 0.201753,
          "state": "CANCELED",
          "state_history": [
            {
              "at": {
                "monotonic_s": 180808.592667,
                "wall_utc": "2026-08-26T11:06:40.086Z"
              },
              "state": "ACCEPTED"
            },
            {
              "at": {
                "monotonic_s": 180808.59298,
                "wall_utc": "2026-08-26T11:06:40.086Z"
              },
              "state": "EXECUTING"
            },
            {
              "at": {
                "monotonic_s": 180810.595096,
                "wall_utc": "2026-08-26T11:06:42.088Z"
              },
              "state": "CANCEL_REQUEST_ACCEPTED"
            },
            {
              "at": {
                "monotonic_s": 180810.610506,
                "wall_utc": "2026-08-26T11:06:42.104Z"
              },
              "reason": "action_server_observed_cancel_request",
              "state": "CANCELED"
            }
          ],
          "target_marker_x": 20.02,
          "terminal_at": {
            "monotonic_s": 180810.610506,
            "wall_utc": "2026-08-26T11:06:42.104Z"
          },
          "terminal_reason": "action_server_observed_cancel_request",
          "test_cleanup_requested_at": null
        }
      },
      "goal_state_at_observation_end": "CANCELED",
      "heartbeat_counts": {
        "A": 8,
        "B": 0
      },
      "lease_holder": "A",
      "lease_state_after_revocation": [],
      "max_simultaneous_active_goals": 1,
      "measurement_completed_at": {
        "monotonic_s": 180820.596969,
        "wall_utc": "2026-08-26T11:06:52.090Z"
      },
      "observed": "REVOCATION_CANCEL_IMMEDIATE",
      "outcome_class": "REVOCATION_CANCEL_IMMEDIATE",
      "path": [
        "HorusLink client",
        "horus_unity_bridge",
        "ROS goal/cancel topic",
        "horus_backend Nav2ActionAdapter",
        "dummy NavigateToPose action server"
      ],
      "post_revocation_active_duration_s": 0.016412,
      "revision": "eca75cbf559f09ff793d8993338b2f1ffed1adfd",
      "revocation_event": {
        "payload": {
          "event": "lease_released",
          "holder_app_id": "long-probe-A",
          "lease_ttl_ms": 1200,
          "lease_version": 68,
          "leases": [],
          "request_id": "R1_RELEASE-T02-release",
          "robot_name": "robot1",
          "session_id": "R1_RELEASE-T02-session-A"
        },
        "received_at": {
          "monotonic_s": 180810.594094,
          "wall_utc": "2026-08-26T11:06:42.087Z"
        }
      },
      "revocation_event_timestamp": {
        "monotonic_s": 180810.594094,
        "wall_utc": "2026-08-26T11:06:42.087Z"
      },
      "revocation_initiated_at": {
        "monotonic_s": 180810.593247,
        "wall_utc": "2026-08-26T11:06:42.086Z"
      },
      "runtime_label": "test-only-fix",
      "setup": {
        "catalog_event": {
          "payload": {
            "event": "snapshot",
            "lease_ttl_ms": 1200,
            "lease_version": 59,
            "leases": [],
            "session_id": "horus-long-action-probe"
          },
          "received_at": {
            "monotonic_s": 180808.541361,
            "wall_utc": "2026-08-26T11:06:40.035Z"
          }
        },
        "fresh_trial_state_verified": true,
        "goal_accepted_at": {
          "monotonic_s": 180808.592667,
          "wall_utc": "2026-08-26T11:06:40.086Z"
        },
        "goal_id": "9e33a1c9999c76838d86a5043c8541f9",
        "goal_marker_x": 20.02,
        "goal_publish_sent_at": {
          "monotonic_s": 180808.591427,
          "wall_utc": "2026-08-26T11:06:40.085Z"
        },
        "lease_acquire_event": {
          "payload": {
            "event": "lease_granted",
            "holder_app_id": "long-probe-A",
            "lease_ttl_ms": 1200,
            "lease_version": 60,
            "leases": [
              {
                "acquired_at_ms": 180808581,
                "holder_app_id": "long-probe-A",
                "holder_role": "operator",
                "last_heartbeat_ms": 180808581,
                "lease_version": 60,
                "panel_open": true,
                "robot_name": "robot1",
                "session_id": "R1_RELEASE-T02-session-A",
                "task_active": true,
                "task_kind": "navigation",
                "teleop_active": true
              }
            ],
            "request_id": "R1_RELEASE-T02-A-acquire",
            "robot_name": "robot1",
            "session_id": "R1_RELEASE-T02-session-A"
          },
          "received_at": {
            "monotonic_s": 180808.582119,
            "wall_utc": "2026-08-26T11:06:40.075Z"
          }
        },
        "lease_holder": "A",
        "lease_state_after_acquire": [
          {
            "acquired_at_ms": 180808581,
            "holder_app_id": "long-probe-A",
            "holder_role": "operator",
            "last_heartbeat_ms": 180808581,
            "lease_version": 60,
            "panel_open": true,
            "robot_name": "robot1",
            "session_id": "R1_RELEASE-T02-session-A",
            "task_active": true,
            "task_kind": "navigation",
            "teleop_active": true
          }
        ]
      },
      "simulated_additional_distance_m": 0.001641,
      "started_at": {
        "monotonic_s": 180808.538476,
        "wall_utc": "2026-08-26T11:06:40.032Z"
      },
      "test_id": "R1_RELEASE",
      "trial_complete": true,
      "trial_id": "R1_RELEASE-T02",
      "trial_number": 2,
      "verdict": "MEASURED"
    },
    {
      "cancel_callback_latency_from_lease_state_observation_s": 0.000586,
      "cancel_callback_latency_from_revocation_initiation_s": 0.001607,
      "cancel_goal_ids": [
        "aaeffc213b0e2628a02668c63cfe94a0"
      ],
      "cancel_request_count": 1,
      "cancel_request_count_at_measurement_end": 1,
      "checkpoints": [
        {
          "active_goal_count": 0,
          "active_goal_ids": [],
          "goals": {
            "aaeffc213b0e2628a02668c63cfe94a0": {
              "cancel_request_count": 1,
              "feedback_count": 8,
              "goal_id": "aaeffc213b0e2628a02668c63cfe94a0",
              "last_feedback_navigation_s": 1.974492,
              "last_feedback_simulated_progress_m": 0.197449,
              "state": "CANCELED",
              "target_marker_x": 20.03,
              "terminal_at": {
                "monotonic_s": 180822.747052,
                "wall_utc": "2026-08-26T11:06:54.240Z"
              }
            }
          },
          "lease_state": {
            "event": "lease_released",
            "holder_app_id": "long-probe-A",
            "lease_ttl_ms": 1200,
            "lease_version": 77,
            "leases": [],
            "request_id": "R1_RELEASE-T03-release",
            "robot_name": "robot1",
            "session_id": "R1_RELEASE-T03-session-A"
          },
          "observed_at": {
            "monotonic_s": 180823.232707,
            "wall_utc": "2026-08-26T11:06:54.726Z"
          },
          "observed_offset_s": 0.500134,
          "scheduled_offset_s": 0.5
        },
        {
          "active_goal_count": 0,
          "active_goal_ids": [],
          "goals": {
            "aaeffc213b0e2628a02668c63cfe94a0": {
              "cancel_request_count": 1,
              "feedback_count": 8,
              "goal_id": "aaeffc213b0e2628a02668c63cfe94a0",
              "last_feedback_navigation_s": 1.974492,
              "last_feedback_simulated_progress_m": 0.197449,
              "state": "CANCELED",
              "target_marker_x": 20.03,
              "terminal_at": {
                "monotonic_s": 180822.747052,
                "wall_utc": "2026-08-26T11:06:54.240Z"
              }
            }
          },
          "lease_state": {
            "event": "lease_released",
            "holder_app_id": "long-probe-A",
            "lease_ttl_ms": 1200,
            "lease_version": 77,
            "leases": [],
            "request_id": "R1_RELEASE-T03-release",
            "robot_name": "robot1",
            "session_id": "R1_RELEASE-T03-session-A"
          },
          "observed_at": {
            "monotonic_s": 180823.732647,
            "wall_utc": "2026-08-26T11:06:55.226Z"
          },
          "observed_offset_s": 1.000074,
          "scheduled_offset_s": 1.0
        },
        {
          "active_goal_count": 0,
          "active_goal_ids": [],
          "goals": {
            "aaeffc213b0e2628a02668c63cfe94a0": {
              "cancel_request_count": 1,
              "feedback_count": 8,
              "goal_id": "aaeffc213b0e2628a02668c63cfe94a0",
              "last_feedback_navigation_s": 1.974492,
              "last_feedback_simulated_progress_m": 0.197449,
              "state": "CANCELED",
              "target_marker_x": 20.03,
              "terminal_at": {
                "monotonic_s": 180822.747052,
                "wall_utc": "2026-08-26T11:06:54.240Z"
              }
            }
          },
          "lease_state": {
            "event": "lease_released",
            "holder_app_id": "long-probe-A",
            "lease_ttl_ms": 1200,
            "lease_version": 77,
            "leases": [],
            "request_id": "R1_RELEASE-T03-release",
            "robot_name": "robot1",
            "session_id": "R1_RELEASE-T03-session-A"
          },
          "observed_at": {
            "monotonic_s": 180825.732641,
            "wall_utc": "2026-08-26T11:06:57.226Z"
          },
          "observed_offset_s": 3.000068,
          "scheduled_offset_s": 3.0
        },
        {
          "active_goal_count": 0,
          "active_goal_ids": [],
          "goals": {
            "aaeffc213b0e2628a02668c63cfe94a0": {
              "cancel_request_count": 1,
              "feedback_count": 8,
              "goal_id": "aaeffc213b0e2628a02668c63cfe94a0",
              "last_feedback_navigation_s": 1.974492,
              "last_feedback_simulated_progress_m": 0.197449,
              "state": "CANCELED",
              "target_marker_x": 20.03,
              "terminal_at": {
                "monotonic_s": 180822.747052,
                "wall_utc": "2026-08-26T11:06:54.240Z"
              }
            }
          },
          "lease_state": {
            "event": "lease_released",
            "holder_app_id": "long-probe-A",
            "lease_ttl_ms": 1200,
            "lease_version": 77,
            "leases": [],
            "request_id": "R1_RELEASE-T03-release",
            "robot_name": "robot1",
            "session_id": "R1_RELEASE-T03-session-A"
          },
          "observed_at": {
            "monotonic_s": 180827.732659,
            "wall_utc": "2026-08-26T11:06:59.226Z"
          },
          "observed_offset_s": 5.000086,
          "scheduled_offset_s": 5.0
        },
        {
          "active_goal_count": 0,
          "active_goal_ids": [],
          "goals": {
            "aaeffc213b0e2628a02668c63cfe94a0": {
              "cancel_request_count": 1,
              "feedback_count": 8,
              "goal_id": "aaeffc213b0e2628a02668c63cfe94a0",
              "last_feedback_navigation_s": 1.974492,
              "last_feedback_simulated_progress_m": 0.197449,
              "state": "CANCELED",
              "target_marker_x": 20.03,
              "terminal_at": {
                "monotonic_s": 180822.747052,
                "wall_utc": "2026-08-26T11:06:54.240Z"
              }
            }
          },
          "lease_state": {
            "event": "lease_released",
            "holder_app_id": "long-probe-A",
            "lease_ttl_ms": 1200,
            "lease_version": 77,
            "leases": [],
            "request_id": "R1_RELEASE-T03-release",
            "robot_name": "robot1",
            "session_id": "R1_RELEASE-T03-session-A"
          },
          "observed_at": {
            "monotonic_s": 180832.732632,
            "wall_utc": "2026-08-26T11:07:04.226Z"
          },
          "observed_offset_s": 10.000059,
          "scheduled_offset_s": 10.0
        }
      ],
      "cleanup": {
        "active_goal_ids_after_cleanup": [],
        "clean": true,
        "completed_at": {
          "monotonic_s": 180832.813258,
          "wall_utc": "2026-08-26T11:07:04.306Z"
        },
        "forced_goal_ids": [],
        "release_or_close_errors": [],
        "started_at": {
          "monotonic_s": 180832.73281,
          "wall_utc": "2026-08-26T11:07:04.226Z"
        },
        "terminal_wait_errors": []
      },
      "concurrency_events": [
        {
          "active_goal_count": 1,
          "active_goal_ids": [
            "aaeffc213b0e2628a02668c63cfe94a0"
          ],
          "at": {
            "monotonic_s": 180820.731485,
            "wall_utc": "2026-08-26T11:06:52.225Z"
          },
          "reason": "goal_accepted"
        },
        {
          "active_goal_count": 1,
          "active_goal_ids": [
            "aaeffc213b0e2628a02668c63cfe94a0"
          ],
          "at": {
            "monotonic_s": 180820.731734,
            "wall_utc": "2026-08-26T11:06:52.225Z"
          },
          "reason": "execute_started"
        },
        {
          "active_goal_count": 1,
          "active_goal_ids": [
            "aaeffc213b0e2628a02668c63cfe94a0"
          ],
          "at": {
            "monotonic_s": 180822.733188,
            "wall_utc": "2026-08-26T11:06:54.226Z"
          },
          "reason": "cancel_callback"
        },
        {
          "active_goal_count": 0,
          "active_goal_ids": [],
          "at": {
            "monotonic_s": 180822.747125,
            "wall_utc": "2026-08-26T11:06:54.240Z"
          },
          "reason": "goal_terminal"
        }
      ],
      "distance_model": "constant 0.1 m/s; not physical motion",
      "duration_basis": "revocation_to_terminal",
      "duration_is_right_censored_lower_bound": false,
      "evidence_fields": {
        "active_goal_count_at_observation_end": 0,
        "b_goal_id": null,
        "b_goal_status_at_observation_end": "NOT_APPLICABLE",
        "cancel_goal_ids": [
          "aaeffc213b0e2628a02668c63cfe94a0"
        ],
        "cancel_request_times": [
          {
            "monotonic_s": 180822.733159,
            "wall_utc": "2026-08-26T11:06:54.226Z"
          }
        ],
        "cleanup_clean": true,
        "expected": "A lease release is observed; measure whether the accepted goal is canceled or remains active",
        "feedback_count_at_observation_end": 8,
        "first_feedback_time": {
          "monotonic_s": 180820.73187,
          "wall_utc": "2026-08-26T11:06:52.225Z"
        },
        "goal_accepted_time": {
          "monotonic_s": 180820.731458,
          "wall_utc": "2026-08-26T11:06:52.225Z"
        },
        "goal_id": "aaeffc213b0e2628a02668c63cfe94a0",
        "goal_state_at_observation_end": "CANCELED",
        "goal_terminal_state": "CANCELED",
        "last_feedback_time_at_observation_end": {
          "monotonic_s": 180822.706728,
          "wall_utc": "2026-08-26T11:06:54.200Z"
        },
        "last_simulated_progress_m_at_observation_end": 0.197449,
        "lease_holder": "A",
        "max_simultaneous_active_goals": 1,
        "observed": "REVOCATION_CANCEL_IMMEDIATE",
        "post_revocation_duration_s": 0.014479,
        "revision": "eca75cbf559f09ff793d8993338b2f1ffed1adfd",
        "revocation_time": {
          "monotonic_s": 180822.732573,
          "wall_utc": "2026-08-26T11:06:54.226Z"
        },
        "simulated_additional_distance_m": 0.001448,
        "terminal_time": {
          "monotonic_s": 180822.747052,
          "wall_utc": "2026-08-26T11:06:54.240Z"
        },
        "test_id": "R1_RELEASE",
        "trial_id": "R1_RELEASE-T03",
        "verdict": "MEASURED"
      },
      "expected": "A lease release is observed; measure whether the accepted goal is canceled or remains active",
      "first_cancel_callback_at": {
        "monotonic_s": 180822.733159,
        "wall_utc": "2026-08-26T11:06:54.226Z"
      },
      "goal_records_at_measurement_end": {
        "aaeffc213b0e2628a02668c63cfe94a0": {
          "accepted_at": {
            "monotonic_s": 180820.731458,
            "wall_utc": "2026-08-26T11:06:52.225Z"
          },
          "active_duration_s": 2.015332,
          "cancel_callbacks": [
            {
              "callback_at": {
                "monotonic_s": 180822.733159,
                "wall_utc": "2026-08-26T11:06:54.226Z"
              },
              "cancel_goal_id": "aaeffc213b0e2628a02668c63cfe94a0"
            }
          ],
          "execute_started_at": {
            "monotonic_s": 180820.73172,
            "wall_utc": "2026-08-26T11:06:52.225Z"
          },
          "feedback_count": 8,
          "feedback_errors": [],
          "first_feedback_at": {
            "monotonic_s": 180820.73187,
            "wall_utc": "2026-08-26T11:06:52.225Z"
          },
          "goal_id": "aaeffc213b0e2628a02668c63cfe94a0",
          "last_feedback_at": {
            "monotonic_s": 180822.706728,
            "wall_utc": "2026-08-26T11:06:54.200Z"
          },
          "last_feedback_navigation_s": 1.974492,
          "last_feedback_simulated_progress_m": 0.197449,
          "simulated_distance_at_terminal_m": 0.201533,
          "state": "CANCELED",
          "state_history": [
            {
              "at": {
                "monotonic_s": 180820.731458,
                "wall_utc": "2026-08-26T11:06:52.225Z"
              },
              "state": "ACCEPTED"
            },
            {
              "at": {
                "monotonic_s": 180820.73172,
                "wall_utc": "2026-08-26T11:06:52.225Z"
              },
              "state": "EXECUTING"
            },
            {
              "at": {
                "monotonic_s": 180822.733159,
                "wall_utc": "2026-08-26T11:06:54.226Z"
              },
              "state": "CANCEL_REQUEST_ACCEPTED"
            },
            {
              "at": {
                "monotonic_s": 180822.747052,
                "wall_utc": "2026-08-26T11:06:54.240Z"
              },
              "reason": "action_server_observed_cancel_request",
              "state": "CANCELED"
            }
          ],
          "target_marker_x": 20.03,
          "terminal_at": {
            "monotonic_s": 180822.747052,
            "wall_utc": "2026-08-26T11:06:54.240Z"
          },
          "terminal_reason": "action_server_observed_cancel_request",
          "test_cleanup_requested_at": null
        }
      },
      "goal_records_final": {
        "aaeffc213b0e2628a02668c63cfe94a0": {
          "accepted_at": {
            "monotonic_s": 180820.731458,
            "wall_utc": "2026-08-26T11:06:52.225Z"
          },
          "active_duration_s": 2.015332,
          "cancel_callbacks": [
            {
              "callback_at": {
                "monotonic_s": 180822.733159,
                "wall_utc": "2026-08-26T11:06:54.226Z"
              },
              "cancel_goal_id": "aaeffc213b0e2628a02668c63cfe94a0"
            }
          ],
          "execute_started_at": {
            "monotonic_s": 180820.73172,
            "wall_utc": "2026-08-26T11:06:52.225Z"
          },
          "feedback_count": 8,
          "feedback_errors": [],
          "first_feedback_at": {
            "monotonic_s": 180820.73187,
            "wall_utc": "2026-08-26T11:06:52.225Z"
          },
          "goal_id": "aaeffc213b0e2628a02668c63cfe94a0",
          "last_feedback_at": {
            "monotonic_s": 180822.706728,
            "wall_utc": "2026-08-26T11:06:54.200Z"
          },
          "last_feedback_navigation_s": 1.974492,
          "last_feedback_simulated_progress_m": 0.197449,
          "simulated_distance_at_terminal_m": 0.201533,
          "state": "CANCELED",
          "state_history": [
            {
              "at": {
                "monotonic_s": 180820.731458,
                "wall_utc": "2026-08-26T11:06:52.225Z"
              },
              "state": "ACCEPTED"
            },
            {
              "at": {
                "monotonic_s": 180820.73172,
                "wall_utc": "2026-08-26T11:06:52.225Z"
              },
              "state": "EXECUTING"
            },
            {
              "at": {
                "monotonic_s": 180822.733159,
                "wall_utc": "2026-08-26T11:06:54.226Z"
              },
              "state": "CANCEL_REQUEST_ACCEPTED"
            },
            {
              "at": {
                "monotonic_s": 180822.747052,
                "wall_utc": "2026-08-26T11:06:54.240Z"
              },
              "reason": "action_server_observed_cancel_request",
              "state": "CANCELED"
            }
          ],
          "target_marker_x": 20.03,
          "terminal_at": {
            "monotonic_s": 180822.747052,
            "wall_utc": "2026-08-26T11:06:54.240Z"
          },
          "terminal_reason": "action_server_observed_cancel_request",
          "test_cleanup_requested_at": null
        }
      },
      "goal_state_at_observation_end": "CANCELED",
      "heartbeat_counts": {
        "A": 8,
        "B": 0
      },
      "lease_holder": "A",
      "lease_state_after_revocation": [],
      "max_simultaneous_active_goals": 1,
      "measurement_completed_at": {
        "monotonic_s": 180832.732805,
        "wall_utc": "2026-08-26T11:07:04.226Z"
      },
      "observed": "REVOCATION_CANCEL_IMMEDIATE",
      "outcome_class": "REVOCATION_CANCEL_IMMEDIATE",
      "path": [
        "HorusLink client",
        "horus_unity_bridge",
        "ROS goal/cancel topic",
        "horus_backend Nav2ActionAdapter",
        "dummy NavigateToPose action server"
      ],
      "post_revocation_active_duration_s": 0.014479,
      "revision": "eca75cbf559f09ff793d8993338b2f1ffed1adfd",
      "revocation_event": {
        "payload": {
          "event": "lease_released",
          "holder_app_id": "long-probe-A",
          "lease_ttl_ms": 1200,
          "lease_version": 77,
          "leases": [],
          "request_id": "R1_RELEASE-T03-release",
          "robot_name": "robot1",
          "session_id": "R1_RELEASE-T03-session-A"
        },
        "received_at": {
          "monotonic_s": 180822.732573,
          "wall_utc": "2026-08-26T11:06:54.226Z"
        }
      },
      "revocation_event_timestamp": {
        "monotonic_s": 180822.732573,
        "wall_utc": "2026-08-26T11:06:54.226Z"
      },
      "revocation_initiated_at": {
        "monotonic_s": 180822.731552,
        "wall_utc": "2026-08-26T11:06:54.225Z"
      },
      "runtime_label": "test-only-fix",
      "setup": {
        "catalog_event": {
          "payload": {
            "event": "snapshot",
            "lease_ttl_ms": 1200,
            "lease_version": 68,
            "leases": [],
            "session_id": "horus-long-action-probe"
          },
          "received_at": {
            "monotonic_s": 180820.680188,
            "wall_utc": "2026-08-26T11:06:52.173Z"
          }
        },
        "fresh_trial_state_verified": true,
        "goal_accepted_at": {
          "monotonic_s": 180820.731458,
          "wall_utc": "2026-08-26T11:06:52.225Z"
        },
        "goal_id": "aaeffc213b0e2628a02668c63cfe94a0",
        "goal_marker_x": 20.03,
        "goal_publish_sent_at": {
          "monotonic_s": 180820.73007,
          "wall_utc": "2026-08-26T11:06:52.223Z"
        },
        "lease_acquire_event": {
          "payload": {
            "event": "lease_granted",
            "holder_app_id": "long-probe-A",
            "lease_ttl_ms": 1200,
            "lease_version": 69,
            "leases": [
              {
                "acquired_at_ms": 180820720,
                "holder_app_id": "long-probe-A",
                "holder_role": "operator",
                "last_heartbeat_ms": 180820720,
                "lease_version": 69,
                "panel_open": true,
                "robot_name": "robot1",
                "session_id": "R1_RELEASE-T03-session-A",
                "task_active": true,
                "task_kind": "navigation",
                "teleop_active": true
              }
            ],
            "request_id": "R1_RELEASE-T03-A-acquire",
            "robot_name": "robot1",
            "session_id": "R1_RELEASE-T03-session-A"
          },
          "received_at": {
            "monotonic_s": 180820.72067,
            "wall_utc": "2026-08-26T11:06:52.214Z"
          }
        },
        "lease_holder": "A",
        "lease_state_after_acquire": [
          {
            "acquired_at_ms": 180820720,
            "holder_app_id": "long-probe-A",
            "holder_role": "operator",
            "last_heartbeat_ms": 180820720,
            "lease_version": 69,
            "panel_open": true,
            "robot_name": "robot1",
            "session_id": "R1_RELEASE-T03-session-A",
            "task_active": true,
            "task_kind": "navigation",
            "teleop_active": true
          }
        ]
      },
      "simulated_additional_distance_m": 0.001448,
      "started_at": {
        "monotonic_s": 180820.677334,
        "wall_utc": "2026-08-26T11:06:52.170Z"
      },
      "test_id": "R1_RELEASE",
      "trial_complete": true,
      "trial_id": "R1_RELEASE-T03",
      "trial_number": 3,
      "verdict": "MEASURED"
    },
    {
      "cancel_callback_latency_from_lease_state_observation_s": -0.000203,
      "cancel_callback_latency_from_revocation_initiation_s": 0.002362,
      "cancel_goal_ids": [
        "5da942ded452da9df102cf7a6145080a"
      ],
      "cancel_request_count": 1,
      "cancel_request_count_at_measurement_end": 1,
      "checkpoints": [
        {
          "active_goal_count": 0,
          "active_goal_ids": [],
          "goals": {
            "5da942ded452da9df102cf7a6145080a": {
              "cancel_request_count": 1,
              "feedback_count": 8,
              "goal_id": "5da942ded452da9df102cf7a6145080a",
              "last_feedback_navigation_s": 1.973976,
              "last_feedback_simulated_progress_m": 0.197398,
              "state": "CANCELED",
              "target_marker_x": 20.04,
              "terminal_at": {
                "monotonic_s": 180834.883193,
                "wall_utc": "2026-08-26T11:07:06.376Z"
              }
            }
          },
          "lease_state": {
            "event": "lease_released",
            "holder_app_id": "long-probe-A",
            "lease_ttl_ms": 1200,
            "lease_version": 86,
            "leases": [],
            "request_id": "R1_RELEASE-T04-release",
            "robot_name": "robot1",
            "session_id": "R1_RELEASE-T04-session-A"
          },
          "observed_at": {
            "monotonic_s": 180835.371208,
            "wall_utc": "2026-08-26T11:07:06.864Z"
          },
          "observed_offset_s": 0.50013,
          "scheduled_offset_s": 0.5
        },
        {
          "active_goal_count": 0,
          "active_goal_ids": [],
          "goals": {
            "5da942ded452da9df102cf7a6145080a": {
              "cancel_request_count": 1,
              "feedback_count": 8,
              "goal_id": "5da942ded452da9df102cf7a6145080a",
              "last_feedback_navigation_s": 1.973976,
              "last_feedback_simulated_progress_m": 0.197398,
              "state": "CANCELED",
              "target_marker_x": 20.04,
              "terminal_at": {
                "monotonic_s": 180834.883193,
                "wall_utc": "2026-08-26T11:07:06.376Z"
              }
            }
          },
          "lease_state": {
            "event": "lease_released",
            "holder_app_id": "long-probe-A",
            "lease_ttl_ms": 1200,
            "lease_version": 86,
            "leases": [],
            "request_id": "R1_RELEASE-T04-release",
            "robot_name": "robot1",
            "session_id": "R1_RELEASE-T04-session-A"
          },
          "observed_at": {
            "monotonic_s": 180835.871163,
            "wall_utc": "2026-08-26T11:07:07.364Z"
          },
          "observed_offset_s": 1.000085,
          "scheduled_offset_s": 1.0
        },
        {
          "active_goal_count": 0,
          "active_goal_ids": [],
          "goals": {
            "5da942ded452da9df102cf7a6145080a": {
              "cancel_request_count": 1,
              "feedback_count": 8,
              "goal_id": "5da942ded452da9df102cf7a6145080a",
              "last_feedback_navigation_s": 1.973976,
              "last_feedback_simulated_progress_m": 0.197398,
              "state": "CANCELED",
              "target_marker_x": 20.04,
              "terminal_at": {
                "monotonic_s": 180834.883193,
                "wall_utc": "2026-08-26T11:07:06.376Z"
              }
            }
          },
          "lease_state": {
            "event": "lease_released",
            "holder_app_id": "long-probe-A",
            "lease_ttl_ms": 1200,
            "lease_version": 86,
            "leases": [],
            "request_id": "R1_RELEASE-T04-release",
            "robot_name": "robot1",
            "session_id": "R1_RELEASE-T04-session-A"
          },
          "observed_at": {
            "monotonic_s": 180837.874033,
            "wall_utc": "2026-08-26T11:07:09.367Z"
          },
          "observed_offset_s": 3.002955,
          "scheduled_offset_s": 3.0
        },
        {
          "active_goal_count": 0,
          "active_goal_ids": [],
          "goals": {
            "5da942ded452da9df102cf7a6145080a": {
              "cancel_request_count": 1,
              "feedback_count": 8,
              "goal_id": "5da942ded452da9df102cf7a6145080a",
              "last_feedback_navigation_s": 1.973976,
              "last_feedback_simulated_progress_m": 0.197398,
              "state": "CANCELED",
              "target_marker_x": 20.04,
              "terminal_at": {
                "monotonic_s": 180834.883193,
                "wall_utc": "2026-08-26T11:07:06.376Z"
              }
            }
          },
          "lease_state": {
            "event": "lease_released",
            "holder_app_id": "long-probe-A",
            "lease_ttl_ms": 1200,
            "lease_version": 86,
            "leases": [],
            "request_id": "R1_RELEASE-T04-release",
            "robot_name": "robot1",
            "session_id": "R1_RELEASE-T04-session-A"
          },
          "observed_at": {
            "monotonic_s": 180839.871161,
            "wall_utc": "2026-08-26T11:07:11.364Z"
          },
          "observed_offset_s": 5.000083,
          "scheduled_offset_s": 5.0
        },
        {
          "active_goal_count": 0,
          "active_goal_ids": [],
          "goals": {
            "5da942ded452da9df102cf7a6145080a": {
              "cancel_request_count": 1,
              "feedback_count": 8,
              "goal_id": "5da942ded452da9df102cf7a6145080a",
              "last_feedback_navigation_s": 1.973976,
              "last_feedback_simulated_progress_m": 0.197398,
              "state": "CANCELED",
              "target_marker_x": 20.04,
              "terminal_at": {
                "monotonic_s": 180834.883193,
                "wall_utc": "2026-08-26T11:07:06.376Z"
              }
            }
          },
          "lease_state": {
            "event": "lease_released",
            "holder_app_id": "long-probe-A",
            "lease_ttl_ms": 1200,
            "lease_version": 86,
            "leases": [],
            "request_id": "R1_RELEASE-T04-release",
            "robot_name": "robot1",
            "session_id": "R1_RELEASE-T04-session-A"
          },
          "observed_at": {
            "monotonic_s": 180844.871157,
            "wall_utc": "2026-08-26T11:07:16.364Z"
          },
          "observed_offset_s": 10.000079,
          "scheduled_offset_s": 10.0
        }
      ],
      "cleanup": {
        "active_goal_ids_after_cleanup": [],
        "clean": true,
        "completed_at": {
          "monotonic_s": 180844.951798,
          "wall_utc": "2026-08-26T11:07:16.445Z"
        },
        "forced_goal_ids": [],
        "release_or_close_errors": [],
        "started_at": {
          "monotonic_s": 180844.871453,
          "wall_utc": "2026-08-26T11:07:16.365Z"
        },
        "terminal_wait_errors": []
      },
      "concurrency_events": [
        {
          "active_goal_count": 1,
          "active_goal_ids": [
            "5da942ded452da9df102cf7a6145080a"
          ],
          "at": {
            "monotonic_s": 180832.868393,
            "wall_utc": "2026-08-26T11:07:04.362Z"
          },
          "reason": "goal_accepted"
        },
        {
          "active_goal_count": 1,
          "active_goal_ids": [
            "5da942ded452da9df102cf7a6145080a"
          ],
          "at": {
            "monotonic_s": 180832.868614,
            "wall_utc": "2026-08-26T11:07:04.362Z"
          },
          "reason": "execute_started"
        },
        {
          "active_goal_count": 1,
          "active_goal_ids": [
            "5da942ded452da9df102cf7a6145080a"
          ],
          "at": {
            "monotonic_s": 180834.870902,
            "wall_utc": "2026-08-26T11:07:06.364Z"
          },
          "reason": "cancel_callback"
        },
        {
          "active_goal_count": 0,
          "active_goal_ids": [],
          "at": {
            "monotonic_s": 180834.883245,
            "wall_utc": "2026-08-26T11:07:06.376Z"
          },
          "reason": "goal_terminal"
        }
      ],
      "distance_model": "constant 0.1 m/s; not physical motion",
      "duration_basis": "revocation_to_terminal",
      "duration_is_right_censored_lower_bound": false,
      "evidence_fields": {
        "active_goal_count_at_observation_end": 0,
        "b_goal_id": null,
        "b_goal_status_at_observation_end": "NOT_APPLICABLE",
        "cancel_goal_ids": [
          "5da942ded452da9df102cf7a6145080a"
        ],
        "cancel_request_times": [
          {
            "monotonic_s": 180834.870875,
            "wall_utc": "2026-08-26T11:07:06.364Z"
          }
        ],
        "cleanup_clean": true,
        "expected": "A lease release is observed; measure whether the accepted goal is canceled or remains active",
        "feedback_count_at_observation_end": 8,
        "first_feedback_time": {
          "monotonic_s": 180832.868734,
          "wall_utc": "2026-08-26T11:07:04.362Z"
        },
        "goal_accepted_time": {
          "monotonic_s": 180832.868368,
          "wall_utc": "2026-08-26T11:07:04.362Z"
        },
        "goal_id": "5da942ded452da9df102cf7a6145080a",
        "goal_state_at_observation_end": "CANCELED",
        "goal_terminal_state": "CANCELED",
        "last_feedback_time_at_observation_end": {
          "monotonic_s": 180834.842827,
          "wall_utc": "2026-08-26T11:07:06.336Z"
        },
        "last_simulated_progress_m_at_observation_end": 0.197398,
        "lease_holder": "A",
        "max_simultaneous_active_goals": 1,
        "observed": "REVOCATION_CANCEL_IMMEDIATE",
        "post_revocation_duration_s": 0.012115,
        "revision": "eca75cbf559f09ff793d8993338b2f1ffed1adfd",
        "revocation_time": {
          "monotonic_s": 180834.871078,
          "wall_utc": "2026-08-26T11:07:06.364Z"
        },
        "simulated_additional_distance_m": 0.001212,
        "terminal_time": {
          "monotonic_s": 180834.883193,
          "wall_utc": "2026-08-26T11:07:06.376Z"
        },
        "test_id": "R1_RELEASE",
        "trial_id": "R1_RELEASE-T04",
        "verdict": "MEASURED"
      },
      "expected": "A lease release is observed; measure whether the accepted goal is canceled or remains active",
      "first_cancel_callback_at": {
        "monotonic_s": 180834.870875,
        "wall_utc": "2026-08-26T11:07:06.364Z"
      },
      "goal_records_at_measurement_end": {
        "5da942ded452da9df102cf7a6145080a": {
          "accepted_at": {
            "monotonic_s": 180832.868368,
            "wall_utc": "2026-08-26T11:07:04.362Z"
          },
          "active_duration_s": 2.014592,
          "cancel_callbacks": [
            {
              "callback_at": {
                "monotonic_s": 180834.870875,
                "wall_utc": "2026-08-26T11:07:06.364Z"
              },
              "cancel_goal_id": "5da942ded452da9df102cf7a6145080a"
            }
          ],
          "execute_started_at": {
            "monotonic_s": 180832.868601,
            "wall_utc": "2026-08-26T11:07:04.362Z"
          },
          "feedback_count": 8,
          "feedback_errors": [],
          "first_feedback_at": {
            "monotonic_s": 180832.868734,
            "wall_utc": "2026-08-26T11:07:04.362Z"
          },
          "goal_id": "5da942ded452da9df102cf7a6145080a",
          "last_feedback_at": {
            "monotonic_s": 180834.842827,
            "wall_utc": "2026-08-26T11:07:06.336Z"
          },
          "last_feedback_navigation_s": 1.973976,
          "last_feedback_simulated_progress_m": 0.197398,
          "simulated_distance_at_terminal_m": 0.201459,
          "state": "CANCELED",
          "state_history": [
            {
              "at": {
                "monotonic_s": 180832.868368,
                "wall_utc": "2026-08-26T11:07:04.362Z"
              },
              "state": "ACCEPTED"
            },
            {
              "at": {
                "monotonic_s": 180832.868601,
                "wall_utc": "2026-08-26T11:07:04.362Z"
              },
              "state": "EXECUTING"
            },
            {
              "at": {
                "monotonic_s": 180834.870875,
                "wall_utc": "2026-08-26T11:07:06.364Z"
              },
              "state": "CANCEL_REQUEST_ACCEPTED"
            },
            {
              "at": {
                "monotonic_s": 180834.883193,
                "wall_utc": "2026-08-26T11:07:06.376Z"
              },
              "reason": "action_server_observed_cancel_request",
              "state": "CANCELED"
            }
          ],
          "target_marker_x": 20.04,
          "terminal_at": {
            "monotonic_s": 180834.883193,
            "wall_utc": "2026-08-26T11:07:06.376Z"
          },
          "terminal_reason": "action_server_observed_cancel_request",
          "test_cleanup_requested_at": null
        }
      },
      "goal_records_final": {
        "5da942ded452da9df102cf7a6145080a": {
          "accepted_at": {
            "monotonic_s": 180832.868368,
            "wall_utc": "2026-08-26T11:07:04.362Z"
          },
          "active_duration_s": 2.014592,
          "cancel_callbacks": [
            {
              "callback_at": {
                "monotonic_s": 180834.870875,
                "wall_utc": "2026-08-26T11:07:06.364Z"
              },
              "cancel_goal_id": "5da942ded452da9df102cf7a6145080a"
            }
          ],
          "execute_started_at": {
            "monotonic_s": 180832.868601,
            "wall_utc": "2026-08-26T11:07:04.362Z"
          },
          "feedback_count": 8,
          "feedback_errors": [],
          "first_feedback_at": {
            "monotonic_s": 180832.868734,
            "wall_utc": "2026-08-26T11:07:04.362Z"
          },
          "goal_id": "5da942ded452da9df102cf7a6145080a",
          "last_feedback_at": {
            "monotonic_s": 180834.842827,
            "wall_utc": "2026-08-26T11:07:06.336Z"
          },
          "last_feedback_navigation_s": 1.973976,
          "last_feedback_simulated_progress_m": 0.197398,
          "simulated_distance_at_terminal_m": 0.201459,
          "state": "CANCELED",
          "state_history": [
            {
              "at": {
                "monotonic_s": 180832.868368,
                "wall_utc": "2026-08-26T11:07:04.362Z"
              },
              "state": "ACCEPTED"
            },
            {
              "at": {
                "monotonic_s": 180832.868601,
                "wall_utc": "2026-08-26T11:07:04.362Z"
              },
              "state": "EXECUTING"
            },
            {
              "at": {
                "monotonic_s": 180834.870875,
                "wall_utc": "2026-08-26T11:07:06.364Z"
              },
              "state": "CANCEL_REQUEST_ACCEPTED"
            },
            {
              "at": {
                "monotonic_s": 180834.883193,
                "wall_utc": "2026-08-26T11:07:06.376Z"
              },
              "reason": "action_server_observed_cancel_request",
              "state": "CANCELED"
            }
          ],
          "target_marker_x": 20.04,
          "terminal_at": {
            "monotonic_s": 180834.883193,
            "wall_utc": "2026-08-26T11:07:06.376Z"
          },
          "terminal_reason": "action_server_observed_cancel_request",
          "test_cleanup_requested_at": null
        }
      },
      "goal_state_at_observation_end": "CANCELED",
      "heartbeat_counts": {
        "A": 8,
        "B": 0
      },
      "lease_holder": "A",
      "lease_state_after_revocation": [],
      "max_simultaneous_active_goals": 1,
      "measurement_completed_at": {
        "monotonic_s": 180844.871443,
        "wall_utc": "2026-08-26T11:07:16.365Z"
      },
      "observed": "REVOCATION_CANCEL_IMMEDIATE",
      "outcome_class": "REVOCATION_CANCEL_IMMEDIATE",
      "path": [
        "HorusLink client",
        "horus_unity_bridge",
        "ROS goal/cancel topic",
        "horus_backend Nav2ActionAdapter",
        "dummy NavigateToPose action server"
      ],
      "post_revocation_active_duration_s": 0.012115,
      "revision": "eca75cbf559f09ff793d8993338b2f1ffed1adfd",
      "revocation_event": {
        "payload": {
          "event": "lease_released",
          "holder_app_id": "long-probe-A",
          "lease_ttl_ms": 1200,
          "lease_version": 86,
          "leases": [],
          "request_id": "R1_RELEASE-T04-release",
          "robot_name": "robot1",
          "session_id": "R1_RELEASE-T04-session-A"
        },
        "received_at": {
          "monotonic_s": 180834.871078,
          "wall_utc": "2026-08-26T11:07:06.364Z"
        }
      },
      "revocation_event_timestamp": {
        "monotonic_s": 180834.871078,
        "wall_utc": "2026-08-26T11:07:06.364Z"
      },
      "revocation_initiated_at": {
        "monotonic_s": 180834.868513,
        "wall_utc": "2026-08-26T11:07:06.362Z"
      },
      "runtime_label": "test-only-fix",
      "setup": {
        "catalog_event": {
          "payload": {
            "event": "snapshot",
            "lease_ttl_ms": 1200,
            "lease_version": 77,
            "leases": [],
            "session_id": "horus-long-action-probe"
          },
          "received_at": {
            "monotonic_s": 180832.816882,
            "wall_utc": "2026-08-26T11:07:04.310Z"
          }
        },
        "fresh_trial_state_verified": true,
        "goal_accepted_at": {
          "monotonic_s": 180832.868368,
          "wall_utc": "2026-08-26T11:07:04.362Z"
        },
        "goal_id": "5da942ded452da9df102cf7a6145080a",
        "goal_marker_x": 20.04,
        "goal_publish_sent_at": {
          "monotonic_s": 180832.866884,
          "wall_utc": "2026-08-26T11:07:04.360Z"
        },
        "lease_acquire_event": {
          "payload": {
            "event": "lease_granted",
            "holder_app_id": "long-probe-A",
            "lease_ttl_ms": 1200,
            "lease_version": 78,
            "leases": [
              {
                "acquired_at_ms": 180832859,
                "holder_app_id": "long-probe-A",
                "holder_role": "operator",
                "last_heartbeat_ms": 180832859,
                "lease_version": 78,
                "panel_open": true,
                "robot_name": "robot1",
                "session_id": "R1_RELEASE-T04-session-A",
                "task_active": true,
                "task_kind": "navigation",
                "teleop_active": true
              }
            ],
            "request_id": "R1_RELEASE-T04-A-acquire",
            "robot_name": "robot1",
            "session_id": "R1_RELEASE-T04-session-A"
          },
          "received_at": {
            "monotonic_s": 180832.862407,
            "wall_utc": "2026-08-26T11:07:04.356Z"
          }
        },
        "lease_holder": "A",
        "lease_state_after_acquire": [
          {
            "acquired_at_ms": 180832859,
            "holder_app_id": "long-probe-A",
            "holder_role": "operator",
            "last_heartbeat_ms": 180832859,
            "lease_version": 78,
            "panel_open": true,
            "robot_name": "robot1",
            "session_id": "R1_RELEASE-T04-session-A",
            "task_active": true,
            "task_kind": "navigation",
            "teleop_active": true
          }
        ]
      },
      "simulated_additional_distance_m": 0.001212,
      "started_at": {
        "monotonic_s": 180832.813435,
        "wall_utc": "2026-08-26T11:07:04.307Z"
      },
      "test_id": "R1_RELEASE",
      "trial_complete": true,
      "trial_id": "R1_RELEASE-T04",
      "trial_number": 4,
      "verdict": "MEASURED"
    },
    {
      "cancel_callback_latency_from_lease_state_observation_s": 0.000667,
      "cancel_callback_latency_from_revocation_initiation_s": 0.00188,
      "cancel_goal_ids": [
        "bfc1fdaf3b76b6852bd0f60d65038a30"
      ],
      "cancel_request_count": 1,
      "cancel_request_count_at_measurement_end": 1,
      "checkpoints": [
        {
          "active_goal_count": 0,
          "active_goal_ids": [],
          "goals": {
            "bfc1fdaf3b76b6852bd0f60d65038a30": {
              "cancel_request_count": 1,
              "feedback_count": 8,
              "goal_id": "bfc1fdaf3b76b6852bd0f60d65038a30",
              "last_feedback_navigation_s": 1.978019,
              "last_feedback_simulated_progress_m": 0.197802,
              "state": "CANCELED",
              "target_marker_x": 20.05,
              "terminal_at": {
                "monotonic_s": 180847.027013,
                "wall_utc": "2026-08-26T11:07:18.520Z"
              }
            }
          },
          "lease_state": {
            "event": "lease_released",
            "holder_app_id": "long-probe-A",
            "lease_ttl_ms": 1200,
            "lease_version": 95,
            "leases": [],
            "request_id": "R1_RELEASE-T05-release",
            "robot_name": "robot1",
            "session_id": "R1_RELEASE-T05-session-A"
          },
          "observed_at": {
            "monotonic_s": 180847.506702,
            "wall_utc": "2026-08-26T11:07:19.000Z"
          },
          "observed_offset_s": 0.50008,
          "scheduled_offset_s": 0.5
        },
        {
          "active_goal_count": 0,
          "active_goal_ids": [],
          "goals": {
            "bfc1fdaf3b76b6852bd0f60d65038a30": {
              "cancel_request_count": 1,
              "feedback_count": 8,
              "goal_id": "bfc1fdaf3b76b6852bd0f60d65038a30",
              "last_feedback_navigation_s": 1.978019,
              "last_feedback_simulated_progress_m": 0.197802,
              "state": "CANCELED",
              "target_marker_x": 20.05,
              "terminal_at": {
                "monotonic_s": 180847.027013,
                "wall_utc": "2026-08-26T11:07:18.520Z"
              }
            }
          },
          "lease_state": {
            "event": "lease_released",
            "holder_app_id": "long-probe-A",
            "lease_ttl_ms": 1200,
            "lease_version": 95,
            "leases": [],
            "request_id": "R1_RELEASE-T05-release",
            "robot_name": "robot1",
            "session_id": "R1_RELEASE-T05-session-A"
          },
          "observed_at": {
            "monotonic_s": 180848.006699,
            "wall_utc": "2026-08-26T11:07:19.500Z"
          },
          "observed_offset_s": 1.000077,
          "scheduled_offset_s": 1.0
        },
        {
          "active_goal_count": 0,
          "active_goal_ids": [],
          "goals": {
            "bfc1fdaf3b76b6852bd0f60d65038a30": {
              "cancel_request_count": 1,
              "feedback_count": 8,
              "goal_id": "bfc1fdaf3b76b6852bd0f60d65038a30",
              "last_feedback_navigation_s": 1.978019,
              "last_feedback_simulated_progress_m": 0.197802,
              "state": "CANCELED",
              "target_marker_x": 20.05,
              "terminal_at": {
                "monotonic_s": 180847.027013,
                "wall_utc": "2026-08-26T11:07:18.520Z"
              }
            }
          },
          "lease_state": {
            "event": "lease_released",
            "holder_app_id": "long-probe-A",
            "lease_ttl_ms": 1200,
            "lease_version": 95,
            "leases": [],
            "request_id": "R1_RELEASE-T05-release",
            "robot_name": "robot1",
            "session_id": "R1_RELEASE-T05-session-A"
          },
          "observed_at": {
            "monotonic_s": 180850.007626,
            "wall_utc": "2026-08-26T11:07:21.501Z"
          },
          "observed_offset_s": 3.001004,
          "scheduled_offset_s": 3.0
        },
        {
          "active_goal_count": 0,
          "active_goal_ids": [],
          "goals": {
            "bfc1fdaf3b76b6852bd0f60d65038a30": {
              "cancel_request_count": 1,
              "feedback_count": 8,
              "goal_id": "bfc1fdaf3b76b6852bd0f60d65038a30",
              "last_feedback_navigation_s": 1.978019,
              "last_feedback_simulated_progress_m": 0.197802,
              "state": "CANCELED",
              "target_marker_x": 20.05,
              "terminal_at": {
                "monotonic_s": 180847.027013,
                "wall_utc": "2026-08-26T11:07:18.520Z"
              }
            }
          },
          "lease_state": {
            "event": "lease_released",
            "holder_app_id": "long-probe-A",
            "lease_ttl_ms": 1200,
            "lease_version": 95,
            "leases": [],
            "request_id": "R1_RELEASE-T05-release",
            "robot_name": "robot1",
            "session_id": "R1_RELEASE-T05-session-A"
          },
          "observed_at": {
            "monotonic_s": 180852.006697,
            "wall_utc": "2026-08-26T11:07:23.500Z"
          },
          "observed_offset_s": 5.000075,
          "scheduled_offset_s": 5.0
        },
        {
          "active_goal_count": 0,
          "active_goal_ids": [],
          "goals": {
            "bfc1fdaf3b76b6852bd0f60d65038a30": {
              "cancel_request_count": 1,
              "feedback_count": 8,
              "goal_id": "bfc1fdaf3b76b6852bd0f60d65038a30",
              "last_feedback_navigation_s": 1.978019,
              "last_feedback_simulated_progress_m": 0.197802,
              "state": "CANCELED",
              "target_marker_x": 20.05,
              "terminal_at": {
                "monotonic_s": 180847.027013,
                "wall_utc": "2026-08-26T11:07:18.520Z"
              }
            }
          },
          "lease_state": {
            "event": "lease_released",
            "holder_app_id": "long-probe-A",
            "lease_ttl_ms": 1200,
            "lease_version": 95,
            "leases": [],
            "request_id": "R1_RELEASE-T05-release",
            "robot_name": "robot1",
            "session_id": "R1_RELEASE-T05-session-A"
          },
          "observed_at": {
            "monotonic_s": 180857.006696,
            "wall_utc": "2026-08-26T11:07:28.500Z"
          },
          "observed_offset_s": 10.000074,
          "scheduled_offset_s": 10.0
        }
      ],
      "cleanup": {
        "active_goal_ids_after_cleanup": [],
        "clean": true,
        "completed_at": {
          "monotonic_s": 180857.088805,
          "wall_utc": "2026-08-26T11:07:28.582Z"
        },
        "forced_goal_ids": [],
        "release_or_close_errors": [],
        "started_at": {
          "monotonic_s": 180857.006904,
          "wall_utc": "2026-08-26T11:07:28.500Z"
        },
        "terminal_wait_errors": []
      },
      "concurrency_events": [
        {
          "active_goal_count": 1,
          "active_goal_ids": [
            "bfc1fdaf3b76b6852bd0f60d65038a30"
          ],
          "at": {
            "monotonic_s": 180845.005306,
            "wall_utc": "2026-08-26T11:07:16.498Z"
          },
          "reason": "goal_accepted"
        },
        {
          "active_goal_count": 1,
          "active_goal_ids": [
            "bfc1fdaf3b76b6852bd0f60d65038a30"
          ],
          "at": {
            "monotonic_s": 180845.008525,
            "wall_utc": "2026-08-26T11:07:16.502Z"
          },
          "reason": "execute_started"
        },
        {
          "active_goal_count": 1,
          "active_goal_ids": [
            "bfc1fdaf3b76b6852bd0f60d65038a30"
          ],
          "at": {
            "monotonic_s": 180847.007318,
            "wall_utc": "2026-08-26T11:07:18.500Z"
          },
          "reason": "cancel_callback"
        },
        {
          "active_goal_count": 0,
          "active_goal_ids": [],
          "at": {
            "monotonic_s": 180847.027076,
            "wall_utc": "2026-08-26T11:07:18.520Z"
          },
          "reason": "goal_terminal"
        }
      ],
      "distance_model": "constant 0.1 m/s; not physical motion",
      "duration_basis": "revocation_to_terminal",
      "duration_is_right_censored_lower_bound": false,
      "evidence_fields": {
        "active_goal_count_at_observation_end": 0,
        "b_goal_id": null,
        "b_goal_status_at_observation_end": "NOT_APPLICABLE",
        "cancel_goal_ids": [
          "bfc1fdaf3b76b6852bd0f60d65038a30"
        ],
        "cancel_request_times": [
          {
            "monotonic_s": 180847.007289,
            "wall_utc": "2026-08-26T11:07:18.500Z"
          }
        ],
        "cleanup_clean": true,
        "expected": "A lease release is observed; measure whether the accepted goal is canceled or remains active",
        "feedback_count_at_observation_end": 8,
        "first_feedback_time": {
          "monotonic_s": 180845.008712,
          "wall_utc": "2026-08-26T11:07:16.502Z"
        },
        "goal_accepted_time": {
          "monotonic_s": 180845.005275,
          "wall_utc": "2026-08-26T11:07:16.498Z"
        },
        "goal_id": "bfc1fdaf3b76b6852bd0f60d65038a30",
        "goal_state_at_observation_end": "CANCELED",
        "goal_terminal_state": "CANCELED",
        "last_feedback_time_at_observation_end": {
          "monotonic_s": 180846.986797,
          "wall_utc": "2026-08-26T11:07:18.480Z"
        },
        "last_simulated_progress_m_at_observation_end": 0.197802,
        "lease_holder": "A",
        "max_simultaneous_active_goals": 1,
        "observed": "REVOCATION_CANCEL_IMMEDIATE",
        "post_revocation_duration_s": 0.020391,
        "revision": "eca75cbf559f09ff793d8993338b2f1ffed1adfd",
        "revocation_time": {
          "monotonic_s": 180847.006622,
          "wall_utc": "2026-08-26T11:07:18.500Z"
        },
        "simulated_additional_distance_m": 0.002039,
        "terminal_time": {
          "monotonic_s": 180847.027013,
          "wall_utc": "2026-08-26T11:07:18.520Z"
        },
        "test_id": "R1_RELEASE",
        "trial_id": "R1_RELEASE-T05",
        "verdict": "MEASURED"
      },
      "expected": "A lease release is observed; measure whether the accepted goal is canceled or remains active",
      "first_cancel_callback_at": {
        "monotonic_s": 180847.007289,
        "wall_utc": "2026-08-26T11:07:18.500Z"
      },
      "goal_records_at_measurement_end": {
        "bfc1fdaf3b76b6852bd0f60d65038a30": {
          "accepted_at": {
            "monotonic_s": 180845.005275,
            "wall_utc": "2026-08-26T11:07:16.498Z"
          },
          "active_duration_s": 2.018516,
          "cancel_callbacks": [
            {
              "callback_at": {
                "monotonic_s": 180847.007289,
                "wall_utc": "2026-08-26T11:07:18.500Z"
              },
              "cancel_goal_id": "bfc1fdaf3b76b6852bd0f60d65038a30"
            }
          ],
          "execute_started_at": {
            "monotonic_s": 180845.008497,
            "wall_utc": "2026-08-26T11:07:16.502Z"
          },
          "feedback_count": 8,
          "feedback_errors": [],
          "first_feedback_at": {
            "monotonic_s": 180845.008712,
            "wall_utc": "2026-08-26T11:07:16.502Z"
          },
          "goal_id": "bfc1fdaf3b76b6852bd0f60d65038a30",
          "last_feedback_at": {
            "monotonic_s": 180846.986797,
            "wall_utc": "2026-08-26T11:07:18.480Z"
          },
          "last_feedback_navigation_s": 1.978019,
          "last_feedback_simulated_progress_m": 0.197802,
          "simulated_distance_at_terminal_m": 0.201852,
          "state": "CANCELED",
          "state_history": [
            {
              "at": {
                "monotonic_s": 180845.005275,
                "wall_utc": "2026-08-26T11:07:16.498Z"
              },
              "state": "ACCEPTED"
            },
            {
              "at": {
                "monotonic_s": 180845.008497,
                "wall_utc": "2026-08-26T11:07:16.502Z"
              },
              "state": "EXECUTING"
            },
            {
              "at": {
                "monotonic_s": 180847.007289,
                "wall_utc": "2026-08-26T11:07:18.500Z"
              },
              "state": "CANCEL_REQUEST_ACCEPTED"
            },
            {
              "at": {
                "monotonic_s": 180847.027013,
                "wall_utc": "2026-08-26T11:07:18.520Z"
              },
              "reason": "action_server_observed_cancel_request",
              "state": "CANCELED"
            }
          ],
          "target_marker_x": 20.05,
          "terminal_at": {
            "monotonic_s": 180847.027013,
            "wall_utc": "2026-08-26T11:07:18.520Z"
          },
          "terminal_reason": "action_server_observed_cancel_request",
          "test_cleanup_requested_at": null
        }
      },
      "goal_records_final": {
        "bfc1fdaf3b76b6852bd0f60d65038a30": {
          "accepted_at": {
            "monotonic_s": 180845.005275,
            "wall_utc": "2026-08-26T11:07:16.498Z"
          },
          "active_duration_s": 2.018516,
          "cancel_callbacks": [
            {
              "callback_at": {
                "monotonic_s": 180847.007289,
                "wall_utc": "2026-08-26T11:07:18.500Z"
              },
              "cancel_goal_id": "bfc1fdaf3b76b6852bd0f60d65038a30"
            }
          ],
          "execute_started_at": {
            "monotonic_s": 180845.008497,
            "wall_utc": "2026-08-26T11:07:16.502Z"
          },
          "feedback_count": 8,
          "feedback_errors": [],
          "first_feedback_at": {
            "monotonic_s": 180845.008712,
            "wall_utc": "2026-08-26T11:07:16.502Z"
          },
          "goal_id": "bfc1fdaf3b76b6852bd0f60d65038a30",
          "last_feedback_at": {
            "monotonic_s": 180846.986797,
            "wall_utc": "2026-08-26T11:07:18.480Z"
          },
          "last_feedback_navigation_s": 1.978019,
          "last_feedback_simulated_progress_m": 0.197802,
          "simulated_distance_at_terminal_m": 0.201852,
          "state": "CANCELED",
          "state_history": [
            {
              "at": {
                "monotonic_s": 180845.005275,
                "wall_utc": "2026-08-26T11:07:16.498Z"
              },
              "state": "ACCEPTED"
            },
            {
              "at": {
                "monotonic_s": 180845.008497,
                "wall_utc": "2026-08-26T11:07:16.502Z"
              },
              "state": "EXECUTING"
            },
            {
              "at": {
                "monotonic_s": 180847.007289,
                "wall_utc": "2026-08-26T11:07:18.500Z"
              },
              "state": "CANCEL_REQUEST_ACCEPTED"
            },
            {
              "at": {
                "monotonic_s": 180847.027013,
                "wall_utc": "2026-08-26T11:07:18.520Z"
              },
              "reason": "action_server_observed_cancel_request",
              "state": "CANCELED"
            }
          ],
          "target_marker_x": 20.05,
          "terminal_at": {
            "monotonic_s": 180847.027013,
            "wall_utc": "2026-08-26T11:07:18.520Z"
          },
          "terminal_reason": "action_server_observed_cancel_request",
          "test_cleanup_requested_at": null
        }
      },
      "goal_state_at_observation_end": "CANCELED",
      "heartbeat_counts": {
        "A": 8,
        "B": 0
      },
      "lease_holder": "A",
      "lease_state_after_revocation": [],
      "max_simultaneous_active_goals": 1,
      "measurement_completed_at": {
        "monotonic_s": 180857.006898,
        "wall_utc": "2026-08-26T11:07:28.500Z"
      },
      "observed": "REVOCATION_CANCEL_IMMEDIATE",
      "outcome_class": "REVOCATION_CANCEL_IMMEDIATE",
      "path": [
        "HorusLink client",
        "horus_unity_bridge",
        "ROS goal/cancel topic",
        "horus_backend Nav2ActionAdapter",
        "dummy NavigateToPose action server"
      ],
      "post_revocation_active_duration_s": 0.020391,
      "revision": "eca75cbf559f09ff793d8993338b2f1ffed1adfd",
      "revocation_event": {
        "payload": {
          "event": "lease_released",
          "holder_app_id": "long-probe-A",
          "lease_ttl_ms": 1200,
          "lease_version": 95,
          "leases": [],
          "request_id": "R1_RELEASE-T05-release",
          "robot_name": "robot1",
          "session_id": "R1_RELEASE-T05-session-A"
        },
        "received_at": {
          "monotonic_s": 180847.006622,
          "wall_utc": "2026-08-26T11:07:18.500Z"
        }
      },
      "revocation_event_timestamp": {
        "monotonic_s": 180847.006622,
        "wall_utc": "2026-08-26T11:07:18.500Z"
      },
      "revocation_initiated_at": {
        "monotonic_s": 180847.005409,
        "wall_utc": "2026-08-26T11:07:18.499Z"
      },
      "runtime_label": "test-only-fix",
      "setup": {
        "catalog_event": {
          "payload": {
            "event": "snapshot",
            "lease_ttl_ms": 1200,
            "lease_version": 86,
            "leases": [],
            "session_id": "horus-long-action-probe"
          },
          "received_at": {
            "monotonic_s": 180844.954007,
            "wall_utc": "2026-08-26T11:07:16.447Z"
          }
        },
        "fresh_trial_state_verified": true,
        "goal_accepted_at": {
          "monotonic_s": 180845.005275,
          "wall_utc": "2026-08-26T11:07:16.498Z"
        },
        "goal_id": "bfc1fdaf3b76b6852bd0f60d65038a30",
        "goal_marker_x": 20.05,
        "goal_publish_sent_at": {
          "monotonic_s": 180845.004027,
          "wall_utc": "2026-08-26T11:07:16.497Z"
        },
        "lease_acquire_event": {
          "payload": {
            "event": "lease_granted",
            "holder_app_id": "long-probe-A",
            "lease_ttl_ms": 1200,
            "lease_version": 87,
            "leases": [
              {
                "acquired_at_ms": 180844994,
                "holder_app_id": "long-probe-A",
                "holder_role": "operator",
                "last_heartbeat_ms": 180844994,
                "lease_version": 87,
                "panel_open": true,
                "robot_name": "robot1",
                "session_id": "R1_RELEASE-T05-session-A",
                "task_active": true,
                "task_kind": "navigation",
                "teleop_active": true
              }
            ],
            "request_id": "R1_RELEASE-T05-A-acquire",
            "robot_name": "robot1",
            "session_id": "R1_RELEASE-T05-session-A"
          },
          "received_at": {
            "monotonic_s": 180844.994516,
            "wall_utc": "2026-08-26T11:07:16.488Z"
          }
        },
        "lease_holder": "A",
        "lease_state_after_acquire": [
          {
            "acquired_at_ms": 180844994,
            "holder_app_id": "long-probe-A",
            "holder_role": "operator",
            "last_heartbeat_ms": 180844994,
            "lease_version": 87,
            "panel_open": true,
            "robot_name": "robot1",
            "session_id": "R1_RELEASE-T05-session-A",
            "task_active": true,
            "task_kind": "navigation",
            "teleop_active": true
          }
        ]
      },
      "simulated_additional_distance_m": 0.002039,
      "started_at": {
        "monotonic_s": 180844.951918,
        "wall_utc": "2026-08-26T11:07:16.445Z"
      },
      "test_id": "R1_RELEASE",
      "trial_complete": true,
      "trial_id": "R1_RELEASE-T05",
      "trial_number": 5,
      "verdict": "MEASURED"
    },
    {
      "cancel_callback_latency_from_lease_state_observation_s": 0.000652,
      "cancel_callback_latency_from_revocation_initiation_s": 1.504054,
      "cancel_goal_ids": [
        "ddabf30eb802d3c5889d15265096d3b2"
      ],
      "cancel_request_count": 1,
      "cancel_request_count_at_measurement_end": 1,
      "checkpoints": [
        {
          "active_goal_count": 0,
          "active_goal_ids": [],
          "goals": {
            "ddabf30eb802d3c5889d15265096d3b2": {
              "cancel_request_count": 1,
              "feedback_count": 13,
              "goal_id": "ddabf30eb802d3c5889d15265096d3b2",
              "last_feedback_navigation_s": 3.394872,
              "last_feedback_simulated_progress_m": 0.339487,
              "state": "CANCELED",
              "target_marker_x": 30.01,
              "terminal_at": {
                "monotonic_s": 180860.686918,
                "wall_utc": "2026-08-26T11:07:32.180Z"
              }
            }
          },
          "lease_state": {
            "event": "lease_expired",
            "lease_ttl_ms": 1200,
            "lease_version": 104,
            "leases": [],
            "session_id": "R2_TTL_EXPIRY-T01-session-A"
          },
          "observed_at": {
            "monotonic_s": 180861.174283,
            "wall_utc": "2026-08-26T11:07:32.667Z"
          },
          "observed_offset_s": 0.500077,
          "scheduled_offset_s": 0.5
        },
        {
          "active_goal_count": 0,
          "active_goal_ids": [],
          "goals": {
            "ddabf30eb802d3c5889d15265096d3b2": {
              "cancel_request_count": 1,
              "feedback_count": 13,
              "goal_id": "ddabf30eb802d3c5889d15265096d3b2",
              "last_feedback_navigation_s": 3.394872,
              "last_feedback_simulated_progress_m": 0.339487,
              "state": "CANCELED",
              "target_marker_x": 30.01,
              "terminal_at": {
                "monotonic_s": 180860.686918,
                "wall_utc": "2026-08-26T11:07:32.180Z"
              }
            }
          },
          "lease_state": {
            "event": "lease_expired",
            "lease_ttl_ms": 1200,
            "lease_version": 104,
            "leases": [],
            "session_id": "R2_TTL_EXPIRY-T01-session-A"
          },
          "observed_at": {
            "monotonic_s": 180861.677041,
            "wall_utc": "2026-08-26T11:07:33.170Z"
          },
          "observed_offset_s": 1.002835,
          "scheduled_offset_s": 1.0
        },
        {
          "active_goal_count": 0,
          "active_goal_ids": [],
          "goals": {
            "ddabf30eb802d3c5889d15265096d3b2": {
              "cancel_request_count": 1,
              "feedback_count": 13,
              "goal_id": "ddabf30eb802d3c5889d15265096d3b2",
              "last_feedback_navigation_s": 3.394872,
              "last_feedback_simulated_progress_m": 0.339487,
              "state": "CANCELED",
              "target_marker_x": 30.01,
              "terminal_at": {
                "monotonic_s": 180860.686918,
                "wall_utc": "2026-08-26T11:07:32.180Z"
              }
            }
          },
          "lease_state": {
            "event": "lease_expired",
            "lease_ttl_ms": 1200,
            "lease_version": 104,
            "leases": [],
            "session_id": "R2_TTL_EXPIRY-T01-session-A"
          },
          "observed_at": {
            "monotonic_s": 180863.674294,
            "wall_utc": "2026-08-26T11:07:35.167Z"
          },
          "observed_offset_s": 3.000088,
          "scheduled_offset_s": 3.0
        },
        {
          "active_goal_count": 0,
          "active_goal_ids": [],
          "goals": {
            "ddabf30eb802d3c5889d15265096d3b2": {
              "cancel_request_count": 1,
              "feedback_count": 13,
              "goal_id": "ddabf30eb802d3c5889d15265096d3b2",
              "last_feedback_navigation_s": 3.394872,
              "last_feedback_simulated_progress_m": 0.339487,
              "state": "CANCELED",
              "target_marker_x": 30.01,
              "terminal_at": {
                "monotonic_s": 180860.686918,
                "wall_utc": "2026-08-26T11:07:32.180Z"
              }
            }
          },
          "lease_state": {
            "event": "lease_expired",
            "lease_ttl_ms": 1200,
            "lease_version": 104,
            "leases": [],
            "session_id": "R2_TTL_EXPIRY-T01-session-A"
          },
          "observed_at": {
            "monotonic_s": 180865.674296,
            "wall_utc": "2026-08-26T11:07:37.167Z"
          },
          "observed_offset_s": 5.00009,
          "scheduled_offset_s": 5.0
        },
        {
          "active_goal_count": 0,
          "active_goal_ids": [],
          "goals": {
            "ddabf30eb802d3c5889d15265096d3b2": {
              "cancel_request_count": 1,
              "feedback_count": 13,
              "goal_id": "ddabf30eb802d3c5889d15265096d3b2",
              "last_feedback_navigation_s": 3.394872,
              "last_feedback_simulated_progress_m": 0.339487,
              "state": "CANCELED",
              "target_marker_x": 30.01,
              "terminal_at": {
                "monotonic_s": 180860.686918,
                "wall_utc": "2026-08-26T11:07:32.180Z"
              }
            }
          },
          "lease_state": {
            "event": "lease_expired",
            "lease_ttl_ms": 1200,
            "lease_version": 104,
            "leases": [],
            "session_id": "R2_TTL_EXPIRY-T01-session-A"
          },
          "observed_at": {
            "monotonic_s": 180870.674265,
            "wall_utc": "2026-08-26T11:07:42.167Z"
          },
          "observed_offset_s": 10.000059,
          "scheduled_offset_s": 10.0
        }
      ],
      "cleanup": {
        "active_goal_ids_after_cleanup": [],
        "clean": true,
        "completed_at": {
          "monotonic_s": 180870.754814,
          "wall_utc": "2026-08-26T11:07:42.248Z"
        },
        "forced_goal_ids": [],
        "release_or_close_errors": [],
        "started_at": {
          "monotonic_s": 180870.674446,
          "wall_utc": "2026-08-26T11:07:42.168Z"
        },
        "terminal_wait_errors": []
      },
      "concurrency_events": [
        {
          "active_goal_count": 1,
          "active_goal_ids": [
            "ddabf30eb802d3c5889d15265096d3b2"
          ],
          "at": {
            "monotonic_s": 180857.170772,
            "wall_utc": "2026-08-26T11:07:28.664Z"
          },
          "reason": "goal_accepted"
        },
        {
          "active_goal_count": 1,
          "active_goal_ids": [
            "ddabf30eb802d3c5889d15265096d3b2"
          ],
          "at": {
            "monotonic_s": 180857.171543,
            "wall_utc": "2026-08-26T11:07:28.665Z"
          },
          "reason": "execute_started"
        },
        {
          "active_goal_count": 1,
          "active_goal_ids": [
            "ddabf30eb802d3c5889d15265096d3b2"
          ],
          "at": {
            "monotonic_s": 180860.674889,
            "wall_utc": "2026-08-26T11:07:32.168Z"
          },
          "reason": "cancel_callback"
        },
        {
          "active_goal_count": 0,
          "active_goal_ids": [],
          "at": {
            "monotonic_s": 180860.686942,
            "wall_utc": "2026-08-26T11:07:32.180Z"
          },
          "reason": "goal_terminal"
        }
      ],
      "distance_model": "constant 0.1 m/s; not physical motion",
      "duration_basis": "revocation_to_terminal",
      "duration_is_right_censored_lower_bound": false,
      "evidence_fields": {
        "active_goal_count_at_observation_end": 0,
        "b_goal_id": null,
        "b_goal_status_at_observation_end": "NOT_APPLICABLE",
        "cancel_goal_ids": [
          "ddabf30eb802d3c5889d15265096d3b2"
        ],
        "cancel_request_times": [
          {
            "monotonic_s": 180860.674858,
            "wall_utc": "2026-08-26T11:07:32.168Z"
          }
        ],
        "cleanup_clean": true,
        "expected": "A heartbeat stops and lease expiry is observed; measure accepted-goal lifecycle",
        "feedback_count_at_observation_end": 13,
        "first_feedback_time": {
          "monotonic_s": 180857.171687,
          "wall_utc": "2026-08-26T11:07:28.665Z"
        },
        "goal_accepted_time": {
          "monotonic_s": 180857.17071,
          "wall_utc": "2026-08-26T11:07:28.664Z"
        },
        "goal_id": "ddabf30eb802d3c5889d15265096d3b2",
        "goal_state_at_observation_end": "CANCELED",
        "goal_terminal_state": "CANCELED",
        "last_feedback_time_at_observation_end": {
          "monotonic_s": 180860.566587,
          "wall_utc": "2026-08-26T11:07:32.060Z"
        },
        "last_simulated_progress_m_at_observation_end": 0.339487,
        "lease_holder": "A",
        "max_simultaneous_active_goals": 1,
        "observed": "REVOCATION_CANCEL_IMMEDIATE",
        "post_revocation_duration_s": 0.012712,
        "revision": "eca75cbf559f09ff793d8993338b2f1ffed1adfd",
        "revocation_time": {
          "monotonic_s": 180860.674206,
          "wall_utc": "2026-08-26T11:07:32.167Z"
        },
        "simulated_additional_distance_m": 0.001271,
        "terminal_time": {
          "monotonic_s": 180860.686918,
          "wall_utc": "2026-08-26T11:07:32.180Z"
        },
        "test_id": "R2_TTL_EXPIRY",
        "trial_id": "R2_TTL_EXPIRY-T01",
        "verdict": "MEASURED"
      },
      "expected": "A heartbeat stops and lease expiry is observed; measure accepted-goal lifecycle",
      "first_cancel_callback_at": {
        "monotonic_s": 180860.674858,
        "wall_utc": "2026-08-26T11:07:32.168Z"
      },
      "goal_records_at_measurement_end": {
        "ddabf30eb802d3c5889d15265096d3b2": {
          "accepted_at": {
            "monotonic_s": 180857.17071,
            "wall_utc": "2026-08-26T11:07:28.664Z"
          },
          "active_duration_s": 3.515395,
          "cancel_callbacks": [
            {
              "callback_at": {
                "monotonic_s": 180860.674858,
                "wall_utc": "2026-08-26T11:07:32.168Z"
              },
              "cancel_goal_id": "ddabf30eb802d3c5889d15265096d3b2"
            }
          ],
          "execute_started_at": {
            "monotonic_s": 180857.171523,
            "wall_utc": "2026-08-26T11:07:28.665Z"
          },
          "feedback_count": 13,
          "feedback_errors": [],
          "first_feedback_at": {
            "monotonic_s": 180857.171687,
            "wall_utc": "2026-08-26T11:07:28.665Z"
          },
          "goal_id": "ddabf30eb802d3c5889d15265096d3b2",
          "last_feedback_at": {
            "monotonic_s": 180860.566587,
            "wall_utc": "2026-08-26T11:07:32.060Z"
          },
          "last_feedback_navigation_s": 3.394872,
          "last_feedback_simulated_progress_m": 0.339487,
          "simulated_distance_at_terminal_m": 0.35154,
          "state": "CANCELED",
          "state_history": [
            {
              "at": {
                "monotonic_s": 180857.17071,
                "wall_utc": "2026-08-26T11:07:28.664Z"
              },
              "state": "ACCEPTED"
            },
            {
              "at": {
                "monotonic_s": 180857.171523,
                "wall_utc": "2026-08-26T11:07:28.665Z"
              },
              "state": "EXECUTING"
            },
            {
              "at": {
                "monotonic_s": 180860.674858,
                "wall_utc": "2026-08-26T11:07:32.168Z"
              },
              "state": "CANCEL_REQUEST_ACCEPTED"
            },
            {
              "at": {
                "monotonic_s": 180860.686918,
                "wall_utc": "2026-08-26T11:07:32.180Z"
              },
              "reason": "action_server_observed_cancel_request",
              "state": "CANCELED"
            }
          ],
          "target_marker_x": 30.01,
          "terminal_at": {
            "monotonic_s": 180860.686918,
            "wall_utc": "2026-08-26T11:07:32.180Z"
          },
          "terminal_reason": "action_server_observed_cancel_request",
          "test_cleanup_requested_at": null
        }
      },
      "goal_records_final": {
        "ddabf30eb802d3c5889d15265096d3b2": {
          "accepted_at": {
            "monotonic_s": 180857.17071,
            "wall_utc": "2026-08-26T11:07:28.664Z"
          },
          "active_duration_s": 3.515395,
          "cancel_callbacks": [
            {
              "callback_at": {
                "monotonic_s": 180860.674858,
                "wall_utc": "2026-08-26T11:07:32.168Z"
              },
              "cancel_goal_id": "ddabf30eb802d3c5889d15265096d3b2"
            }
          ],
          "execute_started_at": {
            "monotonic_s": 180857.171523,
            "wall_utc": "2026-08-26T11:07:28.665Z"
          },
          "feedback_count": 13,
          "feedback_errors": [],
          "first_feedback_at": {
            "monotonic_s": 180857.171687,
            "wall_utc": "2026-08-26T11:07:28.665Z"
          },
          "goal_id": "ddabf30eb802d3c5889d15265096d3b2",
          "last_feedback_at": {
            "monotonic_s": 180860.566587,
            "wall_utc": "2026-08-26T11:07:32.060Z"
          },
          "last_feedback_navigation_s": 3.394872,
          "last_feedback_simulated_progress_m": 0.339487,
          "simulated_distance_at_terminal_m": 0.35154,
          "state": "CANCELED",
          "state_history": [
            {
              "at": {
                "monotonic_s": 180857.17071,
                "wall_utc": "2026-08-26T11:07:28.664Z"
              },
              "state": "ACCEPTED"
            },
            {
              "at": {
                "monotonic_s": 180857.171523,
                "wall_utc": "2026-08-26T11:07:28.665Z"
              },
              "state": "EXECUTING"
            },
            {
              "at": {
                "monotonic_s": 180860.674858,
                "wall_utc": "2026-08-26T11:07:32.168Z"
              },
              "state": "CANCEL_REQUEST_ACCEPTED"
            },
            {
              "at": {
                "monotonic_s": 180860.686918,
                "wall_utc": "2026-08-26T11:07:32.180Z"
              },
              "reason": "action_server_observed_cancel_request",
              "state": "CANCELED"
            }
          ],
          "target_marker_x": 30.01,
          "terminal_at": {
            "monotonic_s": 180860.686918,
            "wall_utc": "2026-08-26T11:07:32.180Z"
          },
          "terminal_reason": "action_server_observed_cancel_request",
          "test_cleanup_requested_at": null
        }
      },
      "goal_state_at_observation_end": "CANCELED",
      "heartbeat_counts": {
        "A": 8,
        "B": 0
      },
      "lease_holder": "A",
      "lease_state_after_revocation": [],
      "max_simultaneous_active_goals": 1,
      "measurement_completed_at": {
        "monotonic_s": 180870.67444,
        "wall_utc": "2026-08-26T11:07:42.168Z"
      },
      "observed": "REVOCATION_CANCEL_IMMEDIATE",
      "outcome_class": "REVOCATION_CANCEL_IMMEDIATE",
      "path": [
        "HorusLink client",
        "horus_unity_bridge",
        "ROS goal/cancel topic",
        "horus_backend Nav2ActionAdapter",
        "dummy NavigateToPose action server"
      ],
      "post_revocation_active_duration_s": 0.012712,
      "revision": "eca75cbf559f09ff793d8993338b2f1ffed1adfd",
      "revocation_event": {
        "payload": {
          "event": "lease_expired",
          "lease_ttl_ms": 1200,
          "lease_version": 104,
          "leases": [],
          "session_id": "R2_TTL_EXPIRY-T01-session-A"
        },
        "received_at": {
          "monotonic_s": 180860.674206,
          "wall_utc": "2026-08-26T11:07:32.167Z"
        }
      },
      "revocation_event_timestamp": {
        "monotonic_s": 180860.674206,
        "wall_utc": "2026-08-26T11:07:32.167Z"
      },
      "revocation_initiated_at": {
        "monotonic_s": 180859.170804,
        "wall_utc": "2026-08-26T11:07:30.664Z"
      },
      "runtime_label": "test-only-fix",
      "setup": {
        "catalog_event": {
          "payload": {
            "event": "snapshot",
            "lease_ttl_ms": 1200,
            "lease_version": 95,
            "leases": [],
            "session_id": "horus-long-action-probe"
          },
          "received_at": {
            "monotonic_s": 180857.091325,
            "wall_utc": "2026-08-26T11:07:28.584Z"
          }
        },
        "fresh_trial_state_verified": true,
        "goal_accepted_at": {
          "monotonic_s": 180857.17071,
          "wall_utc": "2026-08-26T11:07:28.664Z"
        },
        "goal_id": "ddabf30eb802d3c5889d15265096d3b2",
        "goal_marker_x": 30.01,
        "goal_publish_sent_at": {
          "monotonic_s": 180857.15778,
          "wall_utc": "2026-08-26T11:07:28.651Z"
        },
        "lease_acquire_event": {
          "payload": {
            "event": "lease_granted",
            "holder_app_id": "long-probe-A",
            "lease_ttl_ms": 1200,
            "lease_version": 96,
            "leases": [
              {
                "acquired_at_ms": 180857131,
                "holder_app_id": "long-probe-A",
                "holder_role": "operator",
                "last_heartbeat_ms": 180857131,
                "lease_version": 96,
                "panel_open": true,
                "robot_name": "robot1",
                "session_id": "R2_TTL_EXPIRY-T01-session-A",
                "task_active": true,
                "task_kind": "navigation",
                "teleop_active": true
              }
            ],
            "request_id": "R2_TTL_EXPIRY-T01-A-acquire",
            "robot_name": "robot1",
            "session_id": "R2_TTL_EXPIRY-T01-session-A"
          },
          "received_at": {
            "monotonic_s": 180857.15746,
            "wall_utc": "2026-08-26T11:07:28.651Z"
          }
        },
        "lease_holder": "A",
        "lease_state_after_acquire": [
          {
            "acquired_at_ms": 180857131,
            "holder_app_id": "long-probe-A",
            "holder_role": "operator",
            "last_heartbeat_ms": 180857131,
            "lease_version": 96,
            "panel_open": true,
            "robot_name": "robot1",
            "session_id": "R2_TTL_EXPIRY-T01-session-A",
            "task_active": true,
            "task_kind": "navigation",
            "teleop_active": true
          }
        ]
      },
      "simulated_additional_distance_m": 0.001271,
      "started_at": {
        "monotonic_s": 180857.088923,
        "wall_utc": "2026-08-26T11:07:28.582Z"
      },
      "test_id": "R2_TTL_EXPIRY",
      "trial_complete": true,
      "trial_id": "R2_TTL_EXPIRY-T01",
      "trial_number": 1,
      "verdict": "MEASURED"
    },
    {
      "cancel_callback_latency_from_lease_state_observation_s": 0.000246,
      "cancel_callback_latency_from_revocation_initiation_s": 1.365933,
      "cancel_goal_ids": [
        "e09259df8a5751177df6fcb2a53b4f0b"
      ],
      "cancel_request_count": 1,
      "cancel_request_count_at_measurement_end": 1,
      "checkpoints": [
        {
          "active_goal_count": 0,
          "active_goal_ids": [],
          "goals": {
            "e09259df8a5751177df6fcb2a53b4f0b": {
              "cancel_request_count": 1,
              "feedback_count": 12,
              "goal_id": "e09259df8a5751177df6fcb2a53b4f0b",
              "last_feedback_navigation_s": 3.105108,
              "last_feedback_simulated_progress_m": 0.310511,
              "state": "CANCELED",
              "target_marker_x": 30.02,
              "terminal_at": {
                "monotonic_s": 180874.196426,
                "wall_utc": "2026-08-26T11:07:45.690Z"
              }
            }
          },
          "lease_state": {
            "event": "lease_expired",
            "lease_ttl_ms": 1200,
            "lease_version": 113,
            "leases": [],
            "session_id": "R2_TTL_EXPIRY-T02-session-A"
          },
          "observed_at": {
            "monotonic_s": 180874.675563,
            "wall_utc": "2026-08-26T11:07:46.169Z"
          },
          "observed_offset_s": 0.500073,
          "scheduled_offset_s": 0.5
        },
        {
          "active_goal_count": 0,
          "active_goal_ids": [],
          "goals": {
            "e09259df8a5751177df6fcb2a53b4f0b": {
              "cancel_request_count": 1,
              "feedback_count": 12,
              "goal_id": "e09259df8a5751177df6fcb2a53b4f0b",
              "last_feedback_navigation_s": 3.105108,
              "last_feedback_simulated_progress_m": 0.310511,
              "state": "CANCELED",
              "target_marker_x": 30.02,
              "terminal_at": {
                "monotonic_s": 180874.196426,
                "wall_utc": "2026-08-26T11:07:45.690Z"
              }
            }
          },
          "lease_state": {
            "event": "lease_expired",
            "lease_ttl_ms": 1200,
            "lease_version": 113,
            "leases": [],
            "session_id": "R2_TTL_EXPIRY-T02-session-A"
          },
          "observed_at": {
            "monotonic_s": 180875.175563,
            "wall_utc": "2026-08-26T11:07:46.669Z"
          },
          "observed_offset_s": 1.000073,
          "scheduled_offset_s": 1.0
        },
        {
          "active_goal_count": 0,
          "active_goal_ids": [],
          "goals": {
            "e09259df8a5751177df6fcb2a53b4f0b": {
              "cancel_request_count": 1,
              "feedback_count": 12,
              "goal_id": "e09259df8a5751177df6fcb2a53b4f0b",
              "last_feedback_navigation_s": 3.105108,
              "last_feedback_simulated_progress_m": 0.310511,
              "state": "CANCELED",
              "target_marker_x": 30.02,
              "terminal_at": {
                "monotonic_s": 180874.196426,
                "wall_utc": "2026-08-26T11:07:45.690Z"
              }
            }
          },
          "lease_state": {
            "event": "lease_expired",
            "lease_ttl_ms": 1200,
            "lease_version": 113,
            "leases": [],
            "session_id": "R2_TTL_EXPIRY-T02-session-A"
          },
          "observed_at": {
            "monotonic_s": 180877.175565,
            "wall_utc": "2026-08-26T11:07:48.669Z"
          },
          "observed_offset_s": 3.000075,
          "scheduled_offset_s": 3.0
        },
        {
          "active_goal_count": 0,
          "active_goal_ids": [],
          "goals": {
            "e09259df8a5751177df6fcb2a53b4f0b": {
              "cancel_request_count": 1,
              "feedback_count": 12,
              "goal_id": "e09259df8a5751177df6fcb2a53b4f0b",
              "last_feedback_navigation_s": 3.105108,
              "last_feedback_simulated_progress_m": 0.310511,
              "state": "CANCELED",
              "target_marker_x": 30.02,
              "terminal_at": {
                "monotonic_s": 180874.196426,
                "wall_utc": "2026-08-26T11:07:45.690Z"
              }
            }
          },
          "lease_state": {
            "event": "lease_expired",
            "lease_ttl_ms": 1200,
            "lease_version": 113,
            "leases": [],
            "session_id": "R2_TTL_EXPIRY-T02-session-A"
          },
          "observed_at": {
            "monotonic_s": 180879.177905,
            "wall_utc": "2026-08-26T11:07:50.671Z"
          },
          "observed_offset_s": 5.002415,
          "scheduled_offset_s": 5.0
        },
        {
          "active_goal_count": 0,
          "active_goal_ids": [],
          "goals": {
            "e09259df8a5751177df6fcb2a53b4f0b": {
              "cancel_request_count": 1,
              "feedback_count": 12,
              "goal_id": "e09259df8a5751177df6fcb2a53b4f0b",
              "last_feedback_navigation_s": 3.105108,
              "last_feedback_simulated_progress_m": 0.310511,
              "state": "CANCELED",
              "target_marker_x": 30.02,
              "terminal_at": {
                "monotonic_s": 180874.196426,
                "wall_utc": "2026-08-26T11:07:45.690Z"
              }
            }
          },
          "lease_state": {
            "event": "lease_expired",
            "lease_ttl_ms": 1200,
            "lease_version": 113,
            "leases": [],
            "session_id": "R2_TTL_EXPIRY-T02-session-A"
          },
          "observed_at": {
            "monotonic_s": 180884.177498,
            "wall_utc": "2026-08-26T11:07:55.671Z"
          },
          "observed_offset_s": 10.002008,
          "scheduled_offset_s": 10.0
        }
      ],
      "cleanup": {
        "active_goal_ids_after_cleanup": [],
        "clean": true,
        "completed_at": {
          "monotonic_s": 180884.258103,
          "wall_utc": "2026-08-26T11:07:55.751Z"
        },
        "forced_goal_ids": [],
        "release_or_close_errors": [],
        "started_at": {
          "monotonic_s": 180884.177764,
          "wall_utc": "2026-08-26T11:07:55.671Z"
        },
        "terminal_wait_errors": []
      },
      "concurrency_events": [
        {
          "active_goal_count": 1,
          "active_goal_ids": [
            "e09259df8a5751177df6fcb2a53b4f0b"
          ],
          "at": {
            "monotonic_s": 180870.809776,
            "wall_utc": "2026-08-26T11:07:42.303Z"
          },
          "reason": "goal_accepted"
        },
        {
          "active_goal_count": 1,
          "active_goal_ids": [
            "e09259df8a5751177df6fcb2a53b4f0b"
          ],
          "at": {
            "monotonic_s": 180870.810138,
            "wall_utc": "2026-08-26T11:07:42.303Z"
          },
          "reason": "execute_started"
        },
        {
          "active_goal_count": 1,
          "active_goal_ids": [
            "e09259df8a5751177df6fcb2a53b4f0b"
          ],
          "at": {
            "monotonic_s": 180874.175766,
            "wall_utc": "2026-08-26T11:07:45.669Z"
          },
          "reason": "cancel_callback"
        },
        {
          "active_goal_count": 0,
          "active_goal_ids": [],
          "at": {
            "monotonic_s": 180874.196468,
            "wall_utc": "2026-08-26T11:07:45.690Z"
          },
          "reason": "goal_terminal"
        }
      ],
      "distance_model": "constant 0.1 m/s; not physical motion",
      "duration_basis": "revocation_to_terminal",
      "duration_is_right_censored_lower_bound": false,
      "evidence_fields": {
        "active_goal_count_at_observation_end": 0,
        "b_goal_id": null,
        "b_goal_status_at_observation_end": "NOT_APPLICABLE",
        "cancel_goal_ids": [
          "e09259df8a5751177df6fcb2a53b4f0b"
        ],
        "cancel_request_times": [
          {
            "monotonic_s": 180874.175736,
            "wall_utc": "2026-08-26T11:07:45.669Z"
          }
        ],
        "cleanup_clean": true,
        "expected": "A heartbeat stops and lease expiry is observed; measure accepted-goal lifecycle",
        "feedback_count_at_observation_end": 12,
        "first_feedback_time": {
          "monotonic_s": 180870.81032,
          "wall_utc": "2026-08-26T11:07:42.303Z"
        },
        "goal_accepted_time": {
          "monotonic_s": 180870.809724,
          "wall_utc": "2026-08-26T11:07:42.303Z"
        },
        "goal_id": "e09259df8a5751177df6fcb2a53b4f0b",
        "goal_state_at_observation_end": "CANCELED",
        "goal_terminal_state": "CANCELED",
        "last_feedback_time_at_observation_end": {
          "monotonic_s": 180873.915533,
          "wall_utc": "2026-08-26T11:07:45.409Z"
        },
        "last_simulated_progress_m_at_observation_end": 0.310511,
        "lease_holder": "A",
        "max_simultaneous_active_goals": 1,
        "observed": "REVOCATION_CANCEL_IMMEDIATE",
        "post_revocation_duration_s": 0.020936,
        "revision": "eca75cbf559f09ff793d8993338b2f1ffed1adfd",
        "revocation_time": {
          "monotonic_s": 180874.17549,
          "wall_utc": "2026-08-26T11:07:45.669Z"
        },
        "simulated_additional_distance_m": 0.002094,
        "terminal_time": {
          "monotonic_s": 180874.196426,
          "wall_utc": "2026-08-26T11:07:45.690Z"
        },
        "test_id": "R2_TTL_EXPIRY",
        "trial_id": "R2_TTL_EXPIRY-T02",
        "verdict": "MEASURED"
      },
      "expected": "A heartbeat stops and lease expiry is observed; measure accepted-goal lifecycle",
      "first_cancel_callback_at": {
        "monotonic_s": 180874.175736,
        "wall_utc": "2026-08-26T11:07:45.669Z"
      },
      "goal_records_at_measurement_end": {
        "e09259df8a5751177df6fcb2a53b4f0b": {
          "accepted_at": {
            "monotonic_s": 180870.809724,
            "wall_utc": "2026-08-26T11:07:42.303Z"
          },
          "active_duration_s": 3.386309,
          "cancel_callbacks": [
            {
              "callback_at": {
                "monotonic_s": 180874.175736,
                "wall_utc": "2026-08-26T11:07:45.669Z"
              },
              "cancel_goal_id": "e09259df8a5751177df6fcb2a53b4f0b"
            }
          ],
          "execute_started_at": {
            "monotonic_s": 180870.810117,
            "wall_utc": "2026-08-26T11:07:42.303Z"
          },
          "feedback_count": 12,
          "feedback_errors": [],
          "first_feedback_at": {
            "monotonic_s": 180870.81032,
            "wall_utc": "2026-08-26T11:07:42.303Z"
          },
          "goal_id": "e09259df8a5751177df6fcb2a53b4f0b",
          "last_feedback_at": {
            "monotonic_s": 180873.915533,
            "wall_utc": "2026-08-26T11:07:45.409Z"
          },
          "last_feedback_navigation_s": 3.105108,
          "last_feedback_simulated_progress_m": 0.310511,
          "simulated_distance_at_terminal_m": 0.338631,
          "state": "CANCELED",
          "state_history": [
            {
              "at": {
                "monotonic_s": 180870.809724,
                "wall_utc": "2026-08-26T11:07:42.303Z"
              },
              "state": "ACCEPTED"
            },
            {
              "at": {
                "monotonic_s": 180870.810117,
                "wall_utc": "2026-08-26T11:07:42.303Z"
              },
              "state": "EXECUTING"
            },
            {
              "at": {
                "monotonic_s": 180874.175736,
                "wall_utc": "2026-08-26T11:07:45.669Z"
              },
              "state": "CANCEL_REQUEST_ACCEPTED"
            },
            {
              "at": {
                "monotonic_s": 180874.196426,
                "wall_utc": "2026-08-26T11:07:45.690Z"
              },
              "reason": "action_server_observed_cancel_request",
              "state": "CANCELED"
            }
          ],
          "target_marker_x": 30.02,
          "terminal_at": {
            "monotonic_s": 180874.196426,
            "wall_utc": "2026-08-26T11:07:45.690Z"
          },
          "terminal_reason": "action_server_observed_cancel_request",
          "test_cleanup_requested_at": null
        }
      },
      "goal_records_final": {
        "e09259df8a5751177df6fcb2a53b4f0b": {
          "accepted_at": {
            "monotonic_s": 180870.809724,
            "wall_utc": "2026-08-26T11:07:42.303Z"
          },
          "active_duration_s": 3.386309,
          "cancel_callbacks": [
            {
              "callback_at": {
                "monotonic_s": 180874.175736,
                "wall_utc": "2026-08-26T11:07:45.669Z"
              },
              "cancel_goal_id": "e09259df8a5751177df6fcb2a53b4f0b"
            }
          ],
          "execute_started_at": {
            "monotonic_s": 180870.810117,
            "wall_utc": "2026-08-26T11:07:42.303Z"
          },
          "feedback_count": 12,
          "feedback_errors": [],
          "first_feedback_at": {
            "monotonic_s": 180870.81032,
            "wall_utc": "2026-08-26T11:07:42.303Z"
          },
          "goal_id": "e09259df8a5751177df6fcb2a53b4f0b",
          "last_feedback_at": {
            "monotonic_s": 180873.915533,
            "wall_utc": "2026-08-26T11:07:45.409Z"
          },
          "last_feedback_navigation_s": 3.105108,
          "last_feedback_simulated_progress_m": 0.310511,
          "simulated_distance_at_terminal_m": 0.338631,
          "state": "CANCELED",
          "state_history": [
            {
              "at": {
                "monotonic_s": 180870.809724,
                "wall_utc": "2026-08-26T11:07:42.303Z"
              },
              "state": "ACCEPTED"
            },
            {
              "at": {
                "monotonic_s": 180870.810117,
                "wall_utc": "2026-08-26T11:07:42.303Z"
              },
              "state": "EXECUTING"
            },
            {
              "at": {
                "monotonic_s": 180874.175736,
                "wall_utc": "2026-08-26T11:07:45.669Z"
              },
              "state": "CANCEL_REQUEST_ACCEPTED"
            },
            {
              "at": {
                "monotonic_s": 180874.196426,
                "wall_utc": "2026-08-26T11:07:45.690Z"
              },
              "reason": "action_server_observed_cancel_request",
              "state": "CANCELED"
            }
          ],
          "target_marker_x": 30.02,
          "terminal_at": {
            "monotonic_s": 180874.196426,
            "wall_utc": "2026-08-26T11:07:45.690Z"
          },
          "terminal_reason": "action_server_observed_cancel_request",
          "test_cleanup_requested_at": null
        }
      },
      "goal_state_at_observation_end": "CANCELED",
      "heartbeat_counts": {
        "A": 8,
        "B": 0
      },
      "lease_holder": "A",
      "lease_state_after_revocation": [],
      "max_simultaneous_active_goals": 1,
      "measurement_completed_at": {
        "monotonic_s": 180884.177756,
        "wall_utc": "2026-08-26T11:07:55.671Z"
      },
      "observed": "REVOCATION_CANCEL_IMMEDIATE",
      "outcome_class": "REVOCATION_CANCEL_IMMEDIATE",
      "path": [
        "HorusLink client",
        "horus_unity_bridge",
        "ROS goal/cancel topic",
        "horus_backend Nav2ActionAdapter",
        "dummy NavigateToPose action server"
      ],
      "post_revocation_active_duration_s": 0.020936,
      "revision": "eca75cbf559f09ff793d8993338b2f1ffed1adfd",
      "revocation_event": {
        "payload": {
          "event": "lease_expired",
          "lease_ttl_ms": 1200,
          "lease_version": 113,
          "leases": [],
          "session_id": "R2_TTL_EXPIRY-T02-session-A"
        },
        "received_at": {
          "monotonic_s": 180874.17549,
          "wall_utc": "2026-08-26T11:07:45.669Z"
        }
      },
      "revocation_event_timestamp": {
        "monotonic_s": 180874.17549,
        "wall_utc": "2026-08-26T11:07:45.669Z"
      },
      "revocation_initiated_at": {
        "monotonic_s": 180872.809803,
        "wall_utc": "2026-08-26T11:07:44.303Z"
      },
      "runtime_label": "test-only-fix",
      "setup": {
        "catalog_event": {
          "payload": {
            "event": "snapshot",
            "lease_ttl_ms": 1200,
            "lease_version": 104,
            "leases": [],
            "session_id": "horus-long-action-probe"
          },
          "received_at": {
            "monotonic_s": 180870.75782,
            "wall_utc": "2026-08-26T11:07:42.251Z"
          }
        },
        "fresh_trial_state_verified": true,
        "goal_accepted_at": {
          "monotonic_s": 180870.809724,
          "wall_utc": "2026-08-26T11:07:42.303Z"
        },
        "goal_id": "e09259df8a5751177df6fcb2a53b4f0b",
        "goal_marker_x": 30.02,
        "goal_publish_sent_at": {
          "monotonic_s": 180870.80759,
          "wall_utc": "2026-08-26T11:07:42.301Z"
        },
        "lease_acquire_event": {
          "payload": {
            "event": "lease_granted",
            "holder_app_id": "long-probe-A",
            "lease_ttl_ms": 1200,
            "lease_version": 105,
            "leases": [
              {
                "acquired_at_ms": 180870799,
                "holder_app_id": "long-probe-A",
                "holder_role": "operator",
                "last_heartbeat_ms": 180870799,
                "lease_version": 105,
                "panel_open": true,
                "robot_name": "robot1",
                "session_id": "R2_TTL_EXPIRY-T02-session-A",
                "task_active": true,
                "task_kind": "navigation",
                "teleop_active": true
              }
            ],
            "request_id": "R2_TTL_EXPIRY-T02-A-acquire",
            "robot_name": "robot1",
            "session_id": "R2_TTL_EXPIRY-T02-session-A"
          },
          "received_at": {
            "monotonic_s": 180870.799721,
            "wall_utc": "2026-08-26T11:07:42.293Z"
          }
        },
        "lease_holder": "A",
        "lease_state_after_acquire": [
          {
            "acquired_at_ms": 180870799,
            "holder_app_id": "long-probe-A",
            "holder_role": "operator",
            "last_heartbeat_ms": 180870799,
            "lease_version": 105,
            "panel_open": true,
            "robot_name": "robot1",
            "session_id": "R2_TTL_EXPIRY-T02-session-A",
            "task_active": true,
            "task_kind": "navigation",
            "teleop_active": true
          }
        ]
      },
      "simulated_additional_distance_m": 0.002094,
      "started_at": {
        "monotonic_s": 180870.755088,
        "wall_utc": "2026-08-26T11:07:42.248Z"
      },
      "test_id": "R2_TTL_EXPIRY",
      "trial_complete": true,
      "trial_id": "R2_TTL_EXPIRY-T02",
      "trial_number": 2,
      "verdict": "MEASURED"
    },
    {
      "cancel_callback_latency_from_lease_state_observation_s": 0.00055,
      "cancel_callback_latency_from_revocation_initiation_s": 1.359071,
      "cancel_goal_ids": [
        "7261e96a9acfb6f541dfc8b5c7d1355b"
      ],
      "cancel_request_count": 1,
      "cancel_request_count_at_measurement_end": 1,
      "checkpoints": [
        {
          "active_goal_count": 0,
          "active_goal_ids": [],
          "goals": {
            "7261e96a9acfb6f541dfc8b5c7d1355b": {
              "cancel_request_count": 1,
              "feedback_count": 12,
              "goal_id": "7261e96a9acfb6f541dfc8b5c7d1355b",
              "last_feedback_navigation_s": 3.102655,
              "last_feedback_simulated_progress_m": 0.310266,
              "state": "CANCELED",
              "target_marker_x": 30.03,
              "terminal_at": {
                "monotonic_s": 180887.699028,
                "wall_utc": "2026-08-26T11:07:59.192Z"
              }
            }
          },
          "lease_state": {
            "event": "lease_expired",
            "lease_ttl_ms": 1200,
            "lease_version": 122,
            "leases": [],
            "session_id": "R2_TTL_EXPIRY-T03-session-A"
          },
          "observed_at": {
            "monotonic_s": 180888.171643,
            "wall_utc": "2026-08-26T11:07:59.665Z"
          },
          "observed_offset_s": 0.500086,
          "scheduled_offset_s": 0.5
        },
        {
          "active_goal_count": 0,
          "active_goal_ids": [],
          "goals": {
            "7261e96a9acfb6f541dfc8b5c7d1355b": {
              "cancel_request_count": 1,
              "feedback_count": 12,
              "goal_id": "7261e96a9acfb6f541dfc8b5c7d1355b",
              "last_feedback_navigation_s": 3.102655,
              "last_feedback_simulated_progress_m": 0.310266,
              "state": "CANCELED",
              "target_marker_x": 30.03,
              "terminal_at": {
                "monotonic_s": 180887.699028,
                "wall_utc": "2026-08-26T11:07:59.192Z"
              }
            }
          },
          "lease_state": {
            "event": "lease_expired",
            "lease_ttl_ms": 1200,
            "lease_version": 122,
            "leases": [],
            "session_id": "R2_TTL_EXPIRY-T03-session-A"
          },
          "observed_at": {
            "monotonic_s": 180888.674681,
            "wall_utc": "2026-08-26T11:08:00.168Z"
          },
          "observed_offset_s": 1.003124,
          "scheduled_offset_s": 1.0
        },
        {
          "active_goal_count": 0,
          "active_goal_ids": [],
          "goals": {
            "7261e96a9acfb6f541dfc8b5c7d1355b": {
              "cancel_request_count": 1,
              "feedback_count": 12,
              "goal_id": "7261e96a9acfb6f541dfc8b5c7d1355b",
              "last_feedback_navigation_s": 3.102655,
              "last_feedback_simulated_progress_m": 0.310266,
              "state": "CANCELED",
              "target_marker_x": 30.03,
              "terminal_at": {
                "monotonic_s": 180887.699028,
                "wall_utc": "2026-08-26T11:07:59.192Z"
              }
            }
          },
          "lease_state": {
            "event": "lease_expired",
            "lease_ttl_ms": 1200,
            "lease_version": 122,
            "leases": [],
            "session_id": "R2_TTL_EXPIRY-T03-session-A"
          },
          "observed_at": {
            "monotonic_s": 180890.674171,
            "wall_utc": "2026-08-26T11:08:02.167Z"
          },
          "observed_offset_s": 3.002614,
          "scheduled_offset_s": 3.0
        },
        {
          "active_goal_count": 0,
          "active_goal_ids": [],
          "goals": {
            "7261e96a9acfb6f541dfc8b5c7d1355b": {
              "cancel_request_count": 1,
              "feedback_count": 12,
              "goal_id": "7261e96a9acfb6f541dfc8b5c7d1355b",
              "last_feedback_navigation_s": 3.102655,
              "last_feedback_simulated_progress_m": 0.310266,
              "state": "CANCELED",
              "target_marker_x": 30.03,
              "terminal_at": {
                "monotonic_s": 180887.699028,
                "wall_utc": "2026-08-26T11:07:59.192Z"
              }
            }
          },
          "lease_state": {
            "event": "lease_expired",
            "lease_ttl_ms": 1200,
            "lease_version": 122,
            "leases": [],
            "session_id": "R2_TTL_EXPIRY-T03-session-A"
          },
          "observed_at": {
            "monotonic_s": 180892.671634,
            "wall_utc": "2026-08-26T11:08:04.165Z"
          },
          "observed_offset_s": 5.000077,
          "scheduled_offset_s": 5.0
        },
        {
          "active_goal_count": 0,
          "active_goal_ids": [],
          "goals": {
            "7261e96a9acfb6f541dfc8b5c7d1355b": {
              "cancel_request_count": 1,
              "feedback_count": 12,
              "goal_id": "7261e96a9acfb6f541dfc8b5c7d1355b",
              "last_feedback_navigation_s": 3.102655,
              "last_feedback_simulated_progress_m": 0.310266,
              "state": "CANCELED",
              "target_marker_x": 30.03,
              "terminal_at": {
                "monotonic_s": 180887.699028,
                "wall_utc": "2026-08-26T11:07:59.192Z"
              }
            }
          },
          "lease_state": {
            "event": "lease_expired",
            "lease_ttl_ms": 1200,
            "lease_version": 122,
            "leases": [],
            "session_id": "R2_TTL_EXPIRY-T03-session-A"
          },
          "observed_at": {
            "monotonic_s": 180897.671624,
            "wall_utc": "2026-08-26T11:08:09.165Z"
          },
          "observed_offset_s": 10.000067,
          "scheduled_offset_s": 10.0
        }
      ],
      "cleanup": {
        "active_goal_ids_after_cleanup": [],
        "clean": true,
        "completed_at": {
          "monotonic_s": 180897.752069,
          "wall_utc": "2026-08-26T11:08:09.245Z"
        },
        "forced_goal_ids": [],
        "release_or_close_errors": [],
        "started_at": {
          "monotonic_s": 180897.671799,
          "wall_utc": "2026-08-26T11:08:09.165Z"
        },
        "terminal_wait_errors": []
      },
      "concurrency_events": [
        {
          "active_goal_count": 1,
          "active_goal_ids": [
            "7261e96a9acfb6f541dfc8b5c7d1355b"
          ],
          "at": {
            "monotonic_s": 180884.312963,
            "wall_utc": "2026-08-26T11:07:55.806Z"
          },
          "reason": "goal_accepted"
        },
        {
          "active_goal_count": 1,
          "active_goal_ids": [
            "7261e96a9acfb6f541dfc8b5c7d1355b"
          ],
          "at": {
            "monotonic_s": 180884.313246,
            "wall_utc": "2026-08-26T11:07:55.806Z"
          },
          "reason": "execute_started"
        },
        {
          "active_goal_count": 1,
          "active_goal_ids": [
            "7261e96a9acfb6f541dfc8b5c7d1355b"
          ],
          "at": {
            "monotonic_s": 180887.672133,
            "wall_utc": "2026-08-26T11:07:59.165Z"
          },
          "reason": "cancel_callback"
        },
        {
          "active_goal_count": 0,
          "active_goal_ids": [],
          "at": {
            "monotonic_s": 180887.699096,
            "wall_utc": "2026-08-26T11:07:59.192Z"
          },
          "reason": "goal_terminal"
        }
      ],
      "distance_model": "constant 0.1 m/s; not physical motion",
      "duration_basis": "revocation_to_terminal",
      "duration_is_right_censored_lower_bound": false,
      "evidence_fields": {
        "active_goal_count_at_observation_end": 0,
        "b_goal_id": null,
        "b_goal_status_at_observation_end": "NOT_APPLICABLE",
        "cancel_goal_ids": [
          "7261e96a9acfb6f541dfc8b5c7d1355b"
        ],
        "cancel_request_times": [
          {
            "monotonic_s": 180887.672107,
            "wall_utc": "2026-08-26T11:07:59.165Z"
          }
        ],
        "cleanup_clean": true,
        "expected": "A heartbeat stops and lease expiry is observed; measure accepted-goal lifecycle",
        "feedback_count_at_observation_end": 12,
        "first_feedback_time": {
          "monotonic_s": 180884.313377,
          "wall_utc": "2026-08-26T11:07:55.807Z"
        },
        "goal_accepted_time": {
          "monotonic_s": 180884.312934,
          "wall_utc": "2026-08-26T11:07:55.806Z"
        },
        "goal_id": "7261e96a9acfb6f541dfc8b5c7d1355b",
        "goal_state_at_observation_end": "CANCELED",
        "goal_terminal_state": "CANCELED",
        "last_feedback_time_at_observation_end": {
          "monotonic_s": 180887.41618,
          "wall_utc": "2026-08-26T11:07:58.909Z"
        },
        "last_simulated_progress_m_at_observation_end": 0.310266,
        "lease_holder": "A",
        "max_simultaneous_active_goals": 1,
        "observed": "REVOCATION_CANCEL_IMMEDIATE",
        "post_revocation_duration_s": 0.027471,
        "revision": "eca75cbf559f09ff793d8993338b2f1ffed1adfd",
        "revocation_time": {
          "monotonic_s": 180887.671557,
          "wall_utc": "2026-08-26T11:07:59.165Z"
        },
        "simulated_additional_distance_m": 0.002747,
        "terminal_time": {
          "monotonic_s": 180887.699028,
          "wall_utc": "2026-08-26T11:07:59.192Z"
        },
        "test_id": "R2_TTL_EXPIRY",
        "trial_id": "R2_TTL_EXPIRY-T03",
        "verdict": "MEASURED"
      },
      "expected": "A heartbeat stops and lease expiry is observed; measure accepted-goal lifecycle",
      "first_cancel_callback_at": {
        "monotonic_s": 180887.672107,
        "wall_utc": "2026-08-26T11:07:59.165Z"
      },
      "goal_records_at_measurement_end": {
        "7261e96a9acfb6f541dfc8b5c7d1355b": {
          "accepted_at": {
            "monotonic_s": 180884.312934,
            "wall_utc": "2026-08-26T11:07:55.806Z"
          },
          "active_duration_s": 3.385796,
          "cancel_callbacks": [
            {
              "callback_at": {
                "monotonic_s": 180887.672107,
                "wall_utc": "2026-08-26T11:07:59.165Z"
              },
              "cancel_goal_id": "7261e96a9acfb6f541dfc8b5c7d1355b"
            }
          ],
          "execute_started_at": {
            "monotonic_s": 180884.313232,
            "wall_utc": "2026-08-26T11:07:55.806Z"
          },
          "feedback_count": 12,
          "feedback_errors": [],
          "first_feedback_at": {
            "monotonic_s": 180884.313377,
            "wall_utc": "2026-08-26T11:07:55.807Z"
          },
          "goal_id": "7261e96a9acfb6f541dfc8b5c7d1355b",
          "last_feedback_at": {
            "monotonic_s": 180887.41618,
            "wall_utc": "2026-08-26T11:07:58.909Z"
          },
          "last_feedback_navigation_s": 3.102655,
          "last_feedback_simulated_progress_m": 0.310266,
          "simulated_distance_at_terminal_m": 0.33858,
          "state": "CANCELED",
          "state_history": [
            {
              "at": {
                "monotonic_s": 180884.312934,
                "wall_utc": "2026-08-26T11:07:55.806Z"
              },
              "state": "ACCEPTED"
            },
            {
              "at": {
                "monotonic_s": 180884.313232,
                "wall_utc": "2026-08-26T11:07:55.806Z"
              },
              "state": "EXECUTING"
            },
            {
              "at": {
                "monotonic_s": 180887.672107,
                "wall_utc": "2026-08-26T11:07:59.165Z"
              },
              "state": "CANCEL_REQUEST_ACCEPTED"
            },
            {
              "at": {
                "monotonic_s": 180887.699028,
                "wall_utc": "2026-08-26T11:07:59.192Z"
              },
              "reason": "action_server_observed_cancel_request",
              "state": "CANCELED"
            }
          ],
          "target_marker_x": 30.03,
          "terminal_at": {
            "monotonic_s": 180887.699028,
            "wall_utc": "2026-08-26T11:07:59.192Z"
          },
          "terminal_reason": "action_server_observed_cancel_request",
          "test_cleanup_requested_at": null
        }
      },
      "goal_records_final": {
        "7261e96a9acfb6f541dfc8b5c7d1355b": {
          "accepted_at": {
            "monotonic_s": 180884.312934,
            "wall_utc": "2026-08-26T11:07:55.806Z"
          },
          "active_duration_s": 3.385796,
          "cancel_callbacks": [
            {
              "callback_at": {
                "monotonic_s": 180887.672107,
                "wall_utc": "2026-08-26T11:07:59.165Z"
              },
              "cancel_goal_id": "7261e96a9acfb6f541dfc8b5c7d1355b"
            }
          ],
          "execute_started_at": {
            "monotonic_s": 180884.313232,
            "wall_utc": "2026-08-26T11:07:55.806Z"
          },
          "feedback_count": 12,
          "feedback_errors": [],
          "first_feedback_at": {
            "monotonic_s": 180884.313377,
            "wall_utc": "2026-08-26T11:07:55.807Z"
          },
          "goal_id": "7261e96a9acfb6f541dfc8b5c7d1355b",
          "last_feedback_at": {
            "monotonic_s": 180887.41618,
            "wall_utc": "2026-08-26T11:07:58.909Z"
          },
          "last_feedback_navigation_s": 3.102655,
          "last_feedback_simulated_progress_m": 0.310266,
          "simulated_distance_at_terminal_m": 0.33858,
          "state": "CANCELED",
          "state_history": [
            {
              "at": {
                "monotonic_s": 180884.312934,
                "wall_utc": "2026-08-26T11:07:55.806Z"
              },
              "state": "ACCEPTED"
            },
            {
              "at": {
                "monotonic_s": 180884.313232,
                "wall_utc": "2026-08-26T11:07:55.806Z"
              },
              "state": "EXECUTING"
            },
            {
              "at": {
                "monotonic_s": 180887.672107,
                "wall_utc": "2026-08-26T11:07:59.165Z"
              },
              "state": "CANCEL_REQUEST_ACCEPTED"
            },
            {
              "at": {
                "monotonic_s": 180887.699028,
                "wall_utc": "2026-08-26T11:07:59.192Z"
              },
              "reason": "action_server_observed_cancel_request",
              "state": "CANCELED"
            }
          ],
          "target_marker_x": 30.03,
          "terminal_at": {
            "monotonic_s": 180887.699028,
            "wall_utc": "2026-08-26T11:07:59.192Z"
          },
          "terminal_reason": "action_server_observed_cancel_request",
          "test_cleanup_requested_at": null
        }
      },
      "goal_state_at_observation_end": "CANCELED",
      "heartbeat_counts": {
        "A": 8,
        "B": 0
      },
      "lease_holder": "A",
      "lease_state_after_revocation": [],
      "max_simultaneous_active_goals": 1,
      "measurement_completed_at": {
        "monotonic_s": 180897.671794,
        "wall_utc": "2026-08-26T11:08:09.165Z"
      },
      "observed": "REVOCATION_CANCEL_IMMEDIATE",
      "outcome_class": "REVOCATION_CANCEL_IMMEDIATE",
      "path": [
        "HorusLink client",
        "horus_unity_bridge",
        "ROS goal/cancel topic",
        "horus_backend Nav2ActionAdapter",
        "dummy NavigateToPose action server"
      ],
      "post_revocation_active_duration_s": 0.027471,
      "revision": "eca75cbf559f09ff793d8993338b2f1ffed1adfd",
      "revocation_event": {
        "payload": {
          "event": "lease_expired",
          "lease_ttl_ms": 1200,
          "lease_version": 122,
          "leases": [],
          "session_id": "R2_TTL_EXPIRY-T03-session-A"
        },
        "received_at": {
          "monotonic_s": 180887.671557,
          "wall_utc": "2026-08-26T11:07:59.165Z"
        }
      },
      "revocation_event_timestamp": {
        "monotonic_s": 180887.671557,
        "wall_utc": "2026-08-26T11:07:59.165Z"
      },
      "revocation_initiated_at": {
        "monotonic_s": 180886.313036,
        "wall_utc": "2026-08-26T11:07:57.806Z"
      },
      "runtime_label": "test-only-fix",
      "setup": {
        "catalog_event": {
          "payload": {
            "event": "snapshot",
            "lease_ttl_ms": 1200,
            "lease_version": 113,
            "leases": [],
            "session_id": "horus-long-action-probe"
          },
          "received_at": {
            "monotonic_s": 180884.261532,
            "wall_utc": "2026-08-26T11:07:55.755Z"
          }
        },
        "fresh_trial_state_verified": true,
        "goal_accepted_at": {
          "monotonic_s": 180884.312934,
          "wall_utc": "2026-08-26T11:07:55.806Z"
        },
        "goal_id": "7261e96a9acfb6f541dfc8b5c7d1355b",
        "goal_marker_x": 30.03,
        "goal_publish_sent_at": {
          "monotonic_s": 180884.311435,
          "wall_utc": "2026-08-26T11:07:55.805Z"
        },
        "lease_acquire_event": {
          "payload": {
            "event": "lease_granted",
            "holder_app_id": "long-probe-A",
            "lease_ttl_ms": 1200,
            "lease_version": 114,
            "leases": [
              {
                "acquired_at_ms": 180884302,
                "holder_app_id": "long-probe-A",
                "holder_role": "operator",
                "last_heartbeat_ms": 180884302,
                "lease_version": 114,
                "panel_open": true,
                "robot_name": "robot1",
                "session_id": "R2_TTL_EXPIRY-T03-session-A",
                "task_active": true,
                "task_kind": "navigation",
                "teleop_active": true
              }
            ],
            "request_id": "R2_TTL_EXPIRY-T03-A-acquire",
            "robot_name": "robot1",
            "session_id": "R2_TTL_EXPIRY-T03-session-A"
          },
          "received_at": {
            "monotonic_s": 180884.302923,
            "wall_utc": "2026-08-26T11:07:55.796Z"
          }
        },
        "lease_holder": "A",
        "lease_state_after_acquire": [
          {
            "acquired_at_ms": 180884302,
            "holder_app_id": "long-probe-A",
            "holder_role": "operator",
            "last_heartbeat_ms": 180884302,
            "lease_version": 114,
            "panel_open": true,
            "robot_name": "robot1",
            "session_id": "R2_TTL_EXPIRY-T03-session-A",
            "task_active": true,
            "task_kind": "navigation",
            "teleop_active": true
          }
        ]
      },
      "simulated_additional_distance_m": 0.002747,
      "started_at": {
        "monotonic_s": 180884.258238,
        "wall_utc": "2026-08-26T11:07:55.751Z"
      },
      "test_id": "R2_TTL_EXPIRY",
      "trial_complete": true,
      "trial_id": "R2_TTL_EXPIRY-T03",
      "trial_number": 3,
      "verdict": "MEASURED"
    },
    {
      "cancel_callback_latency_from_lease_state_observation_s": 0.000519,
      "cancel_callback_latency_from_revocation_initiation_s": 1.309419,
      "cancel_goal_ids": [
        "1121d49196e902078fe844afea8cd696"
      ],
      "cancel_request_count": 1,
      "cancel_request_count_at_measurement_end": 1,
      "checkpoints": [
        {
          "active_goal_count": 0,
          "active_goal_ids": [],
          "goals": {
            "1121d49196e902078fe844afea8cd696": {
              "cancel_request_count": 1,
              "feedback_count": 12,
              "goal_id": "1121d49196e902078fe844afea8cd696",
              "last_feedback_navigation_s": 3.1034,
              "last_feedback_simulated_progress_m": 0.31034,
              "state": "CANCELED",
              "target_marker_x": 30.04,
              "terminal_at": {
                "monotonic_s": 180901.207589,
                "wall_utc": "2026-08-26T11:08:12.701Z"
              }
            }
          },
          "lease_state": {
            "event": "lease_expired",
            "lease_ttl_ms": 1200,
            "lease_version": 131,
            "leases": [],
            "session_id": "R2_TTL_EXPIRY-T04-session-A"
          },
          "observed_at": {
            "monotonic_s": 180901.671506,
            "wall_utc": "2026-08-26T11:08:13.165Z"
          },
          "observed_offset_s": 0.500069,
          "scheduled_offset_s": 0.5
        },
        {
          "active_goal_count": 0,
          "active_goal_ids": [],
          "goals": {
            "1121d49196e902078fe844afea8cd696": {
              "cancel_request_count": 1,
              "feedback_count": 12,
              "goal_id": "1121d49196e902078fe844afea8cd696",
              "last_feedback_navigation_s": 3.1034,
              "last_feedback_simulated_progress_m": 0.31034,
              "state": "CANCELED",
              "target_marker_x": 30.04,
              "terminal_at": {
                "monotonic_s": 180901.207589,
                "wall_utc": "2026-08-26T11:08:12.701Z"
              }
            }
          },
          "lease_state": {
            "event": "lease_expired",
            "lease_ttl_ms": 1200,
            "lease_version": 131,
            "leases": [],
            "session_id": "R2_TTL_EXPIRY-T04-session-A"
          },
          "observed_at": {
            "monotonic_s": 180902.171518,
            "wall_utc": "2026-08-26T11:08:13.665Z"
          },
          "observed_offset_s": 1.000081,
          "scheduled_offset_s": 1.0
        },
        {
          "active_goal_count": 0,
          "active_goal_ids": [],
          "goals": {
            "1121d49196e902078fe844afea8cd696": {
              "cancel_request_count": 1,
              "feedback_count": 12,
              "goal_id": "1121d49196e902078fe844afea8cd696",
              "last_feedback_navigation_s": 3.1034,
              "last_feedback_simulated_progress_m": 0.31034,
              "state": "CANCELED",
              "target_marker_x": 30.04,
              "terminal_at": {
                "monotonic_s": 180901.207589,
                "wall_utc": "2026-08-26T11:08:12.701Z"
              }
            }
          },
          "lease_state": {
            "event": "lease_expired",
            "lease_ttl_ms": 1200,
            "lease_version": 131,
            "leases": [],
            "session_id": "R2_TTL_EXPIRY-T04-session-A"
          },
          "observed_at": {
            "monotonic_s": 180904.17153,
            "wall_utc": "2026-08-26T11:08:15.665Z"
          },
          "observed_offset_s": 3.000093,
          "scheduled_offset_s": 3.0
        },
        {
          "active_goal_count": 0,
          "active_goal_ids": [],
          "goals": {
            "1121d49196e902078fe844afea8cd696": {
              "cancel_request_count": 1,
              "feedback_count": 12,
              "goal_id": "1121d49196e902078fe844afea8cd696",
              "last_feedback_navigation_s": 3.1034,
              "last_feedback_simulated_progress_m": 0.31034,
              "state": "CANCELED",
              "target_marker_x": 30.04,
              "terminal_at": {
                "monotonic_s": 180901.207589,
                "wall_utc": "2026-08-26T11:08:12.701Z"
              }
            }
          },
          "lease_state": {
            "event": "lease_expired",
            "lease_ttl_ms": 1200,
            "lease_version": 131,
            "leases": [],
            "session_id": "R2_TTL_EXPIRY-T04-session-A"
          },
          "observed_at": {
            "monotonic_s": 180906.17152,
            "wall_utc": "2026-08-26T11:08:17.665Z"
          },
          "observed_offset_s": 5.000083,
          "scheduled_offset_s": 5.0
        },
        {
          "active_goal_count": 0,
          "active_goal_ids": [],
          "goals": {
            "1121d49196e902078fe844afea8cd696": {
              "cancel_request_count": 1,
              "feedback_count": 12,
              "goal_id": "1121d49196e902078fe844afea8cd696",
              "last_feedback_navigation_s": 3.1034,
              "last_feedback_simulated_progress_m": 0.31034,
              "state": "CANCELED",
              "target_marker_x": 30.04,
              "terminal_at": {
                "monotonic_s": 180901.207589,
                "wall_utc": "2026-08-26T11:08:12.701Z"
              }
            }
          },
          "lease_state": {
            "event": "lease_expired",
            "lease_ttl_ms": 1200,
            "lease_version": 131,
            "leases": [],
            "session_id": "R2_TTL_EXPIRY-T04-session-A"
          },
          "observed_at": {
            "monotonic_s": 180911.171517,
            "wall_utc": "2026-08-26T11:08:22.665Z"
          },
          "observed_offset_s": 10.00008,
          "scheduled_offset_s": 10.0
        }
      ],
      "cleanup": {
        "active_goal_ids_after_cleanup": [],
        "clean": true,
        "completed_at": {
          "monotonic_s": 180911.252049,
          "wall_utc": "2026-08-26T11:08:22.745Z"
        },
        "forced_goal_ids": [],
        "release_or_close_errors": [],
        "started_at": {
          "monotonic_s": 180911.171803,
          "wall_utc": "2026-08-26T11:08:22.665Z"
        },
        "terminal_wait_errors": []
      },
      "concurrency_events": [
        {
          "active_goal_count": 1,
          "active_goal_ids": [
            "1121d49196e902078fe844afea8cd696"
          ],
          "at": {
            "monotonic_s": 180897.862493,
            "wall_utc": "2026-08-26T11:08:09.356Z"
          },
          "reason": "goal_accepted"
        },
        {
          "active_goal_count": 1,
          "active_goal_ids": [
            "1121d49196e902078fe844afea8cd696"
          ],
          "at": {
            "monotonic_s": 180897.863096,
            "wall_utc": "2026-08-26T11:08:09.356Z"
          },
          "reason": "execute_started"
        },
        {
          "active_goal_count": 1,
          "active_goal_ids": [
            "1121d49196e902078fe844afea8cd696"
          ],
          "at": {
            "monotonic_s": 180901.171977,
            "wall_utc": "2026-08-26T11:08:12.665Z"
          },
          "reason": "cancel_callback"
        },
        {
          "active_goal_count": 0,
          "active_goal_ids": [],
          "at": {
            "monotonic_s": 180901.207648,
            "wall_utc": "2026-08-26T11:08:12.701Z"
          },
          "reason": "goal_terminal"
        }
      ],
      "distance_model": "constant 0.1 m/s; not physical motion",
      "duration_basis": "revocation_to_terminal",
      "duration_is_right_censored_lower_bound": false,
      "evidence_fields": {
        "active_goal_count_at_observation_end": 0,
        "b_goal_id": null,
        "b_goal_status_at_observation_end": "NOT_APPLICABLE",
        "cancel_goal_ids": [
          "1121d49196e902078fe844afea8cd696"
        ],
        "cancel_request_times": [
          {
            "monotonic_s": 180901.171956,
            "wall_utc": "2026-08-26T11:08:12.665Z"
          }
        ],
        "cleanup_clean": true,
        "expected": "A heartbeat stops and lease expiry is observed; measure accepted-goal lifecycle",
        "feedback_count_at_observation_end": 12,
        "first_feedback_time": {
          "monotonic_s": 180897.863255,
          "wall_utc": "2026-08-26T11:08:09.356Z"
        },
        "goal_accepted_time": {
          "monotonic_s": 180897.862457,
          "wall_utc": "2026-08-26T11:08:09.356Z"
        },
        "goal_id": "1121d49196e902078fe844afea8cd696",
        "goal_state_at_observation_end": "CANCELED",
        "goal_terminal_state": "CANCELED",
        "last_feedback_time_at_observation_end": {
          "monotonic_s": 180900.96679,
          "wall_utc": "2026-08-26T11:08:12.460Z"
        },
        "last_simulated_progress_m_at_observation_end": 0.31034,
        "lease_holder": "A",
        "max_simultaneous_active_goals": 1,
        "observed": "REVOCATION_CANCEL_IMMEDIATE",
        "post_revocation_duration_s": 0.036152,
        "revision": "eca75cbf559f09ff793d8993338b2f1ffed1adfd",
        "revocation_time": {
          "monotonic_s": 180901.171437,
          "wall_utc": "2026-08-26T11:08:12.665Z"
        },
        "simulated_additional_distance_m": 0.003615,
        "terminal_time": {
          "monotonic_s": 180901.207589,
          "wall_utc": "2026-08-26T11:08:12.701Z"
        },
        "test_id": "R2_TTL_EXPIRY",
        "trial_id": "R2_TTL_EXPIRY-T04",
        "verdict": "MEASURED"
      },
      "expected": "A heartbeat stops and lease expiry is observed; measure accepted-goal lifecycle",
      "first_cancel_callback_at": {
        "monotonic_s": 180901.171956,
        "wall_utc": "2026-08-26T11:08:12.665Z"
      },
      "goal_records_at_measurement_end": {
        "1121d49196e902078fe844afea8cd696": {
          "accepted_at": {
            "monotonic_s": 180897.862457,
            "wall_utc": "2026-08-26T11:08:09.356Z"
          },
          "active_duration_s": 3.344509,
          "cancel_callbacks": [
            {
              "callback_at": {
                "monotonic_s": 180901.171956,
                "wall_utc": "2026-08-26T11:08:12.665Z"
              },
              "cancel_goal_id": "1121d49196e902078fe844afea8cd696"
            }
          ],
          "execute_started_at": {
            "monotonic_s": 180897.86308,
            "wall_utc": "2026-08-26T11:08:09.356Z"
          },
          "feedback_count": 12,
          "feedback_errors": [],
          "first_feedback_at": {
            "monotonic_s": 180897.863255,
            "wall_utc": "2026-08-26T11:08:09.356Z"
          },
          "goal_id": "1121d49196e902078fe844afea8cd696",
          "last_feedback_at": {
            "monotonic_s": 180900.96679,
            "wall_utc": "2026-08-26T11:08:12.460Z"
          },
          "last_feedback_navigation_s": 3.1034,
          "last_feedback_simulated_progress_m": 0.31034,
          "simulated_distance_at_terminal_m": 0.334451,
          "state": "CANCELED",
          "state_history": [
            {
              "at": {
                "monotonic_s": 180897.862457,
                "wall_utc": "2026-08-26T11:08:09.356Z"
              },
              "state": "ACCEPTED"
            },
            {
              "at": {
                "monotonic_s": 180897.86308,
                "wall_utc": "2026-08-26T11:08:09.356Z"
              },
              "state": "EXECUTING"
            },
            {
              "at": {
                "monotonic_s": 180901.171956,
                "wall_utc": "2026-08-26T11:08:12.665Z"
              },
              "state": "CANCEL_REQUEST_ACCEPTED"
            },
            {
              "at": {
                "monotonic_s": 180901.207589,
                "wall_utc": "2026-08-26T11:08:12.701Z"
              },
              "reason": "action_server_observed_cancel_request",
              "state": "CANCELED"
            }
          ],
          "target_marker_x": 30.04,
          "terminal_at": {
            "monotonic_s": 180901.207589,
            "wall_utc": "2026-08-26T11:08:12.701Z"
          },
          "terminal_reason": "action_server_observed_cancel_request",
          "test_cleanup_requested_at": null
        }
      },
      "goal_records_final": {
        "1121d49196e902078fe844afea8cd696": {
          "accepted_at": {
            "monotonic_s": 180897.862457,
            "wall_utc": "2026-08-26T11:08:09.356Z"
          },
          "active_duration_s": 3.344509,
          "cancel_callbacks": [
            {
              "callback_at": {
                "monotonic_s": 180901.171956,
                "wall_utc": "2026-08-26T11:08:12.665Z"
              },
              "cancel_goal_id": "1121d49196e902078fe844afea8cd696"
            }
          ],
          "execute_started_at": {
            "monotonic_s": 180897.86308,
            "wall_utc": "2026-08-26T11:08:09.356Z"
          },
          "feedback_count": 12,
          "feedback_errors": [],
          "first_feedback_at": {
            "monotonic_s": 180897.863255,
            "wall_utc": "2026-08-26T11:08:09.356Z"
          },
          "goal_id": "1121d49196e902078fe844afea8cd696",
          "last_feedback_at": {
            "monotonic_s": 180900.96679,
            "wall_utc": "2026-08-26T11:08:12.460Z"
          },
          "last_feedback_navigation_s": 3.1034,
          "last_feedback_simulated_progress_m": 0.31034,
          "simulated_distance_at_terminal_m": 0.334451,
          "state": "CANCELED",
          "state_history": [
            {
              "at": {
                "monotonic_s": 180897.862457,
                "wall_utc": "2026-08-26T11:08:09.356Z"
              },
              "state": "ACCEPTED"
            },
            {
              "at": {
                "monotonic_s": 180897.86308,
                "wall_utc": "2026-08-26T11:08:09.356Z"
              },
              "state": "EXECUTING"
            },
            {
              "at": {
                "monotonic_s": 180901.171956,
                "wall_utc": "2026-08-26T11:08:12.665Z"
              },
              "state": "CANCEL_REQUEST_ACCEPTED"
            },
            {
              "at": {
                "monotonic_s": 180901.207589,
                "wall_utc": "2026-08-26T11:08:12.701Z"
              },
              "reason": "action_server_observed_cancel_request",
              "state": "CANCELED"
            }
          ],
          "target_marker_x": 30.04,
          "terminal_at": {
            "monotonic_s": 180901.207589,
            "wall_utc": "2026-08-26T11:08:12.701Z"
          },
          "terminal_reason": "action_server_observed_cancel_request",
          "test_cleanup_requested_at": null
        }
      },
      "goal_state_at_observation_end": "CANCELED",
      "heartbeat_counts": {
        "A": 8,
        "B": 0
      },
      "lease_holder": "A",
      "lease_state_after_revocation": [],
      "max_simultaneous_active_goals": 1,
      "measurement_completed_at": {
        "monotonic_s": 180911.171795,
        "wall_utc": "2026-08-26T11:08:22.665Z"
      },
      "observed": "REVOCATION_CANCEL_IMMEDIATE",
      "outcome_class": "REVOCATION_CANCEL_IMMEDIATE",
      "path": [
        "HorusLink client",
        "horus_unity_bridge",
        "ROS goal/cancel topic",
        "horus_backend Nav2ActionAdapter",
        "dummy NavigateToPose action server"
      ],
      "post_revocation_active_duration_s": 0.036152,
      "revision": "eca75cbf559f09ff793d8993338b2f1ffed1adfd",
      "revocation_event": {
        "payload": {
          "event": "lease_expired",
          "lease_ttl_ms": 1200,
          "lease_version": 131,
          "leases": [],
          "session_id": "R2_TTL_EXPIRY-T04-session-A"
        },
        "received_at": {
          "monotonic_s": 180901.171437,
          "wall_utc": "2026-08-26T11:08:12.665Z"
        }
      },
      "revocation_event_timestamp": {
        "monotonic_s": 180901.171437,
        "wall_utc": "2026-08-26T11:08:12.665Z"
      },
      "revocation_initiated_at": {
        "monotonic_s": 180899.862537,
        "wall_utc": "2026-08-26T11:08:11.356Z"
      },
      "runtime_label": "test-only-fix",
      "setup": {
        "catalog_event": {
          "payload": {
            "event": "snapshot",
            "lease_ttl_ms": 1200,
            "lease_version": 122,
            "leases": [],
            "session_id": "horus-long-action-probe"
          },
          "received_at": {
            "monotonic_s": 180897.754441,
            "wall_utc": "2026-08-26T11:08:09.248Z"
          }
        },
        "fresh_trial_state_verified": true,
        "goal_accepted_at": {
          "monotonic_s": 180897.862457,
          "wall_utc": "2026-08-26T11:08:09.356Z"
        },
        "goal_id": "1121d49196e902078fe844afea8cd696",
        "goal_marker_x": 30.04,
        "goal_publish_sent_at": {
          "monotonic_s": 180897.804303,
          "wall_utc": "2026-08-26T11:08:09.297Z"
        },
        "lease_acquire_event": {
          "payload": {
            "event": "lease_granted",
            "holder_app_id": "long-probe-A",
            "lease_ttl_ms": 1200,
            "lease_version": 123,
            "leases": [
              {
                "acquired_at_ms": 180897794,
                "holder_app_id": "long-probe-A",
                "holder_role": "operator",
                "last_heartbeat_ms": 180897794,
                "lease_version": 123,
                "panel_open": true,
                "robot_name": "robot1",
                "session_id": "R2_TTL_EXPIRY-T04-session-A",
                "task_active": true,
                "task_kind": "navigation",
                "teleop_active": true
              }
            ],
            "request_id": "R2_TTL_EXPIRY-T04-A-acquire",
            "robot_name": "robot1",
            "session_id": "R2_TTL_EXPIRY-T04-session-A"
          },
          "received_at": {
            "monotonic_s": 180897.794684,
            "wall_utc": "2026-08-26T11:08:09.288Z"
          }
        },
        "lease_holder": "A",
        "lease_state_after_acquire": [
          {
            "acquired_at_ms": 180897794,
            "holder_app_id": "long-probe-A",
            "holder_role": "operator",
            "last_heartbeat_ms": 180897794,
            "lease_version": 123,
            "panel_open": true,
            "robot_name": "robot1",
            "session_id": "R2_TTL_EXPIRY-T04-session-A",
            "task_active": true,
            "task_kind": "navigation",
            "teleop_active": true
          }
        ]
      },
      "simulated_additional_distance_m": 0.003615,
      "started_at": {
        "monotonic_s": 180897.75224,
        "wall_utc": "2026-08-26T11:08:09.245Z"
      },
      "test_id": "R2_TTL_EXPIRY",
      "trial_complete": true,
      "trial_id": "R2_TTL_EXPIRY-T04",
      "trial_number": 4,
      "verdict": "MEASURED"
    },
    {
      "cancel_callback_latency_from_lease_state_observation_s": 0.00077,
      "cancel_callback_latency_from_revocation_initiation_s": 1.363403,
      "cancel_goal_ids": [
        "cbc1a2b47f6d4ff1d13248a08819f0cf"
      ],
      "cancel_request_count": 1,
      "cancel_request_count_at_measurement_end": 1,
      "checkpoints": [
        {
          "active_goal_count": 0,
          "active_goal_ids": [],
          "goals": {
            "cbc1a2b47f6d4ff1d13248a08819f0cf": {
              "cancel_request_count": 1,
              "feedback_count": 12,
              "goal_id": "cbc1a2b47f6d4ff1d13248a08819f0cf",
              "last_feedback_navigation_s": 3.113646,
              "last_feedback_simulated_progress_m": 0.311365,
              "state": "CANCELED",
              "target_marker_x": 30.05,
              "terminal_at": {
                "monotonic_s": 180914.704265,
                "wall_utc": "2026-08-26T11:08:26.197Z"
              }
            }
          },
          "lease_state": {
            "event": "lease_expired",
            "lease_ttl_ms": 1200,
            "lease_version": 140,
            "leases": [],
            "session_id": "R2_TTL_EXPIRY-T05-session-A"
          },
          "observed_at": {
            "monotonic_s": 180915.171728,
            "wall_utc": "2026-08-26T11:08:26.665Z"
          },
          "observed_offset_s": 0.500085,
          "scheduled_offset_s": 0.5
        },
        {
          "active_goal_count": 0,
          "active_goal_ids": [],
          "goals": {
            "cbc1a2b47f6d4ff1d13248a08819f0cf": {
              "cancel_request_count": 1,
              "feedback_count": 12,
              "goal_id": "cbc1a2b47f6d4ff1d13248a08819f0cf",
              "last_feedback_navigation_s": 3.113646,
              "last_feedback_simulated_progress_m": 0.311365,
              "state": "CANCELED",
              "target_marker_x": 30.05,
              "terminal_at": {
                "monotonic_s": 180914.704265,
                "wall_utc": "2026-08-26T11:08:26.197Z"
              }
            }
          },
          "lease_state": {
            "event": "lease_expired",
            "lease_ttl_ms": 1200,
            "lease_version": 140,
            "leases": [],
            "session_id": "R2_TTL_EXPIRY-T05-session-A"
          },
          "observed_at": {
            "monotonic_s": 180915.671717,
            "wall_utc": "2026-08-26T11:08:27.165Z"
          },
          "observed_offset_s": 1.000074,
          "scheduled_offset_s": 1.0
        },
        {
          "active_goal_count": 0,
          "active_goal_ids": [],
          "goals": {
            "cbc1a2b47f6d4ff1d13248a08819f0cf": {
              "cancel_request_count": 1,
              "feedback_count": 12,
              "goal_id": "cbc1a2b47f6d4ff1d13248a08819f0cf",
              "last_feedback_navigation_s": 3.113646,
              "last_feedback_simulated_progress_m": 0.311365,
              "state": "CANCELED",
              "target_marker_x": 30.05,
              "terminal_at": {
                "monotonic_s": 180914.704265,
                "wall_utc": "2026-08-26T11:08:26.197Z"
              }
            }
          },
          "lease_state": {
            "event": "lease_expired",
            "lease_ttl_ms": 1200,
            "lease_version": 140,
            "leases": [],
            "session_id": "R2_TTL_EXPIRY-T05-session-A"
          },
          "observed_at": {
            "monotonic_s": 180917.671726,
            "wall_utc": "2026-08-26T11:08:29.165Z"
          },
          "observed_offset_s": 3.000083,
          "scheduled_offset_s": 3.0
        },
        {
          "active_goal_count": 0,
          "active_goal_ids": [],
          "goals": {
            "cbc1a2b47f6d4ff1d13248a08819f0cf": {
              "cancel_request_count": 1,
              "feedback_count": 12,
              "goal_id": "cbc1a2b47f6d4ff1d13248a08819f0cf",
              "last_feedback_navigation_s": 3.113646,
              "last_feedback_simulated_progress_m": 0.311365,
              "state": "CANCELED",
              "target_marker_x": 30.05,
              "terminal_at": {
                "monotonic_s": 180914.704265,
                "wall_utc": "2026-08-26T11:08:26.197Z"
              }
            }
          },
          "lease_state": {
            "event": "lease_expired",
            "lease_ttl_ms": 1200,
            "lease_version": 140,
            "leases": [],
            "session_id": "R2_TTL_EXPIRY-T05-session-A"
          },
          "observed_at": {
            "monotonic_s": 180919.671716,
            "wall_utc": "2026-08-26T11:08:31.165Z"
          },
          "observed_offset_s": 5.000073,
          "scheduled_offset_s": 5.0
        },
        {
          "active_goal_count": 0,
          "active_goal_ids": [],
          "goals": {
            "cbc1a2b47f6d4ff1d13248a08819f0cf": {
              "cancel_request_count": 1,
              "feedback_count": 12,
              "goal_id": "cbc1a2b47f6d4ff1d13248a08819f0cf",
              "last_feedback_navigation_s": 3.113646,
              "last_feedback_simulated_progress_m": 0.311365,
              "state": "CANCELED",
              "target_marker_x": 30.05,
              "terminal_at": {
                "monotonic_s": 180914.704265,
                "wall_utc": "2026-08-26T11:08:26.197Z"
              }
            }
          },
          "lease_state": {
            "event": "lease_expired",
            "lease_ttl_ms": 1200,
            "lease_version": 140,
            "leases": [],
            "session_id": "R2_TTL_EXPIRY-T05-session-A"
          },
          "observed_at": {
            "monotonic_s": 180924.671711,
            "wall_utc": "2026-08-26T11:08:36.165Z"
          },
          "observed_offset_s": 10.000068,
          "scheduled_offset_s": 10.0
        }
      ],
      "cleanup": {
        "active_goal_ids_after_cleanup": [],
        "clean": true,
        "completed_at": {
          "monotonic_s": 180924.752133,
          "wall_utc": "2026-08-26T11:08:36.245Z"
        },
        "forced_goal_ids": [],
        "release_or_close_errors": [],
        "started_at": {
          "monotonic_s": 180924.671891,
          "wall_utc": "2026-08-26T11:08:36.165Z"
        },
        "terminal_wait_errors": []
      },
      "concurrency_events": [
        {
          "active_goal_count": 1,
          "active_goal_ids": [
            "cbc1a2b47f6d4ff1d13248a08819f0cf"
          ],
          "at": {
            "monotonic_s": 180911.308947,
            "wall_utc": "2026-08-26T11:08:22.802Z"
          },
          "reason": "goal_accepted"
        },
        {
          "active_goal_count": 1,
          "active_goal_ids": [
            "cbc1a2b47f6d4ff1d13248a08819f0cf"
          ],
          "at": {
            "monotonic_s": 180911.309228,
            "wall_utc": "2026-08-26T11:08:22.802Z"
          },
          "reason": "execute_started"
        },
        {
          "active_goal_count": 1,
          "active_goal_ids": [
            "cbc1a2b47f6d4ff1d13248a08819f0cf"
          ],
          "at": {
            "monotonic_s": 180914.672448,
            "wall_utc": "2026-08-26T11:08:26.166Z"
          },
          "reason": "cancel_callback"
        },
        {
          "active_goal_count": 0,
          "active_goal_ids": [],
          "at": {
            "monotonic_s": 180914.704317,
            "wall_utc": "2026-08-26T11:08:26.197Z"
          },
          "reason": "goal_terminal"
        }
      ],
      "distance_model": "constant 0.1 m/s; not physical motion",
      "duration_basis": "revocation_to_terminal",
      "duration_is_right_censored_lower_bound": false,
      "evidence_fields": {
        "active_goal_count_at_observation_end": 0,
        "b_goal_id": null,
        "b_goal_status_at_observation_end": "NOT_APPLICABLE",
        "cancel_goal_ids": [
          "cbc1a2b47f6d4ff1d13248a08819f0cf"
        ],
        "cancel_request_times": [
          {
            "monotonic_s": 180914.672413,
            "wall_utc": "2026-08-26T11:08:26.166Z"
          }
        ],
        "cleanup_clean": true,
        "expected": "A heartbeat stops and lease expiry is observed; measure accepted-goal lifecycle",
        "feedback_count_at_observation_end": 12,
        "first_feedback_time": {
          "monotonic_s": 180911.309351,
          "wall_utc": "2026-08-26T11:08:22.803Z"
        },
        "goal_accepted_time": {
          "monotonic_s": 180911.30892,
          "wall_utc": "2026-08-26T11:08:22.802Z"
        },
        "goal_id": "cbc1a2b47f6d4ff1d13248a08819f0cf",
        "goal_state_at_observation_end": "CANCELED",
        "goal_terminal_state": "CANCELED",
        "last_feedback_time_at_observation_end": {
          "monotonic_s": 180914.423189,
          "wall_utc": "2026-08-26T11:08:25.916Z"
        },
        "last_simulated_progress_m_at_observation_end": 0.311365,
        "lease_holder": "A",
        "max_simultaneous_active_goals": 1,
        "observed": "REVOCATION_CANCEL_IMMEDIATE",
        "post_revocation_duration_s": 0.032622,
        "revision": "eca75cbf559f09ff793d8993338b2f1ffed1adfd",
        "revocation_time": {
          "monotonic_s": 180914.671643,
          "wall_utc": "2026-08-26T11:08:26.165Z"
        },
        "simulated_additional_distance_m": 0.003262,
        "terminal_time": {
          "monotonic_s": 180914.704265,
          "wall_utc": "2026-08-26T11:08:26.197Z"
        },
        "test_id": "R2_TTL_EXPIRY",
        "trial_id": "R2_TTL_EXPIRY-T05",
        "verdict": "MEASURED"
      },
      "expected": "A heartbeat stops and lease expiry is observed; measure accepted-goal lifecycle",
      "first_cancel_callback_at": {
        "monotonic_s": 180914.672413,
        "wall_utc": "2026-08-26T11:08:26.166Z"
      },
      "goal_records_at_measurement_end": {
        "cbc1a2b47f6d4ff1d13248a08819f0cf": {
          "accepted_at": {
            "monotonic_s": 180911.30892,
            "wall_utc": "2026-08-26T11:08:22.802Z"
          },
          "active_duration_s": 3.395051,
          "cancel_callbacks": [
            {
              "callback_at": {
                "monotonic_s": 180914.672413,
                "wall_utc": "2026-08-26T11:08:26.166Z"
              },
              "cancel_goal_id": "cbc1a2b47f6d4ff1d13248a08819f0cf"
            }
          ],
          "execute_started_at": {
            "monotonic_s": 180911.309214,
            "wall_utc": "2026-08-26T11:08:22.802Z"
          },
          "feedback_count": 12,
          "feedback_errors": [],
          "first_feedback_at": {
            "monotonic_s": 180911.309351,
            "wall_utc": "2026-08-26T11:08:22.803Z"
          },
          "goal_id": "cbc1a2b47f6d4ff1d13248a08819f0cf",
          "last_feedback_at": {
            "monotonic_s": 180914.423189,
            "wall_utc": "2026-08-26T11:08:25.916Z"
          },
          "last_feedback_navigation_s": 3.113646,
          "last_feedback_simulated_progress_m": 0.311365,
          "simulated_distance_at_terminal_m": 0.339505,
          "state": "CANCELED",
          "state_history": [
            {
              "at": {
                "monotonic_s": 180911.30892,
                "wall_utc": "2026-08-26T11:08:22.802Z"
              },
              "state": "ACCEPTED"
            },
            {
              "at": {
                "monotonic_s": 180911.309214,
                "wall_utc": "2026-08-26T11:08:22.802Z"
              },
              "state": "EXECUTING"
            },
            {
              "at": {
                "monotonic_s": 180914.672413,
                "wall_utc": "2026-08-26T11:08:26.166Z"
              },
              "state": "CANCEL_REQUEST_ACCEPTED"
            },
            {
              "at": {
                "monotonic_s": 180914.704265,
                "wall_utc": "2026-08-26T11:08:26.197Z"
              },
              "reason": "action_server_observed_cancel_request",
              "state": "CANCELED"
            }
          ],
          "target_marker_x": 30.05,
          "terminal_at": {
            "monotonic_s": 180914.704265,
            "wall_utc": "2026-08-26T11:08:26.197Z"
          },
          "terminal_reason": "action_server_observed_cancel_request",
          "test_cleanup_requested_at": null
        }
      },
      "goal_records_final": {
        "cbc1a2b47f6d4ff1d13248a08819f0cf": {
          "accepted_at": {
            "monotonic_s": 180911.30892,
            "wall_utc": "2026-08-26T11:08:22.802Z"
          },
          "active_duration_s": 3.395051,
          "cancel_callbacks": [
            {
              "callback_at": {
                "monotonic_s": 180914.672413,
                "wall_utc": "2026-08-26T11:08:26.166Z"
              },
              "cancel_goal_id": "cbc1a2b47f6d4ff1d13248a08819f0cf"
            }
          ],
          "execute_started_at": {
            "monotonic_s": 180911.309214,
            "wall_utc": "2026-08-26T11:08:22.802Z"
          },
          "feedback_count": 12,
          "feedback_errors": [],
          "first_feedback_at": {
            "monotonic_s": 180911.309351,
            "wall_utc": "2026-08-26T11:08:22.803Z"
          },
          "goal_id": "cbc1a2b47f6d4ff1d13248a08819f0cf",
          "last_feedback_at": {
            "monotonic_s": 180914.423189,
            "wall_utc": "2026-08-26T11:08:25.916Z"
          },
          "last_feedback_navigation_s": 3.113646,
          "last_feedback_simulated_progress_m": 0.311365,
          "simulated_distance_at_terminal_m": 0.339505,
          "state": "CANCELED",
          "state_history": [
            {
              "at": {
                "monotonic_s": 180911.30892,
                "wall_utc": "2026-08-26T11:08:22.802Z"
              },
              "state": "ACCEPTED"
            },
            {
              "at": {
                "monotonic_s": 180911.309214,
                "wall_utc": "2026-08-26T11:08:22.802Z"
              },
              "state": "EXECUTING"
            },
            {
              "at": {
                "monotonic_s": 180914.672413,
                "wall_utc": "2026-08-26T11:08:26.166Z"
              },
              "state": "CANCEL_REQUEST_ACCEPTED"
            },
            {
              "at": {
                "monotonic_s": 180914.704265,
                "wall_utc": "2026-08-26T11:08:26.197Z"
              },
              "reason": "action_server_observed_cancel_request",
              "state": "CANCELED"
            }
          ],
          "target_marker_x": 30.05,
          "terminal_at": {
            "monotonic_s": 180914.704265,
            "wall_utc": "2026-08-26T11:08:26.197Z"
          },
          "terminal_reason": "action_server_observed_cancel_request",
          "test_cleanup_requested_at": null
        }
      },
      "goal_state_at_observation_end": "CANCELED",
      "heartbeat_counts": {
        "A": 8,
        "B": 0
      },
      "lease_holder": "A",
      "lease_state_after_revocation": [],
      "max_simultaneous_active_goals": 1,
      "measurement_completed_at": {
        "monotonic_s": 180924.671887,
        "wall_utc": "2026-08-26T11:08:36.165Z"
      },
      "observed": "REVOCATION_CANCEL_IMMEDIATE",
      "outcome_class": "REVOCATION_CANCEL_IMMEDIATE",
      "path": [
        "HorusLink client",
        "horus_unity_bridge",
        "ROS goal/cancel topic",
        "horus_backend Nav2ActionAdapter",
        "dummy NavigateToPose action server"
      ],
      "post_revocation_active_duration_s": 0.032622,
      "revision": "eca75cbf559f09ff793d8993338b2f1ffed1adfd",
      "revocation_event": {
        "payload": {
          "event": "lease_expired",
          "lease_ttl_ms": 1200,
          "lease_version": 140,
          "leases": [],
          "session_id": "R2_TTL_EXPIRY-T05-session-A"
        },
        "received_at": {
          "monotonic_s": 180914.671643,
          "wall_utc": "2026-08-26T11:08:26.165Z"
        }
      },
      "revocation_event_timestamp": {
        "monotonic_s": 180914.671643,
        "wall_utc": "2026-08-26T11:08:26.165Z"
      },
      "revocation_initiated_at": {
        "monotonic_s": 180913.30901,
        "wall_utc": "2026-08-26T11:08:24.802Z"
      },
      "runtime_label": "test-only-fix",
      "setup": {
        "catalog_event": {
          "payload": {
            "event": "snapshot",
            "lease_ttl_ms": 1200,
            "lease_version": 131,
            "leases": [],
            "session_id": "horus-long-action-probe"
          },
          "received_at": {
            "monotonic_s": 180911.254651,
            "wall_utc": "2026-08-26T11:08:22.748Z"
          }
        },
        "fresh_trial_state_verified": true,
        "goal_accepted_at": {
          "monotonic_s": 180911.30892,
          "wall_utc": "2026-08-26T11:08:22.802Z"
        },
        "goal_id": "cbc1a2b47f6d4ff1d13248a08819f0cf",
        "goal_marker_x": 30.05,
        "goal_publish_sent_at": {
          "monotonic_s": 180911.307429,
          "wall_utc": "2026-08-26T11:08:22.801Z"
        },
        "lease_acquire_event": {
          "payload": {
            "event": "lease_granted",
            "holder_app_id": "long-probe-A",
            "lease_ttl_ms": 1200,
            "lease_version": 132,
            "leases": [
              {
                "acquired_at_ms": 180911295,
                "holder_app_id": "long-probe-A",
                "holder_role": "operator",
                "last_heartbeat_ms": 180911295,
                "lease_version": 132,
                "panel_open": true,
                "robot_name": "robot1",
                "session_id": "R2_TTL_EXPIRY-T05-session-A",
                "task_active": true,
                "task_kind": "navigation",
                "teleop_active": true
              }
            ],
            "request_id": "R2_TTL_EXPIRY-T05-A-acquire",
            "robot_name": "robot1",
            "session_id": "R2_TTL_EXPIRY-T05-session-A"
          },
          "received_at": {
            "monotonic_s": 180911.303201,
            "wall_utc": "2026-08-26T11:08:22.796Z"
          }
        },
        "lease_holder": "A",
        "lease_state_after_acquire": [
          {
            "acquired_at_ms": 180911295,
            "holder_app_id": "long-probe-A",
            "holder_role": "operator",
            "last_heartbeat_ms": 180911295,
            "lease_version": 132,
            "panel_open": true,
            "robot_name": "robot1",
            "session_id": "R2_TTL_EXPIRY-T05-session-A",
            "task_active": true,
            "task_kind": "navigation",
            "teleop_active": true
          }
        ]
      },
      "simulated_additional_distance_m": 0.003262,
      "started_at": {
        "monotonic_s": 180911.25214,
        "wall_utc": "2026-08-26T11:08:22.745Z"
      },
      "test_id": "R2_TTL_EXPIRY",
      "trial_complete": true,
      "trial_id": "R2_TTL_EXPIRY-T05",
      "trial_number": 5,
      "verdict": "MEASURED"
    },
    {
      "cancel_callback_latency_from_lease_state_observation_s": 0.000566,
      "cancel_callback_latency_from_revocation_initiation_s": 0.00131,
      "cancel_goal_ids": [
        "9ce1df88d0dd03fb72322861eed9289a"
      ],
      "cancel_request_count": 1,
      "cancel_request_count_at_measurement_end": 1,
      "checkpoints": [
        {
          "active_goal_count": 0,
          "active_goal_ids": [],
          "goals": {
            "9ce1df88d0dd03fb72322861eed9289a": {
              "cancel_request_count": 1,
              "feedback_count": 8,
              "goal_id": "9ce1df88d0dd03fb72322861eed9289a",
              "last_feedback_navigation_s": 1.969857,
              "last_feedback_simulated_progress_m": 0.196986,
              "state": "CANCELED",
              "target_marker_x": 40.01,
              "terminal_at": {
                "monotonic_s": 180926.820202,
                "wall_utc": "2026-08-26T11:08:38.313Z"
              }
            }
          },
          "lease_state": {
            "event": "client_disconnected_release",
            "lease_ttl_ms": 1200,
            "lease_version": 149,
            "leases": [],
            "session_id": "R3_DISCONNECT-T01-session-A"
          },
          "observed_at": {
            "monotonic_s": 180927.310029,
            "wall_utc": "2026-08-26T11:08:38.803Z"
          },
          "observed_offset_s": 0.500059,
          "scheduled_offset_s": 0.5
        },
        {
          "active_goal_count": 0,
          "active_goal_ids": [],
          "goals": {
            "9ce1df88d0dd03fb72322861eed9289a": {
              "cancel_request_count": 1,
              "feedback_count": 8,
              "goal_id": "9ce1df88d0dd03fb72322861eed9289a",
              "last_feedback_navigation_s": 1.969857,
              "last_feedback_simulated_progress_m": 0.196986,
              "state": "CANCELED",
              "target_marker_x": 40.01,
              "terminal_at": {
                "monotonic_s": 180926.820202,
                "wall_utc": "2026-08-26T11:08:38.313Z"
              }
            }
          },
          "lease_state": {
            "event": "client_disconnected_release",
            "lease_ttl_ms": 1200,
            "lease_version": 149,
            "leases": [],
            "session_id": "R3_DISCONNECT-T01-session-A"
          },
          "observed_at": {
            "monotonic_s": 180927.810012,
            "wall_utc": "2026-08-26T11:08:39.303Z"
          },
          "observed_offset_s": 1.000042,
          "scheduled_offset_s": 1.0
        },
        {
          "active_goal_count": 0,
          "active_goal_ids": [],
          "goals": {
            "9ce1df88d0dd03fb72322861eed9289a": {
              "cancel_request_count": 1,
              "feedback_count": 8,
              "goal_id": "9ce1df88d0dd03fb72322861eed9289a",
              "last_feedback_navigation_s": 1.969857,
              "last_feedback_simulated_progress_m": 0.196986,
              "state": "CANCELED",
              "target_marker_x": 40.01,
              "terminal_at": {
                "monotonic_s": 180926.820202,
                "wall_utc": "2026-08-26T11:08:38.313Z"
              }
            }
          },
          "lease_state": {
            "event": "client_disconnected_release",
            "lease_ttl_ms": 1200,
            "lease_version": 149,
            "leases": [],
            "session_id": "R3_DISCONNECT-T01-session-A"
          },
          "observed_at": {
            "monotonic_s": 180929.810026,
            "wall_utc": "2026-08-26T11:08:41.303Z"
          },
          "observed_offset_s": 3.000056,
          "scheduled_offset_s": 3.0
        },
        {
          "active_goal_count": 0,
          "active_goal_ids": [],
          "goals": {
            "9ce1df88d0dd03fb72322861eed9289a": {
              "cancel_request_count": 1,
              "feedback_count": 8,
              "goal_id": "9ce1df88d0dd03fb72322861eed9289a",
              "last_feedback_navigation_s": 1.969857,
              "last_feedback_simulated_progress_m": 0.196986,
              "state": "CANCELED",
              "target_marker_x": 40.01,
              "terminal_at": {
                "monotonic_s": 180926.820202,
                "wall_utc": "2026-08-26T11:08:38.313Z"
              }
            }
          },
          "lease_state": {
            "event": "client_disconnected_release",
            "lease_ttl_ms": 1200,
            "lease_version": 149,
            "leases": [],
            "session_id": "R3_DISCONNECT-T01-session-A"
          },
          "observed_at": {
            "monotonic_s": 180931.810573,
            "wall_utc": "2026-08-26T11:08:43.304Z"
          },
          "observed_offset_s": 5.000603,
          "scheduled_offset_s": 5.0
        },
        {
          "active_goal_count": 0,
          "active_goal_ids": [],
          "goals": {
            "9ce1df88d0dd03fb72322861eed9289a": {
              "cancel_request_count": 1,
              "feedback_count": 8,
              "goal_id": "9ce1df88d0dd03fb72322861eed9289a",
              "last_feedback_navigation_s": 1.969857,
              "last_feedback_simulated_progress_m": 0.196986,
              "state": "CANCELED",
              "target_marker_x": 40.01,
              "terminal_at": {
                "monotonic_s": 180926.820202,
                "wall_utc": "2026-08-26T11:08:38.313Z"
              }
            }
          },
          "lease_state": {
            "event": "client_disconnected_release",
            "lease_ttl_ms": 1200,
            "lease_version": 149,
            "leases": [],
            "session_id": "R3_DISCONNECT-T01-session-A"
          },
          "observed_at": {
            "monotonic_s": 180936.810005,
            "wall_utc": "2026-08-26T11:08:48.303Z"
          },
          "observed_offset_s": 10.000035,
          "scheduled_offset_s": 10.0
        }
      ],
      "cleanup": {
        "active_goal_ids_after_cleanup": [],
        "clean": true,
        "completed_at": {
          "monotonic_s": 180936.890506,
          "wall_utc": "2026-08-26T11:08:48.384Z"
        },
        "forced_goal_ids": [],
        "release_or_close_errors": [],
        "started_at": {
          "monotonic_s": 180936.810205,
          "wall_utc": "2026-08-26T11:08:48.303Z"
        },
        "terminal_wait_errors": []
      },
      "concurrency_events": [
        {
          "active_goal_count": 1,
          "active_goal_ids": [
            "9ce1df88d0dd03fb72322861eed9289a"
          ],
          "at": {
            "monotonic_s": 180924.809161,
            "wall_utc": "2026-08-26T11:08:36.302Z"
          },
          "reason": "goal_accepted"
        },
        {
          "active_goal_count": 1,
          "active_goal_ids": [
            "9ce1df88d0dd03fb72322861eed9289a"
          ],
          "at": {
            "monotonic_s": 180924.8096,
            "wall_utc": "2026-08-26T11:08:36.303Z"
          },
          "reason": "execute_started"
        },
        {
          "active_goal_count": 1,
          "active_goal_ids": [
            "9ce1df88d0dd03fb72322861eed9289a"
          ],
          "at": {
            "monotonic_s": 180926.810563,
            "wall_utc": "2026-08-26T11:08:38.304Z"
          },
          "reason": "cancel_callback"
        },
        {
          "active_goal_count": 0,
          "active_goal_ids": [],
          "at": {
            "monotonic_s": 180926.820279,
            "wall_utc": "2026-08-26T11:08:38.313Z"
          },
          "reason": "goal_terminal"
        }
      ],
      "distance_model": "constant 0.1 m/s; not physical motion",
      "duration_basis": "revocation_to_terminal",
      "duration_is_right_censored_lower_bound": false,
      "evidence_fields": {
        "active_goal_count_at_observation_end": 0,
        "b_goal_id": null,
        "b_goal_status_at_observation_end": "NOT_APPLICABLE",
        "cancel_goal_ids": [
          "9ce1df88d0dd03fb72322861eed9289a"
        ],
        "cancel_request_times": [
          {
            "monotonic_s": 180926.810536,
            "wall_utc": "2026-08-26T11:08:38.304Z"
          }
        ],
        "cleanup_clean": true,
        "expected": "A HorusLink connection closes and lease cleanup is observed; measure accepted-goal lifecycle",
        "feedback_count_at_observation_end": 8,
        "first_feedback_time": {
          "monotonic_s": 180924.810078,
          "wall_utc": "2026-08-26T11:08:36.303Z"
        },
        "goal_accepted_time": {
          "monotonic_s": 180924.809133,
          "wall_utc": "2026-08-26T11:08:36.302Z"
        },
        "goal_id": "9ce1df88d0dd03fb72322861eed9289a",
        "goal_state_at_observation_end": "CANCELED",
        "goal_terminal_state": "CANCELED",
        "last_feedback_time_at_observation_end": {
          "monotonic_s": 180926.779885,
          "wall_utc": "2026-08-26T11:08:38.273Z"
        },
        "last_simulated_progress_m_at_observation_end": 0.196986,
        "lease_holder": "A",
        "max_simultaneous_active_goals": 1,
        "observed": "REVOCATION_CANCEL_IMMEDIATE",
        "post_revocation_duration_s": 0.010232,
        "revision": "eca75cbf559f09ff793d8993338b2f1ffed1adfd",
        "revocation_time": {
          "monotonic_s": 180926.80997,
          "wall_utc": "2026-08-26T11:08:38.303Z"
        },
        "simulated_additional_distance_m": 0.001023,
        "terminal_time": {
          "monotonic_s": 180926.820202,
          "wall_utc": "2026-08-26T11:08:38.313Z"
        },
        "test_id": "R3_DISCONNECT",
        "trial_id": "R3_DISCONNECT-T01",
        "verdict": "MEASURED"
      },
      "expected": "A HorusLink connection closes and lease cleanup is observed; measure accepted-goal lifecycle",
      "first_cancel_callback_at": {
        "monotonic_s": 180926.810536,
        "wall_utc": "2026-08-26T11:08:38.304Z"
      },
      "goal_records_at_measurement_end": {
        "9ce1df88d0dd03fb72322861eed9289a": {
          "accepted_at": {
            "monotonic_s": 180924.809133,
            "wall_utc": "2026-08-26T11:08:36.302Z"
          },
          "active_duration_s": 2.010636,
          "cancel_callbacks": [
            {
              "callback_at": {
                "monotonic_s": 180926.810536,
                "wall_utc": "2026-08-26T11:08:38.304Z"
              },
              "cancel_goal_id": "9ce1df88d0dd03fb72322861eed9289a"
            }
          ],
          "execute_started_at": {
            "monotonic_s": 180924.809566,
            "wall_utc": "2026-08-26T11:08:36.303Z"
          },
          "feedback_count": 8,
          "feedback_errors": [],
          "first_feedback_at": {
            "monotonic_s": 180924.810078,
            "wall_utc": "2026-08-26T11:08:36.303Z"
          },
          "goal_id": "9ce1df88d0dd03fb72322861eed9289a",
          "last_feedback_at": {
            "monotonic_s": 180926.779885,
            "wall_utc": "2026-08-26T11:08:38.273Z"
          },
          "last_feedback_navigation_s": 1.969857,
          "last_feedback_simulated_progress_m": 0.196986,
          "simulated_distance_at_terminal_m": 0.201064,
          "state": "CANCELED",
          "state_history": [
            {
              "at": {
                "monotonic_s": 180924.809133,
                "wall_utc": "2026-08-26T11:08:36.302Z"
              },
              "state": "ACCEPTED"
            },
            {
              "at": {
                "monotonic_s": 180924.809566,
                "wall_utc": "2026-08-26T11:08:36.303Z"
              },
              "state": "EXECUTING"
            },
            {
              "at": {
                "monotonic_s": 180926.810536,
                "wall_utc": "2026-08-26T11:08:38.304Z"
              },
              "state": "CANCEL_REQUEST_ACCEPTED"
            },
            {
              "at": {
                "monotonic_s": 180926.820202,
                "wall_utc": "2026-08-26T11:08:38.313Z"
              },
              "reason": "action_server_observed_cancel_request",
              "state": "CANCELED"
            }
          ],
          "target_marker_x": 40.01,
          "terminal_at": {
            "monotonic_s": 180926.820202,
            "wall_utc": "2026-08-26T11:08:38.313Z"
          },
          "terminal_reason": "action_server_observed_cancel_request",
          "test_cleanup_requested_at": null
        }
      },
      "goal_records_final": {
        "9ce1df88d0dd03fb72322861eed9289a": {
          "accepted_at": {
            "monotonic_s": 180924.809133,
            "wall_utc": "2026-08-26T11:08:36.302Z"
          },
          "active_duration_s": 2.010636,
          "cancel_callbacks": [
            {
              "callback_at": {
                "monotonic_s": 180926.810536,
                "wall_utc": "2026-08-26T11:08:38.304Z"
              },
              "cancel_goal_id": "9ce1df88d0dd03fb72322861eed9289a"
            }
          ],
          "execute_started_at": {
            "monotonic_s": 180924.809566,
            "wall_utc": "2026-08-26T11:08:36.303Z"
          },
          "feedback_count": 8,
          "feedback_errors": [],
          "first_feedback_at": {
            "monotonic_s": 180924.810078,
            "wall_utc": "2026-08-26T11:08:36.303Z"
          },
          "goal_id": "9ce1df88d0dd03fb72322861eed9289a",
          "last_feedback_at": {
            "monotonic_s": 180926.779885,
            "wall_utc": "2026-08-26T11:08:38.273Z"
          },
          "last_feedback_navigation_s": 1.969857,
          "last_feedback_simulated_progress_m": 0.196986,
          "simulated_distance_at_terminal_m": 0.201064,
          "state": "CANCELED",
          "state_history": [
            {
              "at": {
                "monotonic_s": 180924.809133,
                "wall_utc": "2026-08-26T11:08:36.302Z"
              },
              "state": "ACCEPTED"
            },
            {
              "at": {
                "monotonic_s": 180924.809566,
                "wall_utc": "2026-08-26T11:08:36.303Z"
              },
              "state": "EXECUTING"
            },
            {
              "at": {
                "monotonic_s": 180926.810536,
                "wall_utc": "2026-08-26T11:08:38.304Z"
              },
              "state": "CANCEL_REQUEST_ACCEPTED"
            },
            {
              "at": {
                "monotonic_s": 180926.820202,
                "wall_utc": "2026-08-26T11:08:38.313Z"
              },
              "reason": "action_server_observed_cancel_request",
              "state": "CANCELED"
            }
          ],
          "target_marker_x": 40.01,
          "terminal_at": {
            "monotonic_s": 180926.820202,
            "wall_utc": "2026-08-26T11:08:38.313Z"
          },
          "terminal_reason": "action_server_observed_cancel_request",
          "test_cleanup_requested_at": null
        }
      },
      "goal_state_at_observation_end": "CANCELED",
      "heartbeat_counts": {
        "A": 8,
        "B": 0
      },
      "lease_holder": "A",
      "lease_state_after_revocation": [],
      "max_simultaneous_active_goals": 1,
      "measurement_completed_at": {
        "monotonic_s": 180936.810199,
        "wall_utc": "2026-08-26T11:08:48.303Z"
      },
      "observed": "REVOCATION_CANCEL_IMMEDIATE",
      "outcome_class": "REVOCATION_CANCEL_IMMEDIATE",
      "path": [
        "HorusLink client",
        "horus_unity_bridge",
        "ROS goal/cancel topic",
        "horus_backend Nav2ActionAdapter",
        "dummy NavigateToPose action server"
      ],
      "post_revocation_active_duration_s": 0.010232,
      "revision": "eca75cbf559f09ff793d8993338b2f1ffed1adfd",
      "revocation_event": {
        "payload": {
          "event": "client_disconnected_release",
          "lease_ttl_ms": 1200,
          "lease_version": 149,
          "leases": [],
          "session_id": "R3_DISCONNECT-T01-session-A"
        },
        "received_at": {
          "monotonic_s": 180926.80997,
          "wall_utc": "2026-08-26T11:08:38.303Z"
        }
      },
      "revocation_event_timestamp": {
        "monotonic_s": 180926.80997,
        "wall_utc": "2026-08-26T11:08:38.303Z"
      },
      "revocation_initiated_at": {
        "monotonic_s": 180926.809226,
        "wall_utc": "2026-08-26T11:08:38.302Z"
      },
      "runtime_label": "test-only-fix",
      "setup": {
        "catalog_event": {
          "payload": {
            "event": "snapshot",
            "lease_ttl_ms": 1200,
            "lease_version": 140,
            "leases": [],
            "session_id": "horus-long-action-probe"
          },
          "received_at": {
            "monotonic_s": 180924.758588,
            "wall_utc": "2026-08-26T11:08:36.252Z"
          }
        },
        "fresh_trial_state_verified": true,
        "goal_accepted_at": {
          "monotonic_s": 180924.809133,
          "wall_utc": "2026-08-26T11:08:36.302Z"
        },
        "goal_id": "9ce1df88d0dd03fb72322861eed9289a",
        "goal_marker_x": 40.01,
        "goal_publish_sent_at": {
          "monotonic_s": 180924.807759,
          "wall_utc": "2026-08-26T11:08:36.301Z"
        },
        "lease_acquire_event": {
          "payload": {
            "event": "lease_granted",
            "holder_app_id": "long-probe-A",
            "lease_ttl_ms": 1200,
            "lease_version": 141,
            "leases": [
              {
                "acquired_at_ms": 180924798,
                "holder_app_id": "long-probe-A",
                "holder_role": "operator",
                "last_heartbeat_ms": 180924798,
                "lease_version": 141,
                "panel_open": true,
                "robot_name": "robot1",
                "session_id": "R3_DISCONNECT-T01-session-A",
                "task_active": true,
                "task_kind": "navigation",
                "teleop_active": true
              }
            ],
            "request_id": "R3_DISCONNECT-T01-A-acquire",
            "robot_name": "robot1",
            "session_id": "R3_DISCONNECT-T01-session-A"
          },
          "received_at": {
            "monotonic_s": 180924.80589,
            "wall_utc": "2026-08-26T11:08:36.299Z"
          }
        },
        "lease_holder": "A",
        "lease_state_after_acquire": [
          {
            "acquired_at_ms": 180924798,
            "holder_app_id": "long-probe-A",
            "holder_role": "operator",
            "last_heartbeat_ms": 180924798,
            "lease_version": 141,
            "panel_open": true,
            "robot_name": "robot1",
            "session_id": "R3_DISCONNECT-T01-session-A",
            "task_active": true,
            "task_kind": "navigation",
            "teleop_active": true
          }
        ]
      },
      "simulated_additional_distance_m": 0.001023,
      "started_at": {
        "monotonic_s": 180924.752294,
        "wall_utc": "2026-08-26T11:08:36.245Z"
      },
      "test_id": "R3_DISCONNECT",
      "trial_complete": true,
      "trial_id": "R3_DISCONNECT-T01",
      "trial_number": 1,
      "verdict": "MEASURED"
    },
    {
      "cancel_callback_latency_from_lease_state_observation_s": 0.000511,
      "cancel_callback_latency_from_revocation_initiation_s": 0.001262,
      "cancel_goal_ids": [
        "02b20833563fc090d3426e9b1eb18ea9"
      ],
      "cancel_request_count": 1,
      "cancel_request_count_at_measurement_end": 1,
      "checkpoints": [
        {
          "active_goal_count": 0,
          "active_goal_ids": [],
          "goals": {
            "02b20833563fc090d3426e9b1eb18ea9": {
              "cancel_request_count": 1,
              "feedback_count": 8,
              "goal_id": "02b20833563fc090d3426e9b1eb18ea9",
              "last_feedback_navigation_s": 1.974997,
              "last_feedback_simulated_progress_m": 0.1975,
              "state": "CANCELED",
              "target_marker_x": 40.02,
              "terminal_at": {
                "monotonic_s": 180938.961515,
                "wall_utc": "2026-08-26T11:08:50.455Z"
              }
            }
          },
          "lease_state": {
            "event": "client_disconnected_release",
            "lease_ttl_ms": 1200,
            "lease_version": 158,
            "leases": [],
            "session_id": "R3_DISCONNECT-T02-session-A"
          },
          "observed_at": {
            "monotonic_s": 180939.447036,
            "wall_utc": "2026-08-26T11:08:50.940Z"
          },
          "observed_offset_s": 0.500353,
          "scheduled_offset_s": 0.5
        },
        {
          "active_goal_count": 0,
          "active_goal_ids": [],
          "goals": {
            "02b20833563fc090d3426e9b1eb18ea9": {
              "cancel_request_count": 1,
              "feedback_count": 8,
              "goal_id": "02b20833563fc090d3426e9b1eb18ea9",
              "last_feedback_navigation_s": 1.974997,
              "last_feedback_simulated_progress_m": 0.1975,
              "state": "CANCELED",
              "target_marker_x": 40.02,
              "terminal_at": {
                "monotonic_s": 180938.961515,
                "wall_utc": "2026-08-26T11:08:50.455Z"
              }
            }
          },
          "lease_state": {
            "event": "client_disconnected_release",
            "lease_ttl_ms": 1200,
            "lease_version": 158,
            "leases": [],
            "session_id": "R3_DISCONNECT-T02-session-A"
          },
          "observed_at": {
            "monotonic_s": 180939.947556,
            "wall_utc": "2026-08-26T11:08:51.441Z"
          },
          "observed_offset_s": 1.000873,
          "scheduled_offset_s": 1.0
        },
        {
          "active_goal_count": 0,
          "active_goal_ids": [],
          "goals": {
            "02b20833563fc090d3426e9b1eb18ea9": {
              "cancel_request_count": 1,
              "feedback_count": 8,
              "goal_id": "02b20833563fc090d3426e9b1eb18ea9",
              "last_feedback_navigation_s": 1.974997,
              "last_feedback_simulated_progress_m": 0.1975,
              "state": "CANCELED",
              "target_marker_x": 40.02,
              "terminal_at": {
                "monotonic_s": 180938.961515,
                "wall_utc": "2026-08-26T11:08:50.455Z"
              }
            }
          },
          "lease_state": {
            "event": "client_disconnected_release",
            "lease_ttl_ms": 1200,
            "lease_version": 158,
            "leases": [],
            "session_id": "R3_DISCONNECT-T02-session-A"
          },
          "observed_at": {
            "monotonic_s": 180941.946762,
            "wall_utc": "2026-08-26T11:08:53.440Z"
          },
          "observed_offset_s": 3.000079,
          "scheduled_offset_s": 3.0
        },
        {
          "active_goal_count": 0,
          "active_goal_ids": [],
          "goals": {
            "02b20833563fc090d3426e9b1eb18ea9": {
              "cancel_request_count": 1,
              "feedback_count": 8,
              "goal_id": "02b20833563fc090d3426e9b1eb18ea9",
              "last_feedback_navigation_s": 1.974997,
              "last_feedback_simulated_progress_m": 0.1975,
              "state": "CANCELED",
              "target_marker_x": 40.02,
              "terminal_at": {
                "monotonic_s": 180938.961515,
                "wall_utc": "2026-08-26T11:08:50.455Z"
              }
            }
          },
          "lease_state": {
            "event": "client_disconnected_release",
            "lease_ttl_ms": 1200,
            "lease_version": 158,
            "leases": [],
            "session_id": "R3_DISCONNECT-T02-session-A"
          },
          "observed_at": {
            "monotonic_s": 180943.946766,
            "wall_utc": "2026-08-26T11:08:55.440Z"
          },
          "observed_offset_s": 5.000083,
          "scheduled_offset_s": 5.0
        },
        {
          "active_goal_count": 0,
          "active_goal_ids": [],
          "goals": {
            "02b20833563fc090d3426e9b1eb18ea9": {
              "cancel_request_count": 1,
              "feedback_count": 8,
              "goal_id": "02b20833563fc090d3426e9b1eb18ea9",
              "last_feedback_navigation_s": 1.974997,
              "last_feedback_simulated_progress_m": 0.1975,
              "state": "CANCELED",
              "target_marker_x": 40.02,
              "terminal_at": {
                "monotonic_s": 180938.961515,
                "wall_utc": "2026-08-26T11:08:50.455Z"
              }
            }
          },
          "lease_state": {
            "event": "client_disconnected_release",
            "lease_ttl_ms": 1200,
            "lease_version": 158,
            "leases": [],
            "session_id": "R3_DISCONNECT-T02-session-A"
          },
          "observed_at": {
            "monotonic_s": 180948.946756,
            "wall_utc": "2026-08-26T11:09:00.440Z"
          },
          "observed_offset_s": 10.000073,
          "scheduled_offset_s": 10.0
        }
      ],
      "cleanup": {
        "active_goal_ids_after_cleanup": [],
        "clean": true,
        "completed_at": {
          "monotonic_s": 180949.027296,
          "wall_utc": "2026-08-26T11:09:00.520Z"
        },
        "forced_goal_ids": [],
        "release_or_close_errors": [],
        "started_at": {
          "monotonic_s": 180948.946992,
          "wall_utc": "2026-08-26T11:09:00.440Z"
        },
        "terminal_wait_errors": []
      },
      "concurrency_events": [
        {
          "active_goal_count": 1,
          "active_goal_ids": [
            "02b20833563fc090d3426e9b1eb18ea9"
          ],
          "at": {
            "monotonic_s": 180936.945864,
            "wall_utc": "2026-08-26T11:08:48.439Z"
          },
          "reason": "goal_accepted"
        },
        {
          "active_goal_count": 1,
          "active_goal_ids": [
            "02b20833563fc090d3426e9b1eb18ea9"
          ],
          "at": {
            "monotonic_s": 180936.946149,
            "wall_utc": "2026-08-26T11:08:48.439Z"
          },
          "reason": "execute_started"
        },
        {
          "active_goal_count": 1,
          "active_goal_ids": [
            "02b20833563fc090d3426e9b1eb18ea9"
          ],
          "at": {
            "monotonic_s": 180938.947216,
            "wall_utc": "2026-08-26T11:08:50.440Z"
          },
          "reason": "cancel_callback"
        },
        {
          "active_goal_count": 0,
          "active_goal_ids": [],
          "at": {
            "monotonic_s": 180938.961563,
            "wall_utc": "2026-08-26T11:08:50.455Z"
          },
          "reason": "goal_terminal"
        }
      ],
      "distance_model": "constant 0.1 m/s; not physical motion",
      "duration_basis": "revocation_to_terminal",
      "duration_is_right_censored_lower_bound": false,
      "evidence_fields": {
        "active_goal_count_at_observation_end": 0,
        "b_goal_id": null,
        "b_goal_status_at_observation_end": "NOT_APPLICABLE",
        "cancel_goal_ids": [
          "02b20833563fc090d3426e9b1eb18ea9"
        ],
        "cancel_request_times": [
          {
            "monotonic_s": 180938.947194,
            "wall_utc": "2026-08-26T11:08:50.440Z"
          }
        ],
        "cleanup_clean": true,
        "expected": "A HorusLink connection closes and lease cleanup is observed; measure accepted-goal lifecycle",
        "feedback_count_at_observation_end": 8,
        "first_feedback_time": {
          "monotonic_s": 180936.946281,
          "wall_utc": "2026-08-26T11:08:48.439Z"
        },
        "goal_accepted_time": {
          "monotonic_s": 180936.945835,
          "wall_utc": "2026-08-26T11:08:48.439Z"
        },
        "goal_id": "02b20833563fc090d3426e9b1eb18ea9",
        "goal_state_at_observation_end": "CANCELED",
        "goal_terminal_state": "CANCELED",
        "last_feedback_time_at_observation_end": {
          "monotonic_s": 180938.92131,
          "wall_utc": "2026-08-26T11:08:50.414Z"
        },
        "last_simulated_progress_m_at_observation_end": 0.1975,
        "lease_holder": "A",
        "max_simultaneous_active_goals": 1,
        "observed": "REVOCATION_CANCEL_IMMEDIATE",
        "post_revocation_duration_s": 0.014832,
        "revision": "eca75cbf559f09ff793d8993338b2f1ffed1adfd",
        "revocation_time": {
          "monotonic_s": 180938.946683,
          "wall_utc": "2026-08-26T11:08:50.440Z"
        },
        "simulated_additional_distance_m": 0.001483,
        "terminal_time": {
          "monotonic_s": 180938.961515,
          "wall_utc": "2026-08-26T11:08:50.455Z"
        },
        "test_id": "R3_DISCONNECT",
        "trial_id": "R3_DISCONNECT-T02",
        "verdict": "MEASURED"
      },
      "expected": "A HorusLink connection closes and lease cleanup is observed; measure accepted-goal lifecycle",
      "first_cancel_callback_at": {
        "monotonic_s": 180938.947194,
        "wall_utc": "2026-08-26T11:08:50.440Z"
      },
      "goal_records_at_measurement_end": {
        "02b20833563fc090d3426e9b1eb18ea9": {
          "accepted_at": {
            "monotonic_s": 180936.945835,
            "wall_utc": "2026-08-26T11:08:48.439Z"
          },
          "active_duration_s": 2.015383,
          "cancel_callbacks": [
            {
              "callback_at": {
                "monotonic_s": 180938.947194,
                "wall_utc": "2026-08-26T11:08:50.440Z"
              },
              "cancel_goal_id": "02b20833563fc090d3426e9b1eb18ea9"
            }
          ],
          "execute_started_at": {
            "monotonic_s": 180936.946132,
            "wall_utc": "2026-08-26T11:08:48.439Z"
          },
          "feedback_count": 8,
          "feedback_errors": [],
          "first_feedback_at": {
            "monotonic_s": 180936.946281,
            "wall_utc": "2026-08-26T11:08:48.439Z"
          },
          "goal_id": "02b20833563fc090d3426e9b1eb18ea9",
          "last_feedback_at": {
            "monotonic_s": 180938.92131,
            "wall_utc": "2026-08-26T11:08:50.414Z"
          },
          "last_feedback_navigation_s": 1.974997,
          "last_feedback_simulated_progress_m": 0.1975,
          "simulated_distance_at_terminal_m": 0.201538,
          "state": "CANCELED",
          "state_history": [
            {
              "at": {
                "monotonic_s": 180936.945835,
                "wall_utc": "2026-08-26T11:08:48.439Z"
              },
              "state": "ACCEPTED"
            },
            {
              "at": {
                "monotonic_s": 180936.946132,
                "wall_utc": "2026-08-26T11:08:48.439Z"
              },
              "state": "EXECUTING"
            },
            {
              "at": {
                "monotonic_s": 180938.947194,
                "wall_utc": "2026-08-26T11:08:50.440Z"
              },
              "state": "CANCEL_REQUEST_ACCEPTED"
            },
            {
              "at": {
                "monotonic_s": 180938.961515,
                "wall_utc": "2026-08-26T11:08:50.455Z"
              },
              "reason": "action_server_observed_cancel_request",
              "state": "CANCELED"
            }
          ],
          "target_marker_x": 40.02,
          "terminal_at": {
            "monotonic_s": 180938.961515,
            "wall_utc": "2026-08-26T11:08:50.455Z"
          },
          "terminal_reason": "action_server_observed_cancel_request",
          "test_cleanup_requested_at": null
        }
      },
      "goal_records_final": {
        "02b20833563fc090d3426e9b1eb18ea9": {
          "accepted_at": {
            "monotonic_s": 180936.945835,
            "wall_utc": "2026-08-26T11:08:48.439Z"
          },
          "active_duration_s": 2.015383,
          "cancel_callbacks": [
            {
              "callback_at": {
                "monotonic_s": 180938.947194,
                "wall_utc": "2026-08-26T11:08:50.440Z"
              },
              "cancel_goal_id": "02b20833563fc090d3426e9b1eb18ea9"
            }
          ],
          "execute_started_at": {
            "monotonic_s": 180936.946132,
            "wall_utc": "2026-08-26T11:08:48.439Z"
          },
          "feedback_count": 8,
          "feedback_errors": [],
          "first_feedback_at": {
            "monotonic_s": 180936.946281,
            "wall_utc": "2026-08-26T11:08:48.439Z"
          },
          "goal_id": "02b20833563fc090d3426e9b1eb18ea9",
          "last_feedback_at": {
            "monotonic_s": 180938.92131,
            "wall_utc": "2026-08-26T11:08:50.414Z"
          },
          "last_feedback_navigation_s": 1.974997,
          "last_feedback_simulated_progress_m": 0.1975,
          "simulated_distance_at_terminal_m": 0.201538,
          "state": "CANCELED",
          "state_history": [
            {
              "at": {
                "monotonic_s": 180936.945835,
                "wall_utc": "2026-08-26T11:08:48.439Z"
              },
              "state": "ACCEPTED"
            },
            {
              "at": {
                "monotonic_s": 180936.946132,
                "wall_utc": "2026-08-26T11:08:48.439Z"
              },
              "state": "EXECUTING"
            },
            {
              "at": {
                "monotonic_s": 180938.947194,
                "wall_utc": "2026-08-26T11:08:50.440Z"
              },
              "state": "CANCEL_REQUEST_ACCEPTED"
            },
            {
              "at": {
                "monotonic_s": 180938.961515,
                "wall_utc": "2026-08-26T11:08:50.455Z"
              },
              "reason": "action_server_observed_cancel_request",
              "state": "CANCELED"
            }
          ],
          "target_marker_x": 40.02,
          "terminal_at": {
            "monotonic_s": 180938.961515,
            "wall_utc": "2026-08-26T11:08:50.455Z"
          },
          "terminal_reason": "action_server_observed_cancel_request",
          "test_cleanup_requested_at": null
        }
      },
      "goal_state_at_observation_end": "CANCELED",
      "heartbeat_counts": {
        "A": 8,
        "B": 0
      },
      "lease_holder": "A",
      "lease_state_after_revocation": [],
      "max_simultaneous_active_goals": 1,
      "measurement_completed_at": {
        "monotonic_s": 180948.946987,
        "wall_utc": "2026-08-26T11:09:00.440Z"
      },
      "observed": "REVOCATION_CANCEL_IMMEDIATE",
      "outcome_class": "REVOCATION_CANCEL_IMMEDIATE",
      "path": [
        "HorusLink client",
        "horus_unity_bridge",
        "ROS goal/cancel topic",
        "horus_backend Nav2ActionAdapter",
        "dummy NavigateToPose action server"
      ],
      "post_revocation_active_duration_s": 0.014832,
      "revision": "eca75cbf559f09ff793d8993338b2f1ffed1adfd",
      "revocation_event": {
        "payload": {
          "event": "client_disconnected_release",
          "lease_ttl_ms": 1200,
          "lease_version": 158,
          "leases": [],
          "session_id": "R3_DISCONNECT-T02-session-A"
        },
        "received_at": {
          "monotonic_s": 180938.946683,
          "wall_utc": "2026-08-26T11:08:50.440Z"
        }
      },
      "revocation_event_timestamp": {
        "monotonic_s": 180938.946683,
        "wall_utc": "2026-08-26T11:08:50.440Z"
      },
      "revocation_initiated_at": {
        "monotonic_s": 180938.945932,
        "wall_utc": "2026-08-26T11:08:50.439Z"
      },
      "runtime_label": "test-only-fix",
      "setup": {
        "catalog_event": {
          "payload": {
            "event": "snapshot",
            "lease_ttl_ms": 1200,
            "lease_version": 149,
            "leases": [],
            "session_id": "horus-long-action-probe"
          },
          "received_at": {
            "monotonic_s": 180936.894288,
            "wall_utc": "2026-08-26T11:08:48.387Z"
          }
        },
        "fresh_trial_state_verified": true,
        "goal_accepted_at": {
          "monotonic_s": 180936.945835,
          "wall_utc": "2026-08-26T11:08:48.439Z"
        },
        "goal_id": "02b20833563fc090d3426e9b1eb18ea9",
        "goal_marker_x": 40.02,
        "goal_publish_sent_at": {
          "monotonic_s": 180936.944196,
          "wall_utc": "2026-08-26T11:08:48.437Z"
        },
        "lease_acquire_event": {
          "payload": {
            "event": "lease_granted",
            "holder_app_id": "long-probe-A",
            "lease_ttl_ms": 1200,
            "lease_version": 150,
            "leases": [
              {
                "acquired_at_ms": 180936934,
                "holder_app_id": "long-probe-A",
                "holder_role": "operator",
                "last_heartbeat_ms": 180936934,
                "lease_version": 150,
                "panel_open": true,
                "robot_name": "robot1",
                "session_id": "R3_DISCONNECT-T02-session-A",
                "task_active": true,
                "task_kind": "navigation",
                "teleop_active": true
              }
            ],
            "request_id": "R3_DISCONNECT-T02-A-acquire",
            "robot_name": "robot1",
            "session_id": "R3_DISCONNECT-T02-session-A"
          },
          "received_at": {
            "monotonic_s": 180936.934913,
            "wall_utc": "2026-08-26T11:08:48.428Z"
          }
        },
        "lease_holder": "A",
        "lease_state_after_acquire": [
          {
            "acquired_at_ms": 180936934,
            "holder_app_id": "long-probe-A",
            "holder_role": "operator",
            "last_heartbeat_ms": 180936934,
            "lease_version": 150,
            "panel_open": true,
            "robot_name": "robot1",
            "session_id": "R3_DISCONNECT-T02-session-A",
            "task_active": true,
            "task_kind": "navigation",
            "teleop_active": true
          }
        ]
      },
      "simulated_additional_distance_m": 0.001483,
      "started_at": {
        "monotonic_s": 180936.890634,
        "wall_utc": "2026-08-26T11:08:48.384Z"
      },
      "test_id": "R3_DISCONNECT",
      "trial_complete": true,
      "trial_id": "R3_DISCONNECT-T02",
      "trial_number": 2,
      "verdict": "MEASURED"
    },
    {
      "cancel_callback_latency_from_lease_state_observation_s": 0.000515,
      "cancel_callback_latency_from_revocation_initiation_s": 0.001299,
      "cancel_goal_ids": [
        "a4198eaf940a64771fb2f8d104694e50"
      ],
      "cancel_request_count": 1,
      "cancel_request_count_at_measurement_end": 1,
      "checkpoints": [
        {
          "active_goal_count": 0,
          "active_goal_ids": [],
          "goals": {
            "a4198eaf940a64771fb2f8d104694e50": {
              "cancel_request_count": 1,
              "feedback_count": 8,
              "goal_id": "a4198eaf940a64771fb2f8d104694e50",
              "last_feedback_navigation_s": 1.977154,
              "last_feedback_simulated_progress_m": 0.197715,
              "state": "CANCELED",
              "target_marker_x": 40.03,
              "terminal_at": {
                "monotonic_s": 180951.140346,
                "wall_utc": "2026-08-26T11:09:02.634Z"
              }
            }
          },
          "lease_state": {
            "event": "client_disconnected_release",
            "lease_ttl_ms": 1200,
            "lease_version": 167,
            "leases": [],
            "session_id": "R3_DISCONNECT-T03-session-A"
          },
          "observed_at": {
            "monotonic_s": 180951.623017,
            "wall_utc": "2026-08-26T11:09:03.116Z"
          },
          "observed_offset_s": 0.50006,
          "scheduled_offset_s": 0.5
        },
        {
          "active_goal_count": 0,
          "active_goal_ids": [],
          "goals": {
            "a4198eaf940a64771fb2f8d104694e50": {
              "cancel_request_count": 1,
              "feedback_count": 8,
              "goal_id": "a4198eaf940a64771fb2f8d104694e50",
              "last_feedback_navigation_s": 1.977154,
              "last_feedback_simulated_progress_m": 0.197715,
              "state": "CANCELED",
              "target_marker_x": 40.03,
              "terminal_at": {
                "monotonic_s": 180951.140346,
                "wall_utc": "2026-08-26T11:09:02.634Z"
              }
            }
          },
          "lease_state": {
            "event": "client_disconnected_release",
            "lease_ttl_ms": 1200,
            "lease_version": 167,
            "leases": [],
            "session_id": "R3_DISCONNECT-T03-session-A"
          },
          "observed_at": {
            "monotonic_s": 180952.123023,
            "wall_utc": "2026-08-26T11:09:03.616Z"
          },
          "observed_offset_s": 1.000066,
          "scheduled_offset_s": 1.0
        },
        {
          "active_goal_count": 0,
          "active_goal_ids": [],
          "goals": {
            "a4198eaf940a64771fb2f8d104694e50": {
              "cancel_request_count": 1,
              "feedback_count": 8,
              "goal_id": "a4198eaf940a64771fb2f8d104694e50",
              "last_feedback_navigation_s": 1.977154,
              "last_feedback_simulated_progress_m": 0.197715,
              "state": "CANCELED",
              "target_marker_x": 40.03,
              "terminal_at": {
                "monotonic_s": 180951.140346,
                "wall_utc": "2026-08-26T11:09:02.634Z"
              }
            }
          },
          "lease_state": {
            "event": "client_disconnected_release",
            "lease_ttl_ms": 1200,
            "lease_version": 167,
            "leases": [],
            "session_id": "R3_DISCONNECT-T03-session-A"
          },
          "observed_at": {
            "monotonic_s": 180954.12302,
            "wall_utc": "2026-08-26T11:09:05.616Z"
          },
          "observed_offset_s": 3.000063,
          "scheduled_offset_s": 3.0
        },
        {
          "active_goal_count": 0,
          "active_goal_ids": [],
          "goals": {
            "a4198eaf940a64771fb2f8d104694e50": {
              "cancel_request_count": 1,
              "feedback_count": 8,
              "goal_id": "a4198eaf940a64771fb2f8d104694e50",
              "last_feedback_navigation_s": 1.977154,
              "last_feedback_simulated_progress_m": 0.197715,
              "state": "CANCELED",
              "target_marker_x": 40.03,
              "terminal_at": {
                "monotonic_s": 180951.140346,
                "wall_utc": "2026-08-26T11:09:02.634Z"
              }
            }
          },
          "lease_state": {
            "event": "client_disconnected_release",
            "lease_ttl_ms": 1200,
            "lease_version": 167,
            "leases": [],
            "session_id": "R3_DISCONNECT-T03-session-A"
          },
          "observed_at": {
            "monotonic_s": 180956.126033,
            "wall_utc": "2026-08-26T11:09:07.619Z"
          },
          "observed_offset_s": 5.003076,
          "scheduled_offset_s": 5.0
        },
        {
          "active_goal_count": 0,
          "active_goal_ids": [],
          "goals": {
            "a4198eaf940a64771fb2f8d104694e50": {
              "cancel_request_count": 1,
              "feedback_count": 8,
              "goal_id": "a4198eaf940a64771fb2f8d104694e50",
              "last_feedback_navigation_s": 1.977154,
              "last_feedback_simulated_progress_m": 0.197715,
              "state": "CANCELED",
              "target_marker_x": 40.03,
              "terminal_at": {
                "monotonic_s": 180951.140346,
                "wall_utc": "2026-08-26T11:09:02.634Z"
              }
            }
          },
          "lease_state": {
            "event": "client_disconnected_release",
            "lease_ttl_ms": 1200,
            "lease_version": 167,
            "leases": [],
            "session_id": "R3_DISCONNECT-T03-session-A"
          },
          "observed_at": {
            "monotonic_s": 180961.123035,
            "wall_utc": "2026-08-26T11:09:12.616Z"
          },
          "observed_offset_s": 10.000078,
          "scheduled_offset_s": 10.0
        }
      ],
      "cleanup": {
        "active_goal_ids_after_cleanup": [],
        "clean": true,
        "completed_at": {
          "monotonic_s": 180961.203721,
          "wall_utc": "2026-08-26T11:09:12.697Z"
        },
        "forced_goal_ids": [],
        "release_or_close_errors": [],
        "started_at": {
          "monotonic_s": 180961.123311,
          "wall_utc": "2026-08-26T11:09:12.616Z"
        },
        "terminal_wait_errors": []
      },
      "concurrency_events": [
        {
          "active_goal_count": 1,
          "active_goal_ids": [
            "a4198eaf940a64771fb2f8d104694e50"
          ],
          "at": {
            "monotonic_s": 180949.122131,
            "wall_utc": "2026-08-26T11:09:00.615Z"
          },
          "reason": "goal_accepted"
        },
        {
          "active_goal_count": 1,
          "active_goal_ids": [
            "a4198eaf940a64771fb2f8d104694e50"
          ],
          "at": {
            "monotonic_s": 180949.122679,
            "wall_utc": "2026-08-26T11:09:00.616Z"
          },
          "reason": "execute_started"
        },
        {
          "active_goal_count": 1,
          "active_goal_ids": [
            "a4198eaf940a64771fb2f8d104694e50"
          ],
          "at": {
            "monotonic_s": 180951.123496,
            "wall_utc": "2026-08-26T11:09:02.617Z"
          },
          "reason": "cancel_callback"
        },
        {
          "active_goal_count": 0,
          "active_goal_ids": [],
          "at": {
            "monotonic_s": 180951.140395,
            "wall_utc": "2026-08-26T11:09:02.634Z"
          },
          "reason": "goal_terminal"
        }
      ],
      "distance_model": "constant 0.1 m/s; not physical motion",
      "duration_basis": "revocation_to_terminal",
      "duration_is_right_censored_lower_bound": false,
      "evidence_fields": {
        "active_goal_count_at_observation_end": 0,
        "b_goal_id": null,
        "b_goal_status_at_observation_end": "NOT_APPLICABLE",
        "cancel_goal_ids": [
          "a4198eaf940a64771fb2f8d104694e50"
        ],
        "cancel_request_times": [
          {
            "monotonic_s": 180951.123472,
            "wall_utc": "2026-08-26T11:09:02.617Z"
          }
        ],
        "cleanup_clean": true,
        "expected": "A HorusLink connection closes and lease cleanup is observed; measure accepted-goal lifecycle",
        "feedback_count_at_observation_end": 8,
        "first_feedback_time": {
          "monotonic_s": 180949.122815,
          "wall_utc": "2026-08-26T11:09:00.616Z"
        },
        "goal_accepted_time": {
          "monotonic_s": 180949.122072,
          "wall_utc": "2026-08-26T11:09:00.615Z"
        },
        "goal_id": "a4198eaf940a64771fb2f8d104694e50",
        "goal_state_at_observation_end": "CANCELED",
        "goal_terminal_state": "CANCELED",
        "last_feedback_time_at_observation_end": {
          "monotonic_s": 180951.100107,
          "wall_utc": "2026-08-26T11:09:02.593Z"
        },
        "last_simulated_progress_m_at_observation_end": 0.197715,
        "lease_holder": "A",
        "max_simultaneous_active_goals": 1,
        "observed": "REVOCATION_CANCEL_IMMEDIATE",
        "post_revocation_duration_s": 0.017389,
        "revision": "eca75cbf559f09ff793d8993338b2f1ffed1adfd",
        "revocation_time": {
          "monotonic_s": 180951.122957,
          "wall_utc": "2026-08-26T11:09:02.616Z"
        },
        "simulated_additional_distance_m": 0.001739,
        "terminal_time": {
          "monotonic_s": 180951.140346,
          "wall_utc": "2026-08-26T11:09:02.634Z"
        },
        "test_id": "R3_DISCONNECT",
        "trial_id": "R3_DISCONNECT-T03",
        "verdict": "MEASURED"
      },
      "expected": "A HorusLink connection closes and lease cleanup is observed; measure accepted-goal lifecycle",
      "first_cancel_callback_at": {
        "monotonic_s": 180951.123472,
        "wall_utc": "2026-08-26T11:09:02.617Z"
      },
      "goal_records_at_measurement_end": {
        "a4198eaf940a64771fb2f8d104694e50": {
          "accepted_at": {
            "monotonic_s": 180949.122072,
            "wall_utc": "2026-08-26T11:09:00.615Z"
          },
          "active_duration_s": 2.017682,
          "cancel_callbacks": [
            {
              "callback_at": {
                "monotonic_s": 180951.123472,
                "wall_utc": "2026-08-26T11:09:02.617Z"
              },
              "cancel_goal_id": "a4198eaf940a64771fb2f8d104694e50"
            }
          ],
          "execute_started_at": {
            "monotonic_s": 180949.122664,
            "wall_utc": "2026-08-26T11:09:00.616Z"
          },
          "feedback_count": 8,
          "feedback_errors": [],
          "first_feedback_at": {
            "monotonic_s": 180949.122815,
            "wall_utc": "2026-08-26T11:09:00.616Z"
          },
          "goal_id": "a4198eaf940a64771fb2f8d104694e50",
          "last_feedback_at": {
            "monotonic_s": 180951.100107,
            "wall_utc": "2026-08-26T11:09:02.593Z"
          },
          "last_feedback_navigation_s": 1.977154,
          "last_feedback_simulated_progress_m": 0.197715,
          "simulated_distance_at_terminal_m": 0.201768,
          "state": "CANCELED",
          "state_history": [
            {
              "at": {
                "monotonic_s": 180949.122072,
                "wall_utc": "2026-08-26T11:09:00.615Z"
              },
              "state": "ACCEPTED"
            },
            {
              "at": {
                "monotonic_s": 180949.122664,
                "wall_utc": "2026-08-26T11:09:00.616Z"
              },
              "state": "EXECUTING"
            },
            {
              "at": {
                "monotonic_s": 180951.123472,
                "wall_utc": "2026-08-26T11:09:02.617Z"
              },
              "state": "CANCEL_REQUEST_ACCEPTED"
            },
            {
              "at": {
                "monotonic_s": 180951.140346,
                "wall_utc": "2026-08-26T11:09:02.634Z"
              },
              "reason": "action_server_observed_cancel_request",
              "state": "CANCELED"
            }
          ],
          "target_marker_x": 40.03,
          "terminal_at": {
            "monotonic_s": 180951.140346,
            "wall_utc": "2026-08-26T11:09:02.634Z"
          },
          "terminal_reason": "action_server_observed_cancel_request",
          "test_cleanup_requested_at": null
        }
      },
      "goal_records_final": {
        "a4198eaf940a64771fb2f8d104694e50": {
          "accepted_at": {
            "monotonic_s": 180949.122072,
            "wall_utc": "2026-08-26T11:09:00.615Z"
          },
          "active_duration_s": 2.017682,
          "cancel_callbacks": [
            {
              "callback_at": {
                "monotonic_s": 180951.123472,
                "wall_utc": "2026-08-26T11:09:02.617Z"
              },
              "cancel_goal_id": "a4198eaf940a64771fb2f8d104694e50"
            }
          ],
          "execute_started_at": {
            "monotonic_s": 180949.122664,
            "wall_utc": "2026-08-26T11:09:00.616Z"
          },
          "feedback_count": 8,
          "feedback_errors": [],
          "first_feedback_at": {
            "monotonic_s": 180949.122815,
            "wall_utc": "2026-08-26T11:09:00.616Z"
          },
          "goal_id": "a4198eaf940a64771fb2f8d104694e50",
          "last_feedback_at": {
            "monotonic_s": 180951.100107,
            "wall_utc": "2026-08-26T11:09:02.593Z"
          },
          "last_feedback_navigation_s": 1.977154,
          "last_feedback_simulated_progress_m": 0.197715,
          "simulated_distance_at_terminal_m": 0.201768,
          "state": "CANCELED",
          "state_history": [
            {
              "at": {
                "monotonic_s": 180949.122072,
                "wall_utc": "2026-08-26T11:09:00.615Z"
              },
              "state": "ACCEPTED"
            },
            {
              "at": {
                "monotonic_s": 180949.122664,
                "wall_utc": "2026-08-26T11:09:00.616Z"
              },
              "state": "EXECUTING"
            },
            {
              "at": {
                "monotonic_s": 180951.123472,
                "wall_utc": "2026-08-26T11:09:02.617Z"
              },
              "state": "CANCEL_REQUEST_ACCEPTED"
            },
            {
              "at": {
                "monotonic_s": 180951.140346,
                "wall_utc": "2026-08-26T11:09:02.634Z"
              },
              "reason": "action_server_observed_cancel_request",
              "state": "CANCELED"
            }
          ],
          "target_marker_x": 40.03,
          "terminal_at": {
            "monotonic_s": 180951.140346,
            "wall_utc": "2026-08-26T11:09:02.634Z"
          },
          "terminal_reason": "action_server_observed_cancel_request",
          "test_cleanup_requested_at": null
        }
      },
      "goal_state_at_observation_end": "CANCELED",
      "heartbeat_counts": {
        "A": 8,
        "B": 0
      },
      "lease_holder": "A",
      "lease_state_after_revocation": [],
      "max_simultaneous_active_goals": 1,
      "measurement_completed_at": {
        "monotonic_s": 180961.123302,
        "wall_utc": "2026-08-26T11:09:12.616Z"
      },
      "observed": "REVOCATION_CANCEL_IMMEDIATE",
      "outcome_class": "REVOCATION_CANCEL_IMMEDIATE",
      "path": [
        "HorusLink client",
        "horus_unity_bridge",
        "ROS goal/cancel topic",
        "horus_backend Nav2ActionAdapter",
        "dummy NavigateToPose action server"
      ],
      "post_revocation_active_duration_s": 0.017389,
      "revision": "eca75cbf559f09ff793d8993338b2f1ffed1adfd",
      "revocation_event": {
        "payload": {
          "event": "client_disconnected_release",
          "lease_ttl_ms": 1200,
          "lease_version": 167,
          "leases": [],
          "session_id": "R3_DISCONNECT-T03-session-A"
        },
        "received_at": {
          "monotonic_s": 180951.122957,
          "wall_utc": "2026-08-26T11:09:02.616Z"
        }
      },
      "revocation_event_timestamp": {
        "monotonic_s": 180951.122957,
        "wall_utc": "2026-08-26T11:09:02.616Z"
      },
      "revocation_initiated_at": {
        "monotonic_s": 180951.122173,
        "wall_utc": "2026-08-26T11:09:02.615Z"
      },
      "runtime_label": "test-only-fix",
      "setup": {
        "catalog_event": {
          "payload": {
            "event": "snapshot",
            "lease_ttl_ms": 1200,
            "lease_version": 158,
            "leases": [],
            "session_id": "horus-long-action-probe"
          },
          "received_at": {
            "monotonic_s": 180949.035162,
            "wall_utc": "2026-08-26T11:09:00.528Z"
          }
        },
        "fresh_trial_state_verified": true,
        "goal_accepted_at": {
          "monotonic_s": 180949.122072,
          "wall_utc": "2026-08-26T11:09:00.615Z"
        },
        "goal_id": "a4198eaf940a64771fb2f8d104694e50",
        "goal_marker_x": 40.03,
        "goal_publish_sent_at": {
          "monotonic_s": 180949.087257,
          "wall_utc": "2026-08-26T11:09:00.580Z"
        },
        "lease_acquire_event": {
          "payload": {
            "event": "lease_granted",
            "holder_app_id": "long-probe-A",
            "lease_ttl_ms": 1200,
            "lease_version": 159,
            "leases": [
              {
                "acquired_at_ms": 180949076,
                "holder_app_id": "long-probe-A",
                "holder_role": "operator",
                "last_heartbeat_ms": 180949076,
                "lease_version": 159,
                "panel_open": true,
                "robot_name": "robot1",
                "session_id": "R3_DISCONNECT-T03-session-A",
                "task_active": true,
                "task_kind": "navigation",
                "teleop_active": true
              }
            ],
            "request_id": "R3_DISCONNECT-T03-A-acquire",
            "robot_name": "robot1",
            "session_id": "R3_DISCONNECT-T03-session-A"
          },
          "received_at": {
            "monotonic_s": 180949.080244,
            "wall_utc": "2026-08-26T11:09:00.573Z"
          }
        },
        "lease_holder": "A",
        "lease_state_after_acquire": [
          {
            "acquired_at_ms": 180949076,
            "holder_app_id": "long-probe-A",
            "holder_role": "operator",
            "last_heartbeat_ms": 180949076,
            "lease_version": 159,
            "panel_open": true,
            "robot_name": "robot1",
            "session_id": "R3_DISCONNECT-T03-session-A",
            "task_active": true,
            "task_kind": "navigation",
            "teleop_active": true
          }
        ]
      },
      "simulated_additional_distance_m": 0.001739,
      "started_at": {
        "monotonic_s": 180949.027406,
        "wall_utc": "2026-08-26T11:09:00.521Z"
      },
      "test_id": "R3_DISCONNECT",
      "trial_complete": true,
      "trial_id": "R3_DISCONNECT-T03",
      "trial_number": 3,
      "verdict": "MEASURED"
    },
    {
      "cancel_callback_latency_from_lease_state_observation_s": 0.000718,
      "cancel_callback_latency_from_revocation_initiation_s": 0.00137,
      "cancel_goal_ids": [
        "f758ac163c565ccac22fd8e33c44e982"
      ],
      "cancel_request_count": 1,
      "cancel_request_count_at_measurement_end": 1,
      "checkpoints": [
        {
          "active_goal_count": 0,
          "active_goal_ids": [],
          "goals": {
            "f758ac163c565ccac22fd8e33c44e982": {
              "cancel_request_count": 1,
              "feedback_count": 8,
              "goal_id": "f758ac163c565ccac22fd8e33c44e982",
              "last_feedback_navigation_s": 1.976516,
              "last_feedback_simulated_progress_m": 0.197652,
              "state": "CANCELED",
              "target_marker_x": 40.04,
              "terminal_at": {
                "monotonic_s": 180963.275678,
                "wall_utc": "2026-08-26T11:09:14.769Z"
              }
            }
          },
          "lease_state": {
            "event": "client_disconnected_release",
            "lease_ttl_ms": 1200,
            "lease_version": 176,
            "leases": [],
            "session_id": "R3_DISCONNECT-T04-session-A"
          },
          "observed_at": {
            "monotonic_s": 180963.759119,
            "wall_utc": "2026-08-26T11:09:15.252Z"
          },
          "observed_offset_s": 0.500088,
          "scheduled_offset_s": 0.5
        },
        {
          "active_goal_count": 0,
          "active_goal_ids": [],
          "goals": {
            "f758ac163c565ccac22fd8e33c44e982": {
              "cancel_request_count": 1,
              "feedback_count": 8,
              "goal_id": "f758ac163c565ccac22fd8e33c44e982",
              "last_feedback_navigation_s": 1.976516,
              "last_feedback_simulated_progress_m": 0.197652,
              "state": "CANCELED",
              "target_marker_x": 40.04,
              "terminal_at": {
                "monotonic_s": 180963.275678,
                "wall_utc": "2026-08-26T11:09:14.769Z"
              }
            }
          },
          "lease_state": {
            "event": "client_disconnected_release",
            "lease_ttl_ms": 1200,
            "lease_version": 176,
            "leases": [],
            "session_id": "R3_DISCONNECT-T04-session-A"
          },
          "observed_at": {
            "monotonic_s": 180964.259108,
            "wall_utc": "2026-08-26T11:09:15.752Z"
          },
          "observed_offset_s": 1.000077,
          "scheduled_offset_s": 1.0
        },
        {
          "active_goal_count": 0,
          "active_goal_ids": [],
          "goals": {
            "f758ac163c565ccac22fd8e33c44e982": {
              "cancel_request_count": 1,
              "feedback_count": 8,
              "goal_id": "f758ac163c565ccac22fd8e33c44e982",
              "last_feedback_navigation_s": 1.976516,
              "last_feedback_simulated_progress_m": 0.197652,
              "state": "CANCELED",
              "target_marker_x": 40.04,
              "terminal_at": {
                "monotonic_s": 180963.275678,
                "wall_utc": "2026-08-26T11:09:14.769Z"
              }
            }
          },
          "lease_state": {
            "event": "client_disconnected_release",
            "lease_ttl_ms": 1200,
            "lease_version": 176,
            "leases": [],
            "session_id": "R3_DISCONNECT-T04-session-A"
          },
          "observed_at": {
            "monotonic_s": 180966.259106,
            "wall_utc": "2026-08-26T11:09:17.752Z"
          },
          "observed_offset_s": 3.000075,
          "scheduled_offset_s": 3.0
        },
        {
          "active_goal_count": 0,
          "active_goal_ids": [],
          "goals": {
            "f758ac163c565ccac22fd8e33c44e982": {
              "cancel_request_count": 1,
              "feedback_count": 8,
              "goal_id": "f758ac163c565ccac22fd8e33c44e982",
              "last_feedback_navigation_s": 1.976516,
              "last_feedback_simulated_progress_m": 0.197652,
              "state": "CANCELED",
              "target_marker_x": 40.04,
              "terminal_at": {
                "monotonic_s": 180963.275678,
                "wall_utc": "2026-08-26T11:09:14.769Z"
              }
            }
          },
          "lease_state": {
            "event": "client_disconnected_release",
            "lease_ttl_ms": 1200,
            "lease_version": 176,
            "leases": [],
            "session_id": "R3_DISCONNECT-T04-session-A"
          },
          "observed_at": {
            "monotonic_s": 180968.259109,
            "wall_utc": "2026-08-26T11:09:19.752Z"
          },
          "observed_offset_s": 5.000078,
          "scheduled_offset_s": 5.0
        },
        {
          "active_goal_count": 0,
          "active_goal_ids": [],
          "goals": {
            "f758ac163c565ccac22fd8e33c44e982": {
              "cancel_request_count": 1,
              "feedback_count": 8,
              "goal_id": "f758ac163c565ccac22fd8e33c44e982",
              "last_feedback_navigation_s": 1.976516,
              "last_feedback_simulated_progress_m": 0.197652,
              "state": "CANCELED",
              "target_marker_x": 40.04,
              "terminal_at": {
                "monotonic_s": 180963.275678,
                "wall_utc": "2026-08-26T11:09:14.769Z"
              }
            }
          },
          "lease_state": {
            "event": "client_disconnected_release",
            "lease_ttl_ms": 1200,
            "lease_version": 176,
            "leases": [],
            "session_id": "R3_DISCONNECT-T04-session-A"
          },
          "observed_at": {
            "monotonic_s": 180973.259102,
            "wall_utc": "2026-08-26T11:09:24.752Z"
          },
          "observed_offset_s": 10.000071,
          "scheduled_offset_s": 10.0
        }
      ],
      "cleanup": {
        "active_goal_ids_after_cleanup": [],
        "clean": true,
        "completed_at": {
          "monotonic_s": 180973.339645,
          "wall_utc": "2026-08-26T11:09:24.833Z"
        },
        "forced_goal_ids": [],
        "release_or_close_errors": [],
        "started_at": {
          "monotonic_s": 180973.259332,
          "wall_utc": "2026-08-26T11:09:24.752Z"
        },
        "terminal_wait_errors": []
      },
      "concurrency_events": [
        {
          "active_goal_count": 1,
          "active_goal_ids": [
            "f758ac163c565ccac22fd8e33c44e982"
          ],
          "at": {
            "monotonic_s": 180961.258323,
            "wall_utc": "2026-08-26T11:09:12.751Z"
          },
          "reason": "goal_accepted"
        },
        {
          "active_goal_count": 1,
          "active_goal_ids": [
            "f758ac163c565ccac22fd8e33c44e982"
          ],
          "at": {
            "monotonic_s": 180961.258543,
            "wall_utc": "2026-08-26T11:09:12.752Z"
          },
          "reason": "execute_started"
        },
        {
          "active_goal_count": 1,
          "active_goal_ids": [
            "f758ac163c565ccac22fd8e33c44e982"
          ],
          "at": {
            "monotonic_s": 180963.25978,
            "wall_utc": "2026-08-26T11:09:14.753Z"
          },
          "reason": "cancel_callback"
        },
        {
          "active_goal_count": 0,
          "active_goal_ids": [],
          "at": {
            "monotonic_s": 180963.275749,
            "wall_utc": "2026-08-26T11:09:14.769Z"
          },
          "reason": "goal_terminal"
        }
      ],
      "distance_model": "constant 0.1 m/s; not physical motion",
      "duration_basis": "revocation_to_terminal",
      "duration_is_right_censored_lower_bound": false,
      "evidence_fields": {
        "active_goal_count_at_observation_end": 0,
        "b_goal_id": null,
        "b_goal_status_at_observation_end": "NOT_APPLICABLE",
        "cancel_goal_ids": [
          "f758ac163c565ccac22fd8e33c44e982"
        ],
        "cancel_request_times": [
          {
            "monotonic_s": 180963.259749,
            "wall_utc": "2026-08-26T11:09:14.753Z"
          }
        ],
        "cleanup_clean": true,
        "expected": "A HorusLink connection closes and lease cleanup is observed; measure accepted-goal lifecycle",
        "feedback_count_at_observation_end": 8,
        "first_feedback_time": {
          "monotonic_s": 180961.258655,
          "wall_utc": "2026-08-26T11:09:12.752Z"
        },
        "goal_accepted_time": {
          "monotonic_s": 180961.258299,
          "wall_utc": "2026-08-26T11:09:12.751Z"
        },
        "goal_id": "f758ac163c565ccac22fd8e33c44e982",
        "goal_state_at_observation_end": "CANCELED",
        "goal_terminal_state": "CANCELED",
        "last_feedback_time_at_observation_end": {
          "monotonic_s": 180963.235395,
          "wall_utc": "2026-08-26T11:09:14.729Z"
        },
        "last_simulated_progress_m_at_observation_end": 0.197652,
        "lease_holder": "A",
        "max_simultaneous_active_goals": 1,
        "observed": "REVOCATION_CANCEL_IMMEDIATE",
        "post_revocation_duration_s": 0.016647,
        "revision": "eca75cbf559f09ff793d8993338b2f1ffed1adfd",
        "revocation_time": {
          "monotonic_s": 180963.259031,
          "wall_utc": "2026-08-26T11:09:14.752Z"
        },
        "simulated_additional_distance_m": 0.001665,
        "terminal_time": {
          "monotonic_s": 180963.275678,
          "wall_utc": "2026-08-26T11:09:14.769Z"
        },
        "test_id": "R3_DISCONNECT",
        "trial_id": "R3_DISCONNECT-T04",
        "verdict": "MEASURED"
      },
      "expected": "A HorusLink connection closes and lease cleanup is observed; measure accepted-goal lifecycle",
      "first_cancel_callback_at": {
        "monotonic_s": 180963.259749,
        "wall_utc": "2026-08-26T11:09:14.753Z"
      },
      "goal_records_at_measurement_end": {
        "f758ac163c565ccac22fd8e33c44e982": {
          "accepted_at": {
            "monotonic_s": 180961.258299,
            "wall_utc": "2026-08-26T11:09:12.751Z"
          },
          "active_duration_s": 2.017148,
          "cancel_callbacks": [
            {
              "callback_at": {
                "monotonic_s": 180963.259749,
                "wall_utc": "2026-08-26T11:09:14.753Z"
              },
              "cancel_goal_id": "f758ac163c565ccac22fd8e33c44e982"
            }
          ],
          "execute_started_at": {
            "monotonic_s": 180961.25853,
            "wall_utc": "2026-08-26T11:09:12.752Z"
          },
          "feedback_count": 8,
          "feedback_errors": [],
          "first_feedback_at": {
            "monotonic_s": 180961.258655,
            "wall_utc": "2026-08-26T11:09:12.752Z"
          },
          "goal_id": "f758ac163c565ccac22fd8e33c44e982",
          "last_feedback_at": {
            "monotonic_s": 180963.235395,
            "wall_utc": "2026-08-26T11:09:14.729Z"
          },
          "last_feedback_navigation_s": 1.976516,
          "last_feedback_simulated_progress_m": 0.197652,
          "simulated_distance_at_terminal_m": 0.201715,
          "state": "CANCELED",
          "state_history": [
            {
              "at": {
                "monotonic_s": 180961.258299,
                "wall_utc": "2026-08-26T11:09:12.751Z"
              },
              "state": "ACCEPTED"
            },
            {
              "at": {
                "monotonic_s": 180961.25853,
                "wall_utc": "2026-08-26T11:09:12.752Z"
              },
              "state": "EXECUTING"
            },
            {
              "at": {
                "monotonic_s": 180963.259749,
                "wall_utc": "2026-08-26T11:09:14.753Z"
              },
              "state": "CANCEL_REQUEST_ACCEPTED"
            },
            {
              "at": {
                "monotonic_s": 180963.275678,
                "wall_utc": "2026-08-26T11:09:14.769Z"
              },
              "reason": "action_server_observed_cancel_request",
              "state": "CANCELED"
            }
          ],
          "target_marker_x": 40.04,
          "terminal_at": {
            "monotonic_s": 180963.275678,
            "wall_utc": "2026-08-26T11:09:14.769Z"
          },
          "terminal_reason": "action_server_observed_cancel_request",
          "test_cleanup_requested_at": null
        }
      },
      "goal_records_final": {
        "f758ac163c565ccac22fd8e33c44e982": {
          "accepted_at": {
            "monotonic_s": 180961.258299,
            "wall_utc": "2026-08-26T11:09:12.751Z"
          },
          "active_duration_s": 2.017148,
          "cancel_callbacks": [
            {
              "callback_at": {
                "monotonic_s": 180963.259749,
                "wall_utc": "2026-08-26T11:09:14.753Z"
              },
              "cancel_goal_id": "f758ac163c565ccac22fd8e33c44e982"
            }
          ],
          "execute_started_at": {
            "monotonic_s": 180961.25853,
            "wall_utc": "2026-08-26T11:09:12.752Z"
          },
          "feedback_count": 8,
          "feedback_errors": [],
          "first_feedback_at": {
            "monotonic_s": 180961.258655,
            "wall_utc": "2026-08-26T11:09:12.752Z"
          },
          "goal_id": "f758ac163c565ccac22fd8e33c44e982",
          "last_feedback_at": {
            "monotonic_s": 180963.235395,
            "wall_utc": "2026-08-26T11:09:14.729Z"
          },
          "last_feedback_navigation_s": 1.976516,
          "last_feedback_simulated_progress_m": 0.197652,
          "simulated_distance_at_terminal_m": 0.201715,
          "state": "CANCELED",
          "state_history": [
            {
              "at": {
                "monotonic_s": 180961.258299,
                "wall_utc": "2026-08-26T11:09:12.751Z"
              },
              "state": "ACCEPTED"
            },
            {
              "at": {
                "monotonic_s": 180961.25853,
                "wall_utc": "2026-08-26T11:09:12.752Z"
              },
              "state": "EXECUTING"
            },
            {
              "at": {
                "monotonic_s": 180963.259749,
                "wall_utc": "2026-08-26T11:09:14.753Z"
              },
              "state": "CANCEL_REQUEST_ACCEPTED"
            },
            {
              "at": {
                "monotonic_s": 180963.275678,
                "wall_utc": "2026-08-26T11:09:14.769Z"
              },
              "reason": "action_server_observed_cancel_request",
              "state": "CANCELED"
            }
          ],
          "target_marker_x": 40.04,
          "terminal_at": {
            "monotonic_s": 180963.275678,
            "wall_utc": "2026-08-26T11:09:14.769Z"
          },
          "terminal_reason": "action_server_observed_cancel_request",
          "test_cleanup_requested_at": null
        }
      },
      "goal_state_at_observation_end": "CANCELED",
      "heartbeat_counts": {
        "A": 8,
        "B": 0
      },
      "lease_holder": "A",
      "lease_state_after_revocation": [],
      "max_simultaneous_active_goals": 1,
      "measurement_completed_at": {
        "monotonic_s": 180973.259327,
        "wall_utc": "2026-08-26T11:09:24.752Z"
      },
      "observed": "REVOCATION_CANCEL_IMMEDIATE",
      "outcome_class": "REVOCATION_CANCEL_IMMEDIATE",
      "path": [
        "HorusLink client",
        "horus_unity_bridge",
        "ROS goal/cancel topic",
        "horus_backend Nav2ActionAdapter",
        "dummy NavigateToPose action server"
      ],
      "post_revocation_active_duration_s": 0.016647,
      "revision": "eca75cbf559f09ff793d8993338b2f1ffed1adfd",
      "revocation_event": {
        "payload": {
          "event": "client_disconnected_release",
          "lease_ttl_ms": 1200,
          "lease_version": 176,
          "leases": [],
          "session_id": "R3_DISCONNECT-T04-session-A"
        },
        "received_at": {
          "monotonic_s": 180963.259031,
          "wall_utc": "2026-08-26T11:09:14.752Z"
        }
      },
      "revocation_event_timestamp": {
        "monotonic_s": 180963.259031,
        "wall_utc": "2026-08-26T11:09:14.752Z"
      },
      "revocation_initiated_at": {
        "monotonic_s": 180963.258379,
        "wall_utc": "2026-08-26T11:09:14.752Z"
      },
      "runtime_label": "test-only-fix",
      "setup": {
        "catalog_event": {
          "payload": {
            "event": "snapshot",
            "lease_ttl_ms": 1200,
            "lease_version": 167,
            "leases": [],
            "session_id": "horus-long-action-probe"
          },
          "received_at": {
            "monotonic_s": 180961.206752,
            "wall_utc": "2026-08-26T11:09:12.700Z"
          }
        },
        "fresh_trial_state_verified": true,
        "goal_accepted_at": {
          "monotonic_s": 180961.258299,
          "wall_utc": "2026-08-26T11:09:12.751Z"
        },
        "goal_id": "f758ac163c565ccac22fd8e33c44e982",
        "goal_marker_x": 40.04,
        "goal_publish_sent_at": {
          "monotonic_s": 180961.256661,
          "wall_utc": "2026-08-26T11:09:12.750Z"
        },
        "lease_acquire_event": {
          "payload": {
            "event": "lease_granted",
            "holder_app_id": "long-probe-A",
            "lease_ttl_ms": 1200,
            "lease_version": 168,
            "leases": [
              {
                "acquired_at_ms": 180961249,
                "holder_app_id": "long-probe-A",
                "holder_role": "operator",
                "last_heartbeat_ms": 180961249,
                "lease_version": 168,
                "panel_open": true,
                "robot_name": "robot1",
                "session_id": "R3_DISCONNECT-T04-session-A",
                "task_active": true,
                "task_kind": "navigation",
                "teleop_active": true
              }
            ],
            "request_id": "R3_DISCONNECT-T04-A-acquire",
            "robot_name": "robot1",
            "session_id": "R3_DISCONNECT-T04-session-A"
          },
          "received_at": {
            "monotonic_s": 180961.2554,
            "wall_utc": "2026-08-26T11:09:12.749Z"
          }
        },
        "lease_holder": "A",
        "lease_state_after_acquire": [
          {
            "acquired_at_ms": 180961249,
            "holder_app_id": "long-probe-A",
            "holder_role": "operator",
            "last_heartbeat_ms": 180961249,
            "lease_version": 168,
            "panel_open": true,
            "robot_name": "robot1",
            "session_id": "R3_DISCONNECT-T04-session-A",
            "task_active": true,
            "task_kind": "navigation",
            "teleop_active": true
          }
        ]
      },
      "simulated_additional_distance_m": 0.001665,
      "started_at": {
        "monotonic_s": 180961.203845,
        "wall_utc": "2026-08-26T11:09:12.697Z"
      },
      "test_id": "R3_DISCONNECT",
      "trial_complete": true,
      "trial_id": "R3_DISCONNECT-T04",
      "trial_number": 4,
      "verdict": "MEASURED"
    },
    {
      "cancel_callback_latency_from_lease_state_observation_s": 0.00052,
      "cancel_callback_latency_from_revocation_initiation_s": 0.006163,
      "cancel_goal_ids": [
        "4868bedf847fda6c223e3e7e876c539c"
      ],
      "cancel_request_count": 1,
      "cancel_request_count_at_measurement_end": 1,
      "checkpoints": [
        {
          "active_goal_count": 0,
          "active_goal_ids": [],
          "goals": {
            "4868bedf847fda6c223e3e7e876c539c": {
              "cancel_request_count": 1,
              "feedback_count": 8,
              "goal_id": "4868bedf847fda6c223e3e7e876c539c",
              "last_feedback_navigation_s": 1.978462,
              "last_feedback_simulated_progress_m": 0.197846,
              "state": "CANCELED",
              "target_marker_x": 40.05,
              "terminal_at": {
                "monotonic_s": 180975.413756,
                "wall_utc": "2026-08-26T11:09:26.907Z"
              }
            }
          },
          "lease_state": {
            "event": "client_disconnected_release",
            "lease_ttl_ms": 1200,
            "lease_version": 185,
            "leases": [],
            "session_id": "R3_DISCONNECT-T05-session-A"
          },
          "observed_at": {
            "monotonic_s": 180975.900181,
            "wall_utc": "2026-08-26T11:09:27.393Z"
          },
          "observed_offset_s": 0.500082,
          "scheduled_offset_s": 0.5
        },
        {
          "active_goal_count": 0,
          "active_goal_ids": [],
          "goals": {
            "4868bedf847fda6c223e3e7e876c539c": {
              "cancel_request_count": 1,
              "feedback_count": 8,
              "goal_id": "4868bedf847fda6c223e3e7e876c539c",
              "last_feedback_navigation_s": 1.978462,
              "last_feedback_simulated_progress_m": 0.197846,
              "state": "CANCELED",
              "target_marker_x": 40.05,
              "terminal_at": {
                "monotonic_s": 180975.413756,
                "wall_utc": "2026-08-26T11:09:26.907Z"
              }
            }
          },
          "lease_state": {
            "event": "client_disconnected_release",
            "lease_ttl_ms": 1200,
            "lease_version": 185,
            "leases": [],
            "session_id": "R3_DISCONNECT-T05-session-A"
          },
          "observed_at": {
            "monotonic_s": 180976.40018,
            "wall_utc": "2026-08-26T11:09:27.893Z"
          },
          "observed_offset_s": 1.000081,
          "scheduled_offset_s": 1.0
        },
        {
          "active_goal_count": 0,
          "active_goal_ids": [],
          "goals": {
            "4868bedf847fda6c223e3e7e876c539c": {
              "cancel_request_count": 1,
              "feedback_count": 8,
              "goal_id": "4868bedf847fda6c223e3e7e876c539c",
              "last_feedback_navigation_s": 1.978462,
              "last_feedback_simulated_progress_m": 0.197846,
              "state": "CANCELED",
              "target_marker_x": 40.05,
              "terminal_at": {
                "monotonic_s": 180975.413756,
                "wall_utc": "2026-08-26T11:09:26.907Z"
              }
            }
          },
          "lease_state": {
            "event": "client_disconnected_release",
            "lease_ttl_ms": 1200,
            "lease_version": 185,
            "leases": [],
            "session_id": "R3_DISCONNECT-T05-session-A"
          },
          "observed_at": {
            "monotonic_s": 180978.400178,
            "wall_utc": "2026-08-26T11:09:29.893Z"
          },
          "observed_offset_s": 3.000079,
          "scheduled_offset_s": 3.0
        },
        {
          "active_goal_count": 0,
          "active_goal_ids": [],
          "goals": {
            "4868bedf847fda6c223e3e7e876c539c": {
              "cancel_request_count": 1,
              "feedback_count": 8,
              "goal_id": "4868bedf847fda6c223e3e7e876c539c",
              "last_feedback_navigation_s": 1.978462,
              "last_feedback_simulated_progress_m": 0.197846,
              "state": "CANCELED",
              "target_marker_x": 40.05,
              "terminal_at": {
                "monotonic_s": 180975.413756,
                "wall_utc": "2026-08-26T11:09:26.907Z"
              }
            }
          },
          "lease_state": {
            "event": "client_disconnected_release",
            "lease_ttl_ms": 1200,
            "lease_version": 185,
            "leases": [],
            "session_id": "R3_DISCONNECT-T05-session-A"
          },
          "observed_at": {
            "monotonic_s": 180980.400173,
            "wall_utc": "2026-08-26T11:09:31.893Z"
          },
          "observed_offset_s": 5.000074,
          "scheduled_offset_s": 5.0
        },
        {
          "active_goal_count": 0,
          "active_goal_ids": [],
          "goals": {
            "4868bedf847fda6c223e3e7e876c539c": {
              "cancel_request_count": 1,
              "feedback_count": 8,
              "goal_id": "4868bedf847fda6c223e3e7e876c539c",
              "last_feedback_navigation_s": 1.978462,
              "last_feedback_simulated_progress_m": 0.197846,
              "state": "CANCELED",
              "target_marker_x": 40.05,
              "terminal_at": {
                "monotonic_s": 180975.413756,
                "wall_utc": "2026-08-26T11:09:26.907Z"
              }
            }
          },
          "lease_state": {
            "event": "client_disconnected_release",
            "lease_ttl_ms": 1200,
            "lease_version": 185,
            "leases": [],
            "session_id": "R3_DISCONNECT-T05-session-A"
          },
          "observed_at": {
            "monotonic_s": 180985.400167,
            "wall_utc": "2026-08-26T11:09:36.893Z"
          },
          "observed_offset_s": 10.000068,
          "scheduled_offset_s": 10.0
        }
      ],
      "cleanup": {
        "active_goal_ids_after_cleanup": [],
        "clean": true,
        "completed_at": {
          "monotonic_s": 180985.481249,
          "wall_utc": "2026-08-26T11:09:36.974Z"
        },
        "forced_goal_ids": [],
        "release_or_close_errors": [],
        "started_at": {
          "monotonic_s": 180985.400397,
          "wall_utc": "2026-08-26T11:09:36.894Z"
        },
        "terminal_wait_errors": []
      },
      "concurrency_events": [
        {
          "active_goal_count": 1,
          "active_goal_ids": [
            "4868bedf847fda6c223e3e7e876c539c"
          ],
          "at": {
            "monotonic_s": 180973.3944,
            "wall_utc": "2026-08-26T11:09:24.888Z"
          },
          "reason": "goal_accepted"
        },
        {
          "active_goal_count": 1,
          "active_goal_ids": [
            "4868bedf847fda6c223e3e7e876c539c"
          ],
          "at": {
            "monotonic_s": 180973.394608,
            "wall_utc": "2026-08-26T11:09:24.888Z"
          },
          "reason": "execute_started"
        },
        {
          "active_goal_count": 1,
          "active_goal_ids": [
            "4868bedf847fda6c223e3e7e876c539c"
          ],
          "at": {
            "monotonic_s": 180975.400652,
            "wall_utc": "2026-08-26T11:09:26.894Z"
          },
          "reason": "cancel_callback"
        },
        {
          "active_goal_count": 0,
          "active_goal_ids": [],
          "at": {
            "monotonic_s": 180975.413825,
            "wall_utc": "2026-08-26T11:09:26.907Z"
          },
          "reason": "goal_terminal"
        }
      ],
      "distance_model": "constant 0.1 m/s; not physical motion",
      "duration_basis": "revocation_to_terminal",
      "duration_is_right_censored_lower_bound": false,
      "evidence_fields": {
        "active_goal_count_at_observation_end": 0,
        "b_goal_id": null,
        "b_goal_status_at_observation_end": "NOT_APPLICABLE",
        "cancel_goal_ids": [
          "4868bedf847fda6c223e3e7e876c539c"
        ],
        "cancel_request_times": [
          {
            "monotonic_s": 180975.400619,
            "wall_utc": "2026-08-26T11:09:26.894Z"
          }
        ],
        "cleanup_clean": true,
        "expected": "A HorusLink connection closes and lease cleanup is observed; measure accepted-goal lifecycle",
        "feedback_count_at_observation_end": 8,
        "first_feedback_time": {
          "monotonic_s": 180973.394732,
          "wall_utc": "2026-08-26T11:09:24.888Z"
        },
        "goal_accepted_time": {
          "monotonic_s": 180973.394364,
          "wall_utc": "2026-08-26T11:09:24.888Z"
        },
        "goal_id": "4868bedf847fda6c223e3e7e876c539c",
        "goal_state_at_observation_end": "CANCELED",
        "goal_terminal_state": "CANCELED",
        "last_feedback_time_at_observation_end": {
          "monotonic_s": 180975.373477,
          "wall_utc": "2026-08-26T11:09:26.867Z"
        },
        "last_simulated_progress_m_at_observation_end": 0.197846,
        "lease_holder": "A",
        "max_simultaneous_active_goals": 1,
        "observed": "REVOCATION_CANCEL_IMMEDIATE",
        "post_revocation_duration_s": 0.013657,
        "revision": "eca75cbf559f09ff793d8993338b2f1ffed1adfd",
        "revocation_time": {
          "monotonic_s": 180975.400099,
          "wall_utc": "2026-08-26T11:09:26.893Z"
        },
        "simulated_additional_distance_m": 0.001366,
        "terminal_time": {
          "monotonic_s": 180975.413756,
          "wall_utc": "2026-08-26T11:09:26.907Z"
        },
        "test_id": "R3_DISCONNECT",
        "trial_id": "R3_DISCONNECT-T05",
        "verdict": "MEASURED"
      },
      "expected": "A HorusLink connection closes and lease cleanup is observed; measure accepted-goal lifecycle",
      "first_cancel_callback_at": {
        "monotonic_s": 180975.400619,
        "wall_utc": "2026-08-26T11:09:26.894Z"
      },
      "goal_records_at_measurement_end": {
        "4868bedf847fda6c223e3e7e876c539c": {
          "accepted_at": {
            "monotonic_s": 180973.394364,
            "wall_utc": "2026-08-26T11:09:24.888Z"
          },
          "active_duration_s": 2.019161,
          "cancel_callbacks": [
            {
              "callback_at": {
                "monotonic_s": 180975.400619,
                "wall_utc": "2026-08-26T11:09:26.894Z"
              },
              "cancel_goal_id": "4868bedf847fda6c223e3e7e876c539c"
            }
          ],
          "execute_started_at": {
            "monotonic_s": 180973.394595,
            "wall_utc": "2026-08-26T11:09:24.888Z"
          },
          "feedback_count": 8,
          "feedback_errors": [],
          "first_feedback_at": {
            "monotonic_s": 180973.394732,
            "wall_utc": "2026-08-26T11:09:24.888Z"
          },
          "goal_id": "4868bedf847fda6c223e3e7e876c539c",
          "last_feedback_at": {
            "monotonic_s": 180975.373477,
            "wall_utc": "2026-08-26T11:09:26.867Z"
          },
          "last_feedback_navigation_s": 1.978462,
          "last_feedback_simulated_progress_m": 0.197846,
          "simulated_distance_at_terminal_m": 0.201916,
          "state": "CANCELED",
          "state_history": [
            {
              "at": {
                "monotonic_s": 180973.394364,
                "wall_utc": "2026-08-26T11:09:24.888Z"
              },
              "state": "ACCEPTED"
            },
            {
              "at": {
                "monotonic_s": 180973.394595,
                "wall_utc": "2026-08-26T11:09:24.888Z"
              },
              "state": "EXECUTING"
            },
            {
              "at": {
                "monotonic_s": 180975.400619,
                "wall_utc": "2026-08-26T11:09:26.894Z"
              },
              "state": "CANCEL_REQUEST_ACCEPTED"
            },
            {
              "at": {
                "monotonic_s": 180975.413756,
                "wall_utc": "2026-08-26T11:09:26.907Z"
              },
              "reason": "action_server_observed_cancel_request",
              "state": "CANCELED"
            }
          ],
          "target_marker_x": 40.05,
          "terminal_at": {
            "monotonic_s": 180975.413756,
            "wall_utc": "2026-08-26T11:09:26.907Z"
          },
          "terminal_reason": "action_server_observed_cancel_request",
          "test_cleanup_requested_at": null
        }
      },
      "goal_records_final": {
        "4868bedf847fda6c223e3e7e876c539c": {
          "accepted_at": {
            "monotonic_s": 180973.394364,
            "wall_utc": "2026-08-26T11:09:24.888Z"
          },
          "active_duration_s": 2.019161,
          "cancel_callbacks": [
            {
              "callback_at": {
                "monotonic_s": 180975.400619,
                "wall_utc": "2026-08-26T11:09:26.894Z"
              },
              "cancel_goal_id": "4868bedf847fda6c223e3e7e876c539c"
            }
          ],
          "execute_started_at": {
            "monotonic_s": 180973.394595,
            "wall_utc": "2026-08-26T11:09:24.888Z"
          },
          "feedback_count": 8,
          "feedback_errors": [],
          "first_feedback_at": {
            "monotonic_s": 180973.394732,
            "wall_utc": "2026-08-26T11:09:24.888Z"
          },
          "goal_id": "4868bedf847fda6c223e3e7e876c539c",
          "last_feedback_at": {
            "monotonic_s": 180975.373477,
            "wall_utc": "2026-08-26T11:09:26.867Z"
          },
          "last_feedback_navigation_s": 1.978462,
          "last_feedback_simulated_progress_m": 0.197846,
          "simulated_distance_at_terminal_m": 0.201916,
          "state": "CANCELED",
          "state_history": [
            {
              "at": {
                "monotonic_s": 180973.394364,
                "wall_utc": "2026-08-26T11:09:24.888Z"
              },
              "state": "ACCEPTED"
            },
            {
              "at": {
                "monotonic_s": 180973.394595,
                "wall_utc": "2026-08-26T11:09:24.888Z"
              },
              "state": "EXECUTING"
            },
            {
              "at": {
                "monotonic_s": 180975.400619,
                "wall_utc": "2026-08-26T11:09:26.894Z"
              },
              "state": "CANCEL_REQUEST_ACCEPTED"
            },
            {
              "at": {
                "monotonic_s": 180975.413756,
                "wall_utc": "2026-08-26T11:09:26.907Z"
              },
              "reason": "action_server_observed_cancel_request",
              "state": "CANCELED"
            }
          ],
          "target_marker_x": 40.05,
          "terminal_at": {
            "monotonic_s": 180975.413756,
            "wall_utc": "2026-08-26T11:09:26.907Z"
          },
          "terminal_reason": "action_server_observed_cancel_request",
          "test_cleanup_requested_at": null
        }
      },
      "goal_state_at_observation_end": "CANCELED",
      "heartbeat_counts": {
        "A": 8,
        "B": 0
      },
      "lease_holder": "A",
      "lease_state_after_revocation": [],
      "max_simultaneous_active_goals": 1,
      "measurement_completed_at": {
        "monotonic_s": 180985.400391,
        "wall_utc": "2026-08-26T11:09:36.894Z"
      },
      "observed": "REVOCATION_CANCEL_IMMEDIATE",
      "outcome_class": "REVOCATION_CANCEL_IMMEDIATE",
      "path": [
        "HorusLink client",
        "horus_unity_bridge",
        "ROS goal/cancel topic",
        "horus_backend Nav2ActionAdapter",
        "dummy NavigateToPose action server"
      ],
      "post_revocation_active_duration_s": 0.013657,
      "revision": "eca75cbf559f09ff793d8993338b2f1ffed1adfd",
      "revocation_event": {
        "payload": {
          "event": "client_disconnected_release",
          "lease_ttl_ms": 1200,
          "lease_version": 185,
          "leases": [],
          "session_id": "R3_DISCONNECT-T05-session-A"
        },
        "received_at": {
          "monotonic_s": 180975.400099,
          "wall_utc": "2026-08-26T11:09:26.893Z"
        }
      },
      "revocation_event_timestamp": {
        "monotonic_s": 180975.400099,
        "wall_utc": "2026-08-26T11:09:26.893Z"
      },
      "revocation_initiated_at": {
        "monotonic_s": 180975.394456,
        "wall_utc": "2026-08-26T11:09:26.888Z"
      },
      "runtime_label": "test-only-fix",
      "setup": {
        "catalog_event": {
          "payload": {
            "event": "snapshot",
            "lease_ttl_ms": 1200,
            "lease_version": 176,
            "leases": [],
            "session_id": "horus-long-action-probe"
          },
          "received_at": {
            "monotonic_s": 180973.342883,
            "wall_utc": "2026-08-26T11:09:24.836Z"
          }
        },
        "fresh_trial_state_verified": true,
        "goal_accepted_at": {
          "monotonic_s": 180973.394364,
          "wall_utc": "2026-08-26T11:09:24.888Z"
        },
        "goal_id": "4868bedf847fda6c223e3e7e876c539c",
        "goal_marker_x": 40.05,
        "goal_publish_sent_at": {
          "monotonic_s": 180973.392781,
          "wall_utc": "2026-08-26T11:09:24.886Z"
        },
        "lease_acquire_event": {
          "payload": {
            "event": "lease_granted",
            "holder_app_id": "long-probe-A",
            "lease_ttl_ms": 1200,
            "lease_version": 177,
            "leases": [
              {
                "acquired_at_ms": 180973383,
                "holder_app_id": "long-probe-A",
                "holder_role": "operator",
                "last_heartbeat_ms": 180973383,
                "lease_version": 177,
                "panel_open": true,
                "robot_name": "robot1",
                "session_id": "R3_DISCONNECT-T05-session-A",
                "task_active": true,
                "task_kind": "navigation",
                "teleop_active": true
              }
            ],
            "request_id": "R3_DISCONNECT-T05-A-acquire",
            "robot_name": "robot1",
            "session_id": "R3_DISCONNECT-T05-session-A"
          },
          "received_at": {
            "monotonic_s": 180973.387061,
            "wall_utc": "2026-08-26T11:09:24.880Z"
          }
        },
        "lease_holder": "A",
        "lease_state_after_acquire": [
          {
            "acquired_at_ms": 180973383,
            "holder_app_id": "long-probe-A",
            "holder_role": "operator",
            "last_heartbeat_ms": 180973383,
            "lease_version": 177,
            "panel_open": true,
            "robot_name": "robot1",
            "session_id": "R3_DISCONNECT-T05-session-A",
            "task_active": true,
            "task_kind": "navigation",
            "teleop_active": true
          }
        ]
      },
      "simulated_additional_distance_m": 0.001366,
      "started_at": {
        "monotonic_s": 180973.339773,
        "wall_utc": "2026-08-26T11:09:24.833Z"
      },
      "test_id": "R3_DISCONNECT",
      "trial_complete": true,
      "trial_id": "R3_DISCONNECT-T05",
      "trial_number": 5,
      "verdict": "MEASURED"
    },
    {
      "a_cancel_request_count": 1,
      "a_goal_preempted": true,
      "a_goal_state_at_observation_end": "CANCELED",
      "b_cancel_request_count": 0,
      "b_goal_accepted": true,
      "b_goal_accepted_at": {
        "monotonic_s": 180987.647529,
        "wall_utc": "2026-08-26T11:09:39.141Z"
      },
      "b_goal_id": "26f14b31d01ee644d86492321c97545e",
      "b_goal_publish_sent_at": {
        "monotonic_s": 180987.630602,
        "wall_utc": "2026-08-26T11:09:39.124Z"
      },
      "b_goal_state_at_observation_end": "EXECUTING",
      "b_lease_acquire_event": {
        "payload": {
          "event": "lease_granted",
          "holder_app_id": "long-probe-B",
          "lease_ttl_ms": 1200,
          "lease_version": 195,
          "leases": [
            {
              "acquired_at_ms": 180987605,
              "holder_app_id": "long-probe-B",
              "holder_role": "operator",
              "last_heartbeat_ms": 180987605,
              "lease_version": 195,
              "panel_open": true,
              "robot_name": "robot1",
              "session_id": "R4_HANDOFF-T01-session-B",
              "task_active": true,
              "task_kind": "navigation",
              "teleop_active": true
            }
          ],
          "request_id": "R4_HANDOFF-T01-B-acquire",
          "robot_name": "robot1",
          "session_id": "R4_HANDOFF-T01-session-B"
        },
        "received_at": {
          "monotonic_s": 180987.605981,
          "wall_utc": "2026-08-26T11:09:39.099Z"
        }
      },
      "b_lease_acquire_sent_at": {
        "monotonic_s": 180987.605251,
        "wall_utc": "2026-08-26T11:09:39.098Z"
      },
      "cancel_goal_ids": [
        "be9b2cfa3389da73edd12bd277857f4b"
      ],
      "cancel_request_count_at_measurement_end": 1,
      "checkpoints": [
        {
          "active_goal_count": 1,
          "active_goal_ids": [
            "26f14b31d01ee644d86492321c97545e"
          ],
          "goals": {
            "26f14b31d01ee644d86492321c97545e": {
              "cancel_request_count": 0,
              "feedback_count": 2,
              "goal_id": "26f14b31d01ee644d86492321c97545e",
              "last_feedback_navigation_s": 0.282917,
              "last_feedback_simulated_progress_m": 0.028292,
              "state": "EXECUTING",
              "target_marker_x": 60.01,
              "terminal_at": null
            },
            "be9b2cfa3389da73edd12bd277857f4b": {
              "cancel_request_count": 1,
              "feedback_count": 8,
              "goal_id": "be9b2cfa3389da73edd12bd277857f4b",
              "last_feedback_navigation_s": 1.97983,
              "last_feedback_simulated_progress_m": 0.197983,
              "state": "CANCELED",
              "target_marker_x": 50.01,
              "terminal_at": {
                "monotonic_s": 180987.600516,
                "wall_utc": "2026-08-26T11:09:39.094Z"
              }
            }
          },
          "lease_state": {
            "event": "lease_updated",
            "holder_app_id": "long-probe-B",
            "lease_ttl_ms": 1200,
            "lease_version": 198,
            "leases": [
              {
                "acquired_at_ms": 180987605,
                "holder_app_id": "long-probe-B",
                "holder_role": "operator",
                "last_heartbeat_ms": 180987979,
                "lease_version": 198,
                "panel_open": true,
                "robot_name": "robot1",
                "session_id": "R4_HANDOFF-T01-session-B",
                "task_active": true,
                "task_kind": "navigation",
                "teleop_active": true
              }
            ],
            "request_id": "R4_HANDOFF-T01-B-hb-11",
            "robot_name": "robot1",
            "session_id": "R4_HANDOFF-T01-session-B"
          },
          "observed_at": {
            "monotonic_s": 180988.083022,
            "wall_utc": "2026-08-26T11:09:39.576Z"
          },
          "observed_offset_s": 0.502257,
          "scheduled_offset_s": 0.5
        },
        {
          "active_goal_count": 1,
          "active_goal_ids": [
            "26f14b31d01ee644d86492321c97545e"
          ],
          "goals": {
            "26f14b31d01ee644d86492321c97545e": {
              "cancel_request_count": 0,
              "feedback_count": 4,
              "goal_id": "26f14b31d01ee644d86492321c97545e",
              "last_feedback_navigation_s": 0.853728,
              "last_feedback_simulated_progress_m": 0.085373,
              "state": "EXECUTING",
              "target_marker_x": 60.01,
              "terminal_at": null
            },
            "be9b2cfa3389da73edd12bd277857f4b": {
              "cancel_request_count": 1,
              "feedback_count": 8,
              "goal_id": "be9b2cfa3389da73edd12bd277857f4b",
              "last_feedback_navigation_s": 1.97983,
              "last_feedback_simulated_progress_m": 0.197983,
              "state": "CANCELED",
              "target_marker_x": 50.01,
              "terminal_at": {
                "monotonic_s": 180987.600516,
                "wall_utc": "2026-08-26T11:09:39.094Z"
              }
            }
          },
          "lease_state": {
            "event": "lease_updated",
            "holder_app_id": "long-probe-B",
            "lease_ttl_ms": 1200,
            "lease_version": 200,
            "leases": [
              {
                "acquired_at_ms": 180987605,
                "holder_app_id": "long-probe-B",
                "holder_role": "operator",
                "last_heartbeat_ms": 180988406,
                "lease_version": 200,
                "panel_open": true,
                "robot_name": "robot1",
                "session_id": "R4_HANDOFF-T01-session-B",
                "task_active": true,
                "task_kind": "navigation",
                "teleop_active": true
              }
            ],
            "request_id": "R4_HANDOFF-T01-B-hb-13",
            "robot_name": "robot1",
            "session_id": "R4_HANDOFF-T01-session-B"
          },
          "observed_at": {
            "monotonic_s": 180988.580834,
            "wall_utc": "2026-08-26T11:09:40.074Z"
          },
          "observed_offset_s": 1.000069,
          "scheduled_offset_s": 1.0
        },
        {
          "active_goal_count": 1,
          "active_goal_ids": [
            "26f14b31d01ee644d86492321c97545e"
          ],
          "goals": {
            "26f14b31d01ee644d86492321c97545e": {
              "cancel_request_count": 0,
              "feedback_count": 11,
              "goal_id": "26f14b31d01ee644d86492321c97545e",
              "last_feedback_navigation_s": 2.826949,
              "last_feedback_simulated_progress_m": 0.282695,
              "state": "EXECUTING",
              "target_marker_x": 60.01,
              "terminal_at": null
            },
            "be9b2cfa3389da73edd12bd277857f4b": {
              "cancel_request_count": 1,
              "feedback_count": 8,
              "goal_id": "be9b2cfa3389da73edd12bd277857f4b",
              "last_feedback_navigation_s": 1.97983,
              "last_feedback_simulated_progress_m": 0.197983,
              "state": "CANCELED",
              "target_marker_x": 50.01,
              "terminal_at": {
                "monotonic_s": 180987.600516,
                "wall_utc": "2026-08-26T11:09:39.094Z"
              }
            }
          },
          "lease_state": {
            "event": "lease_updated",
            "holder_app_id": "long-probe-B",
            "lease_ttl_ms": 1200,
            "lease_version": 207,
            "leases": [
              {
                "acquired_at_ms": 180987605,
                "holder_app_id": "long-probe-B",
                "holder_role": "operator",
                "last_heartbeat_ms": 180990515,
                "lease_version": 207,
                "panel_open": true,
                "robot_name": "robot1",
                "session_id": "R4_HANDOFF-T01-session-B",
                "task_active": true,
                "task_kind": "navigation",
                "teleop_active": true
              }
            ],
            "request_id": "R4_HANDOFF-T01-B-hb-20",
            "robot_name": "robot1",
            "session_id": "R4_HANDOFF-T01-session-B"
          },
          "observed_at": {
            "monotonic_s": 180990.580832,
            "wall_utc": "2026-08-26T11:09:42.074Z"
          },
          "observed_offset_s": 3.000067,
          "scheduled_offset_s": 3.0
        },
        {
          "active_goal_count": 1,
          "active_goal_ids": [
            "26f14b31d01ee644d86492321c97545e"
          ],
          "goals": {
            "26f14b31d01ee644d86492321c97545e": {
              "cancel_request_count": 0,
              "feedback_count": 18,
              "goal_id": "26f14b31d01ee644d86492321c97545e",
              "last_feedback_navigation_s": 4.801218,
              "last_feedback_simulated_progress_m": 0.480122,
              "state": "EXECUTING",
              "target_marker_x": 60.01,
              "terminal_at": null
            },
            "be9b2cfa3389da73edd12bd277857f4b": {
              "cancel_request_count": 1,
              "feedback_count": 8,
              "goal_id": "be9b2cfa3389da73edd12bd277857f4b",
              "last_feedback_navigation_s": 1.97983,
              "last_feedback_simulated_progress_m": 0.197983,
              "state": "CANCELED",
              "target_marker_x": 50.01,
              "terminal_at": {
                "monotonic_s": 180987.600516,
                "wall_utc": "2026-08-26T11:09:39.094Z"
              }
            }
          },
          "lease_state": {
            "event": "lease_updated",
            "holder_app_id": "long-probe-B",
            "lease_ttl_ms": 1200,
            "lease_version": 214,
            "leases": [
              {
                "acquired_at_ms": 180987605,
                "holder_app_id": "long-probe-B",
                "holder_role": "operator",
                "last_heartbeat_ms": 180992520,
                "lease_version": 214,
                "panel_open": true,
                "robot_name": "robot1",
                "session_id": "R4_HANDOFF-T01-session-B",
                "task_active": true,
                "task_kind": "navigation",
                "teleop_active": true
              }
            ],
            "request_id": "R4_HANDOFF-T01-B-hb-27",
            "robot_name": "robot1",
            "session_id": "R4_HANDOFF-T01-session-B"
          },
          "observed_at": {
            "monotonic_s": 180992.580842,
            "wall_utc": "2026-08-26T11:09:44.074Z"
          },
          "observed_offset_s": 5.000077,
          "scheduled_offset_s": 5.0
        },
        {
          "active_goal_count": 1,
          "active_goal_ids": [
            "26f14b31d01ee644d86492321c97545e"
          ],
          "goals": {
            "26f14b31d01ee644d86492321c97545e": {
              "cancel_request_count": 0,
              "feedback_count": 36,
              "goal_id": "26f14b31d01ee644d86492321c97545e",
              "last_feedback_navigation_s": 9.899113,
              "last_feedback_simulated_progress_m": 0.989911,
              "state": "EXECUTING",
              "target_marker_x": 60.01,
              "terminal_at": null
            },
            "be9b2cfa3389da73edd12bd277857f4b": {
              "cancel_request_count": 1,
              "feedback_count": 8,
              "goal_id": "be9b2cfa3389da73edd12bd277857f4b",
              "last_feedback_navigation_s": 1.97983,
              "last_feedback_simulated_progress_m": 0.197983,
              "state": "CANCELED",
              "target_marker_x": 50.01,
              "terminal_at": {
                "monotonic_s": 180987.600516,
                "wall_utc": "2026-08-26T11:09:39.094Z"
              }
            }
          },
          "lease_state": {
            "event": "lease_updated",
            "holder_app_id": "long-probe-B",
            "lease_ttl_ms": 1200,
            "lease_version": 230,
            "leases": [
              {
                "acquired_at_ms": 180987605,
                "holder_app_id": "long-probe-B",
                "holder_role": "operator",
                "last_heartbeat_ms": 180997427,
                "lease_version": 230,
                "panel_open": true,
                "robot_name": "robot1",
                "session_id": "R4_HANDOFF-T01-session-B",
                "task_active": true,
                "task_kind": "navigation",
                "teleop_active": true
              }
            ],
            "request_id": "R4_HANDOFF-T01-B-hb-43",
            "robot_name": "robot1",
            "session_id": "R4_HANDOFF-T01-session-B"
          },
          "observed_at": {
            "monotonic_s": 180997.58084,
            "wall_utc": "2026-08-26T11:09:49.074Z"
          },
          "observed_offset_s": 10.000075,
          "scheduled_offset_s": 10.0
        }
      ],
      "cleanup": {
        "active_goal_ids_after_cleanup": [],
        "clean": true,
        "completed_at": {
          "monotonic_s": 180997.686577,
          "wall_utc": "2026-08-26T11:09:49.180Z"
        },
        "forced_goal_ids": [
          "26f14b31d01ee644d86492321c97545e"
        ],
        "release_or_close_errors": [],
        "started_at": {
          "monotonic_s": 180997.581144,
          "wall_utc": "2026-08-26T11:09:49.074Z"
        },
        "terminal_wait_errors": []
      },
      "concurrency_events": [
        {
          "active_goal_count": 1,
          "active_goal_ids": [
            "be9b2cfa3389da73edd12bd277857f4b"
          ],
          "at": {
            "monotonic_s": 180985.579859,
            "wall_utc": "2026-08-26T11:09:37.073Z"
          },
          "reason": "goal_accepted"
        },
        {
          "active_goal_count": 1,
          "active_goal_ids": [
            "be9b2cfa3389da73edd12bd277857f4b"
          ],
          "at": {
            "monotonic_s": 180985.580162,
            "wall_utc": "2026-08-26T11:09:37.073Z"
          },
          "reason": "execute_started"
        },
        {
          "active_goal_count": 1,
          "active_goal_ids": [
            "be9b2cfa3389da73edd12bd277857f4b"
          ],
          "at": {
            "monotonic_s": 180987.581269,
            "wall_utc": "2026-08-26T11:09:39.074Z"
          },
          "reason": "cancel_callback"
        },
        {
          "active_goal_count": 0,
          "active_goal_ids": [],
          "at": {
            "monotonic_s": 180987.600594,
            "wall_utc": "2026-08-26T11:09:39.094Z"
          },
          "reason": "goal_terminal"
        },
        {
          "active_goal_count": 1,
          "active_goal_ids": [
            "26f14b31d01ee644d86492321c97545e"
          ],
          "at": {
            "monotonic_s": 180987.647573,
            "wall_utc": "2026-08-26T11:09:39.141Z"
          },
          "reason": "goal_accepted"
        },
        {
          "active_goal_count": 1,
          "active_goal_ids": [
            "26f14b31d01ee644d86492321c97545e"
          ],
          "at": {
            "monotonic_s": 180987.648122,
            "wall_utc": "2026-08-26T11:09:39.141Z"
          },
          "reason": "execute_started"
        }
      ],
      "distance_model": "constant 0.1 m/s; not physical motion",
      "duration_basis": "revocation_to_terminal",
      "duration_is_right_censored_lower_bound": false,
      "evidence_fields": {
        "active_goal_count_at_observation_end": 1,
        "b_goal_id": "26f14b31d01ee644d86492321c97545e",
        "b_goal_status_at_observation_end": "EXECUTING",
        "cancel_goal_ids": [
          "be9b2cfa3389da73edd12bd277857f4b"
        ],
        "cancel_request_times": [
          {
            "monotonic_s": 180987.581248,
            "wall_utc": "2026-08-26T11:09:39.074Z"
          }
        ],
        "cleanup_clean": true,
        "expected": "after A release, B acquires the lease and starts a distinct goal; measure A/B acceptance, overlap, preemption, and cancel IDs",
        "feedback_count_at_observation_end": 8,
        "first_feedback_time": {
          "monotonic_s": 180985.580277,
          "wall_utc": "2026-08-26T11:09:37.073Z"
        },
        "goal_accepted_time": {
          "monotonic_s": 180985.579822,
          "wall_utc": "2026-08-26T11:09:37.073Z"
        },
        "goal_id": "be9b2cfa3389da73edd12bd277857f4b",
        "goal_state_at_observation_end": "CANCELED",
        "goal_terminal_state": "CANCELED",
        "last_feedback_time_at_observation_end": {
          "monotonic_s": 180987.560213,
          "wall_utc": "2026-08-26T11:09:39.053Z"
        },
        "last_simulated_progress_m_at_observation_end": 0.197983,
        "lease_holder": "A",
        "max_simultaneous_active_goals": 1,
        "observed": "B_PREEMPTED_A_WITH_CANCEL",
        "post_revocation_duration_s": 0.019751,
        "revision": "eca75cbf559f09ff793d8993338b2f1ffed1adfd",
        "revocation_time": {
          "monotonic_s": 180987.580765,
          "wall_utc": "2026-08-26T11:09:39.074Z"
        },
        "simulated_additional_distance_m": 0.001975,
        "terminal_time": {
          "monotonic_s": 180987.600516,
          "wall_utc": "2026-08-26T11:09:39.094Z"
        },
        "test_id": "R4_HANDOFF",
        "trial_id": "R4_HANDOFF-T01",
        "verdict": "MEASURED"
      },
      "expected": "after A release, B acquires the lease and starts a distinct goal; measure A/B acceptance, overlap, preemption, and cancel IDs",
      "goal_records_at_measurement_end": {
        "26f14b31d01ee644d86492321c97545e": {
          "accepted_at": {
            "monotonic_s": 180987.647529,
            "wall_utc": "2026-08-26T11:09:39.141Z"
          },
          "cancel_callbacks": [],
          "execute_started_at": {
            "monotonic_s": 180987.648106,
            "wall_utc": "2026-08-26T11:09:39.141Z"
          },
          "feedback_count": 36,
          "feedback_errors": [],
          "first_feedback_at": {
            "monotonic_s": 180987.648258,
            "wall_utc": "2026-08-26T11:09:39.141Z"
          },
          "goal_id": "26f14b31d01ee644d86492321c97545e",
          "last_feedback_at": {
            "monotonic_s": 180997.547415,
            "wall_utc": "2026-08-26T11:09:49.041Z"
          },
          "last_feedback_navigation_s": 9.899113,
          "last_feedback_simulated_progress_m": 0.989911,
          "state": "EXECUTING",
          "state_history": [
            {
              "at": {
                "monotonic_s": 180987.647529,
                "wall_utc": "2026-08-26T11:09:39.141Z"
              },
              "state": "ACCEPTED"
            },
            {
              "at": {
                "monotonic_s": 180987.648106,
                "wall_utc": "2026-08-26T11:09:39.141Z"
              },
              "state": "EXECUTING"
            }
          ],
          "target_marker_x": 60.01,
          "terminal_at": null,
          "terminal_reason": null,
          "test_cleanup_requested_at": null
        },
        "be9b2cfa3389da73edd12bd277857f4b": {
          "accepted_at": {
            "monotonic_s": 180985.579822,
            "wall_utc": "2026-08-26T11:09:37.073Z"
          },
          "active_duration_s": 2.020365,
          "cancel_callbacks": [
            {
              "callback_at": {
                "monotonic_s": 180987.581248,
                "wall_utc": "2026-08-26T11:09:39.074Z"
              },
              "cancel_goal_id": "be9b2cfa3389da73edd12bd277857f4b"
            }
          ],
          "execute_started_at": {
            "monotonic_s": 180985.580151,
            "wall_utc": "2026-08-26T11:09:37.073Z"
          },
          "feedback_count": 8,
          "feedback_errors": [],
          "first_feedback_at": {
            "monotonic_s": 180985.580277,
            "wall_utc": "2026-08-26T11:09:37.073Z"
          },
          "goal_id": "be9b2cfa3389da73edd12bd277857f4b",
          "last_feedback_at": {
            "monotonic_s": 180987.560213,
            "wall_utc": "2026-08-26T11:09:39.053Z"
          },
          "last_feedback_navigation_s": 1.97983,
          "last_feedback_simulated_progress_m": 0.197983,
          "simulated_distance_at_terminal_m": 0.202037,
          "state": "CANCELED",
          "state_history": [
            {
              "at": {
                "monotonic_s": 180985.579822,
                "wall_utc": "2026-08-26T11:09:37.073Z"
              },
              "state": "ACCEPTED"
            },
            {
              "at": {
                "monotonic_s": 180985.580151,
                "wall_utc": "2026-08-26T11:09:37.073Z"
              },
              "state": "EXECUTING"
            },
            {
              "at": {
                "monotonic_s": 180987.581248,
                "wall_utc": "2026-08-26T11:09:39.074Z"
              },
              "state": "CANCEL_REQUEST_ACCEPTED"
            },
            {
              "at": {
                "monotonic_s": 180987.600516,
                "wall_utc": "2026-08-26T11:09:39.094Z"
              },
              "reason": "action_server_observed_cancel_request",
              "state": "CANCELED"
            }
          ],
          "target_marker_x": 50.01,
          "terminal_at": {
            "monotonic_s": 180987.600516,
            "wall_utc": "2026-08-26T11:09:39.094Z"
          },
          "terminal_reason": "action_server_observed_cancel_request",
          "test_cleanup_requested_at": null
        }
      },
      "goal_records_final": {
        "26f14b31d01ee644d86492321c97545e": {
          "accepted_at": {
            "monotonic_s": 180987.647529,
            "wall_utc": "2026-08-26T11:09:39.141Z"
          },
          "active_duration_s": 9.933216,
          "cancel_callbacks": [],
          "execute_started_at": {
            "monotonic_s": 180987.648106,
            "wall_utc": "2026-08-26T11:09:39.141Z"
          },
          "feedback_count": 36,
          "feedback_errors": [],
          "first_feedback_at": {
            "monotonic_s": 180987.648258,
            "wall_utc": "2026-08-26T11:09:39.141Z"
          },
          "goal_id": "26f14b31d01ee644d86492321c97545e",
          "last_feedback_at": {
            "monotonic_s": 180997.547415,
            "wall_utc": "2026-08-26T11:09:49.041Z"
          },
          "last_feedback_navigation_s": 9.899113,
          "last_feedback_simulated_progress_m": 0.989911,
          "simulated_distance_at_terminal_m": 0.993322,
          "state": "ABORTED_BY_TEST_CLEANUP",
          "state_history": [
            {
              "at": {
                "monotonic_s": 180987.647529,
                "wall_utc": "2026-08-26T11:09:39.141Z"
              },
              "state": "ACCEPTED"
            },
            {
              "at": {
                "monotonic_s": 180987.648106,
                "wall_utc": "2026-08-26T11:09:39.141Z"
              },
              "state": "EXECUTING"
            },
            {
              "at": {
                "monotonic_s": 180997.581322,
                "wall_utc": "2026-08-26T11:09:49.074Z"
              },
              "reason": "forced_cleanup_after_measurement",
              "state": "ABORTED_BY_TEST_CLEANUP"
            }
          ],
          "target_marker_x": 60.01,
          "terminal_at": {
            "monotonic_s": 180997.581322,
            "wall_utc": "2026-08-26T11:09:49.074Z"
          },
          "terminal_reason": "forced_cleanup_after_measurement",
          "test_cleanup_requested_at": {
            "monotonic_s": 180997.58115,
            "wall_utc": "2026-08-26T11:09:49.074Z"
          }
        },
        "be9b2cfa3389da73edd12bd277857f4b": {
          "accepted_at": {
            "monotonic_s": 180985.579822,
            "wall_utc": "2026-08-26T11:09:37.073Z"
          },
          "active_duration_s": 2.020365,
          "cancel_callbacks": [
            {
              "callback_at": {
                "monotonic_s": 180987.581248,
                "wall_utc": "2026-08-26T11:09:39.074Z"
              },
              "cancel_goal_id": "be9b2cfa3389da73edd12bd277857f4b"
            }
          ],
          "execute_started_at": {
            "monotonic_s": 180985.580151,
            "wall_utc": "2026-08-26T11:09:37.073Z"
          },
          "feedback_count": 8,
          "feedback_errors": [],
          "first_feedback_at": {
            "monotonic_s": 180985.580277,
            "wall_utc": "2026-08-26T11:09:37.073Z"
          },
          "goal_id": "be9b2cfa3389da73edd12bd277857f4b",
          "last_feedback_at": {
            "monotonic_s": 180987.560213,
            "wall_utc": "2026-08-26T11:09:39.053Z"
          },
          "last_feedback_navigation_s": 1.97983,
          "last_feedback_simulated_progress_m": 0.197983,
          "simulated_distance_at_terminal_m": 0.202037,
          "state": "CANCELED",
          "state_history": [
            {
              "at": {
                "monotonic_s": 180985.579822,
                "wall_utc": "2026-08-26T11:09:37.073Z"
              },
              "state": "ACCEPTED"
            },
            {
              "at": {
                "monotonic_s": 180985.580151,
                "wall_utc": "2026-08-26T11:09:37.073Z"
              },
              "state": "EXECUTING"
            },
            {
              "at": {
                "monotonic_s": 180987.581248,
                "wall_utc": "2026-08-26T11:09:39.074Z"
              },
              "state": "CANCEL_REQUEST_ACCEPTED"
            },
            {
              "at": {
                "monotonic_s": 180987.600516,
                "wall_utc": "2026-08-26T11:09:39.094Z"
              },
              "reason": "action_server_observed_cancel_request",
              "state": "CANCELED"
            }
          ],
          "target_marker_x": 50.01,
          "terminal_at": {
            "monotonic_s": 180987.600516,
            "wall_utc": "2026-08-26T11:09:39.094Z"
          },
          "terminal_reason": "action_server_observed_cancel_request",
          "test_cleanup_requested_at": null
        }
      },
      "heartbeat_counts": {
        "A": 8,
        "B": 35
      },
      "interpretation_guardrail": "concurrency is in a non-physical dummy action server configured to accept multiple goals; it is not evidence of a physical collision or stock Nav2 controller preemption behavior",
      "lease_holder": "A",
      "max_simultaneous_active_goals": 1,
      "measurement_completed_at": {
        "monotonic_s": 180997.581138,
        "wall_utc": "2026-08-26T11:09:49.074Z"
      },
      "observed": "B_PREEMPTED_A_WITH_CANCEL",
      "outcome_class": "B_PREEMPTED_A_WITH_CANCEL",
      "path": [
        "HorusLink client",
        "horus_unity_bridge",
        "ROS goal/cancel topic",
        "horus_backend Nav2ActionAdapter",
        "dummy NavigateToPose action server"
      ],
      "post_revocation_active_duration_s": 0.019751,
      "revision": "eca75cbf559f09ff793d8993338b2f1ffed1adfd",
      "revocation_event": {
        "payload": {
          "event": "lease_released",
          "holder_app_id": "long-probe-A",
          "lease_ttl_ms": 1200,
          "lease_version": 194,
          "leases": [],
          "request_id": "R4_HANDOFF-T01-A-release",
          "robot_name": "robot1",
          "session_id": "R4_HANDOFF-T01-session-A"
        },
        "received_at": {
          "monotonic_s": 180987.580765,
          "wall_utc": "2026-08-26T11:09:39.074Z"
        }
      },
      "revocation_event_timestamp": {
        "monotonic_s": 180987.580765,
        "wall_utc": "2026-08-26T11:09:39.074Z"
      },
      "revocation_initiated_at": {
        "monotonic_s": 180987.579933,
        "wall_utc": "2026-08-26T11:09:39.073Z"
      },
      "runtime_label": "test-only-fix",
      "setup": {
        "catalog_event": {
          "payload": {
            "event": "snapshot",
            "lease_ttl_ms": 1200,
            "lease_version": 185,
            "leases": [],
            "session_id": "horus-long-action-probe"
          },
          "received_at": {
            "monotonic_s": 180985.486853,
            "wall_utc": "2026-08-26T11:09:36.980Z"
          }
        },
        "fresh_trial_state_verified": true,
        "goal_accepted_at": {
          "monotonic_s": 180985.579822,
          "wall_utc": "2026-08-26T11:09:37.073Z"
        },
        "goal_id": "be9b2cfa3389da73edd12bd277857f4b",
        "goal_marker_x": 50.01,
        "goal_publish_sent_at": {
          "monotonic_s": 180985.536029,
          "wall_utc": "2026-08-26T11:09:37.029Z"
        },
        "lease_acquire_event": {
          "payload": {
            "event": "lease_granted",
            "holder_app_id": "long-probe-A",
            "lease_ttl_ms": 1200,
            "lease_version": 186,
            "leases": [
              {
                "acquired_at_ms": 180985526,
                "holder_app_id": "long-probe-A",
                "holder_role": "operator",
                "last_heartbeat_ms": 180985526,
                "lease_version": 186,
                "panel_open": true,
                "robot_name": "robot1",
                "session_id": "R4_HANDOFF-T01-session-A",
                "task_active": true,
                "task_kind": "navigation",
                "teleop_active": true
              }
            ],
            "request_id": "R4_HANDOFF-T01-A-acquire",
            "robot_name": "robot1",
            "session_id": "R4_HANDOFF-T01-session-A"
          },
          "received_at": {
            "monotonic_s": 180985.526623,
            "wall_utc": "2026-08-26T11:09:37.020Z"
          }
        },
        "lease_holder": "A",
        "lease_state_after_acquire": [
          {
            "acquired_at_ms": 180985526,
            "holder_app_id": "long-probe-A",
            "holder_role": "operator",
            "last_heartbeat_ms": 180985526,
            "lease_version": 186,
            "panel_open": true,
            "robot_name": "robot1",
            "session_id": "R4_HANDOFF-T01-session-A",
            "task_active": true,
            "task_kind": "navigation",
            "teleop_active": true
          }
        ]
      },
      "simulated_additional_distance_m": 0.001975,
      "started_at": {
        "monotonic_s": 180985.481388,
        "wall_utc": "2026-08-26T11:09:36.975Z"
      },
      "test_id": "R4_HANDOFF",
      "trial_complete": true,
      "trial_id": "R4_HANDOFF-T01",
      "trial_number": 1,
      "verdict": "MEASURED"
    },
    {
      "a_cancel_request_count": 1,
      "a_goal_preempted": true,
      "a_goal_state_at_observation_end": "CANCELED",
      "b_cancel_request_count": 0,
      "b_goal_accepted": true,
      "b_goal_accepted_at": {
        "monotonic_s": 180999.812927,
        "wall_utc": "2026-08-26T11:09:51.306Z"
      },
      "b_goal_id": "6aea0c08cded048a6d9deab6a18ad022",
      "b_goal_publish_sent_at": {
        "monotonic_s": 180999.791318,
        "wall_utc": "2026-08-26T11:09:51.284Z"
      },
      "b_goal_state_at_observation_end": "EXECUTING",
      "b_lease_acquire_event": {
        "payload": {
          "event": "lease_granted",
          "holder_app_id": "long-probe-B",
          "lease_ttl_ms": 1200,
          "lease_version": 240,
          "leases": [
            {
              "acquired_at_ms": 180999766,
              "holder_app_id": "long-probe-B",
              "holder_role": "operator",
              "last_heartbeat_ms": 180999766,
              "lease_version": 240,
              "panel_open": true,
              "robot_name": "robot1",
              "session_id": "R4_HANDOFF-T02-session-B",
              "task_active": true,
              "task_kind": "navigation",
              "teleop_active": true
            }
          ],
          "request_id": "R4_HANDOFF-T02-B-acquire",
          "robot_name": "robot1",
          "session_id": "R4_HANDOFF-T02-session-B"
        },
        "received_at": {
          "monotonic_s": 180999.766961,
          "wall_utc": "2026-08-26T11:09:51.260Z"
        }
      },
      "b_lease_acquire_sent_at": {
        "monotonic_s": 180999.765889,
        "wall_utc": "2026-08-26T11:09:51.259Z"
      },
      "cancel_goal_ids": [
        "e85770763a526d08582103c07798a639"
      ],
      "cancel_request_count_at_measurement_end": 1,
      "checkpoints": [
        {
          "active_goal_count": 1,
          "active_goal_ids": [
            "6aea0c08cded048a6d9deab6a18ad022"
          ],
          "goals": {
            "6aea0c08cded048a6d9deab6a18ad022": {
              "cancel_request_count": 0,
              "feedback_count": 2,
              "goal_id": "6aea0c08cded048a6d9deab6a18ad022",
              "last_feedback_navigation_s": 0.281394,
              "last_feedback_simulated_progress_m": 0.028139,
              "state": "EXECUTING",
              "target_marker_x": 60.02,
              "terminal_at": null
            },
            "e85770763a526d08582103c07798a639": {
              "cancel_request_count": 1,
              "feedback_count": 8,
              "goal_id": "e85770763a526d08582103c07798a639",
              "last_feedback_navigation_s": 1.979474,
              "last_feedback_simulated_progress_m": 0.197947,
              "state": "CANCELED",
              "target_marker_x": 50.02,
              "terminal_at": {
                "monotonic_s": 180999.760906,
                "wall_utc": "2026-08-26T11:09:51.254Z"
              }
            }
          },
          "lease_state": {
            "event": "lease_updated",
            "holder_app_id": "long-probe-B",
            "lease_ttl_ms": 1200,
            "lease_version": 243,
            "leases": [
              {
                "acquired_at_ms": 180999766,
                "holder_app_id": "long-probe-B",
                "holder_role": "operator",
                "last_heartbeat_ms": 181000139,
                "lease_version": 243,
                "panel_open": true,
                "robot_name": "robot1",
                "session_id": "R4_HANDOFF-T02-session-B",
                "task_active": true,
                "task_kind": "navigation",
                "teleop_active": true
              }
            ],
            "request_id": "R4_HANDOFF-T02-B-hb-11",
            "robot_name": "robot1",
            "session_id": "R4_HANDOFF-T02-session-B"
          },
          "observed_at": {
            "monotonic_s": 181000.241389,
            "wall_utc": "2026-08-26T11:09:51.735Z"
          },
          "observed_offset_s": 0.50007,
          "scheduled_offset_s": 0.5
        },
        {
          "active_goal_count": 1,
          "active_goal_ids": [
            "6aea0c08cded048a6d9deab6a18ad022"
          ],
          "goals": {
            "6aea0c08cded048a6d9deab6a18ad022": {
              "cancel_request_count": 0,
              "feedback_count": 4,
              "goal_id": "6aea0c08cded048a6d9deab6a18ad022",
              "last_feedback_navigation_s": 0.845298,
              "last_feedback_simulated_progress_m": 0.08453,
              "state": "EXECUTING",
              "target_marker_x": 60.02,
              "terminal_at": null
            },
            "e85770763a526d08582103c07798a639": {
              "cancel_request_count": 1,
              "feedback_count": 8,
              "goal_id": "e85770763a526d08582103c07798a639",
              "last_feedback_navigation_s": 1.979474,
              "last_feedback_simulated_progress_m": 0.197947,
              "state": "CANCELED",
              "target_marker_x": 50.02,
              "terminal_at": {
                "monotonic_s": 180999.760906,
                "wall_utc": "2026-08-26T11:09:51.254Z"
              }
            }
          },
          "lease_state": {
            "event": "lease_updated",
            "holder_app_id": "long-probe-B",
            "lease_ttl_ms": 1200,
            "lease_version": 245,
            "leases": [
              {
                "acquired_at_ms": 180999766,
                "holder_app_id": "long-probe-B",
                "holder_role": "operator",
                "last_heartbeat_ms": 181000563,
                "lease_version": 245,
                "panel_open": true,
                "robot_name": "robot1",
                "session_id": "R4_HANDOFF-T02-session-B",
                "task_active": true,
                "task_kind": "navigation",
                "teleop_active": true
              }
            ],
            "request_id": "R4_HANDOFF-T02-B-hb-13",
            "robot_name": "robot1",
            "session_id": "R4_HANDOFF-T02-session-B"
          },
          "observed_at": {
            "monotonic_s": 181000.741386,
            "wall_utc": "2026-08-26T11:09:52.235Z"
          },
          "observed_offset_s": 1.000067,
          "scheduled_offset_s": 1.0
        },
        {
          "active_goal_count": 1,
          "active_goal_ids": [
            "6aea0c08cded048a6d9deab6a18ad022"
          ],
          "goals": {
            "6aea0c08cded048a6d9deab6a18ad022": {
              "cancel_request_count": 0,
              "feedback_count": 11,
              "goal_id": "6aea0c08cded048a6d9deab6a18ad022",
              "last_feedback_navigation_s": 2.821816,
              "last_feedback_simulated_progress_m": 0.282182,
              "state": "EXECUTING",
              "target_marker_x": 60.02,
              "terminal_at": null
            },
            "e85770763a526d08582103c07798a639": {
              "cancel_request_count": 1,
              "feedback_count": 8,
              "goal_id": "e85770763a526d08582103c07798a639",
              "last_feedback_navigation_s": 1.979474,
              "last_feedback_simulated_progress_m": 0.197947,
              "state": "CANCELED",
              "target_marker_x": 50.02,
              "terminal_at": {
                "monotonic_s": 180999.760906,
                "wall_utc": "2026-08-26T11:09:51.254Z"
              }
            }
          },
          "lease_state": {
            "event": "lease_updated",
            "holder_app_id": "long-probe-B",
            "lease_ttl_ms": 1200,
            "lease_version": 252,
            "leases": [
              {
                "acquired_at_ms": 180999766,
                "holder_app_id": "long-probe-B",
                "holder_role": "operator",
                "last_heartbeat_ms": 181002681,
                "lease_version": 252,
                "panel_open": true,
                "robot_name": "robot1",
                "session_id": "R4_HANDOFF-T02-session-B",
                "task_active": true,
                "task_kind": "navigation",
                "teleop_active": true
              }
            ],
            "request_id": "R4_HANDOFF-T02-B-hb-20",
            "robot_name": "robot1",
            "session_id": "R4_HANDOFF-T02-session-B"
          },
          "observed_at": {
            "monotonic_s": 181002.74139,
            "wall_utc": "2026-08-26T11:09:54.235Z"
          },
          "observed_offset_s": 3.000071,
          "scheduled_offset_s": 3.0
        },
        {
          "active_goal_count": 1,
          "active_goal_ids": [
            "6aea0c08cded048a6d9deab6a18ad022"
          ],
          "goals": {
            "6aea0c08cded048a6d9deab6a18ad022": {
              "cancel_request_count": 0,
              "feedback_count": 18,
              "goal_id": "6aea0c08cded048a6d9deab6a18ad022",
              "last_feedback_navigation_s": 4.803843,
              "last_feedback_simulated_progress_m": 0.480384,
              "state": "EXECUTING",
              "target_marker_x": 60.02,
              "terminal_at": null
            },
            "e85770763a526d08582103c07798a639": {
              "cancel_request_count": 1,
              "feedback_count": 8,
              "goal_id": "e85770763a526d08582103c07798a639",
              "last_feedback_navigation_s": 1.979474,
              "last_feedback_simulated_progress_m": 0.197947,
              "state": "CANCELED",
              "target_marker_x": 50.02,
              "terminal_at": {
                "monotonic_s": 180999.760906,
                "wall_utc": "2026-08-26T11:09:51.254Z"
              }
            }
          },
          "lease_state": {
            "event": "lease_updated",
            "holder_app_id": "long-probe-B",
            "lease_ttl_ms": 1200,
            "lease_version": 259,
            "leases": [
              {
                "acquired_at_ms": 180999766,
                "holder_app_id": "long-probe-B",
                "holder_role": "operator",
                "last_heartbeat_ms": 181004673,
                "lease_version": 259,
                "panel_open": true,
                "robot_name": "robot1",
                "session_id": "R4_HANDOFF-T02-session-B",
                "task_active": true,
                "task_kind": "navigation",
                "teleop_active": true
              }
            ],
            "request_id": "R4_HANDOFF-T02-B-hb-27",
            "robot_name": "robot1",
            "session_id": "R4_HANDOFF-T02-session-B"
          },
          "observed_at": {
            "monotonic_s": 181004.741401,
            "wall_utc": "2026-08-26T11:09:56.235Z"
          },
          "observed_offset_s": 5.000082,
          "scheduled_offset_s": 5.0
        },
        {
          "active_goal_count": 1,
          "active_goal_ids": [
            "6aea0c08cded048a6d9deab6a18ad022"
          ],
          "goals": {
            "6aea0c08cded048a6d9deab6a18ad022": {
              "cancel_request_count": 0,
              "feedback_count": 36,
              "goal_id": "6aea0c08cded048a6d9deab6a18ad022",
              "last_feedback_navigation_s": 9.89057,
              "last_feedback_simulated_progress_m": 0.989057,
              "state": "EXECUTING",
              "target_marker_x": 60.02,
              "terminal_at": null
            },
            "e85770763a526d08582103c07798a639": {
              "cancel_request_count": 1,
              "feedback_count": 8,
              "goal_id": "e85770763a526d08582103c07798a639",
              "last_feedback_navigation_s": 1.979474,
              "last_feedback_simulated_progress_m": 0.197947,
              "state": "CANCELED",
              "target_marker_x": 50.02,
              "terminal_at": {
                "monotonic_s": 180999.760906,
                "wall_utc": "2026-08-26T11:09:51.254Z"
              }
            }
          },
          "lease_state": {
            "event": "lease_updated",
            "holder_app_id": "long-probe-B",
            "lease_ttl_ms": 1200,
            "lease_version": 275,
            "leases": [
              {
                "acquired_at_ms": 180999766,
                "holder_app_id": "long-probe-B",
                "holder_role": "operator",
                "last_heartbeat_ms": 181009577,
                "lease_version": 275,
                "panel_open": true,
                "robot_name": "robot1",
                "session_id": "R4_HANDOFF-T02-session-B",
                "task_active": true,
                "task_kind": "navigation",
                "teleop_active": true
              }
            ],
            "request_id": "R4_HANDOFF-T02-B-hb-43",
            "robot_name": "robot1",
            "session_id": "R4_HANDOFF-T02-session-B"
          },
          "observed_at": {
            "monotonic_s": 181009.741383,
            "wall_utc": "2026-08-26T11:10:01.235Z"
          },
          "observed_offset_s": 10.000064,
          "scheduled_offset_s": 10.0
        }
      ],
      "cleanup": {
        "active_goal_ids_after_cleanup": [],
        "clean": true,
        "completed_at": {
          "monotonic_s": 181009.847152,
          "wall_utc": "2026-08-26T11:10:01.340Z"
        },
        "forced_goal_ids": [
          "6aea0c08cded048a6d9deab6a18ad022"
        ],
        "release_or_close_errors": [],
        "started_at": {
          "monotonic_s": 181009.741697,
          "wall_utc": "2026-08-26T11:10:01.235Z"
        },
        "terminal_wait_errors": []
      },
      "concurrency_events": [
        {
          "active_goal_count": 1,
          "active_goal_ids": [
            "e85770763a526d08582103c07798a639"
          ],
          "at": {
            "monotonic_s": 180997.740477,
            "wall_utc": "2026-08-26T11:09:49.234Z"
          },
          "reason": "goal_accepted"
        },
        {
          "active_goal_count": 1,
          "active_goal_ids": [
            "e85770763a526d08582103c07798a639"
          ],
          "at": {
            "monotonic_s": 180997.740751,
            "wall_utc": "2026-08-26T11:09:49.234Z"
          },
          "reason": "execute_started"
        },
        {
          "active_goal_count": 1,
          "active_goal_ids": [
            "e85770763a526d08582103c07798a639"
          ],
          "at": {
            "monotonic_s": 180999.741828,
            "wall_utc": "2026-08-26T11:09:51.235Z"
          },
          "reason": "cancel_callback"
        },
        {
          "active_goal_count": 0,
          "active_goal_ids": [],
          "at": {
            "monotonic_s": 180999.760983,
            "wall_utc": "2026-08-26T11:09:51.254Z"
          },
          "reason": "goal_terminal"
        },
        {
          "active_goal_count": 1,
          "active_goal_ids": [
            "6aea0c08cded048a6d9deab6a18ad022"
          ],
          "at": {
            "monotonic_s": 180999.812962,
            "wall_utc": "2026-08-26T11:09:51.306Z"
          },
          "reason": "goal_accepted"
        },
        {
          "active_goal_count": 1,
          "active_goal_ids": [
            "6aea0c08cded048a6d9deab6a18ad022"
          ],
          "at": {
            "monotonic_s": 180999.813226,
            "wall_utc": "2026-08-26T11:09:51.306Z"
          },
          "reason": "execute_started"
        }
      ],
      "distance_model": "constant 0.1 m/s; not physical motion",
      "duration_basis": "revocation_to_terminal",
      "duration_is_right_censored_lower_bound": false,
      "evidence_fields": {
        "active_goal_count_at_observation_end": 1,
        "b_goal_id": "6aea0c08cded048a6d9deab6a18ad022",
        "b_goal_status_at_observation_end": "EXECUTING",
        "cancel_goal_ids": [
          "e85770763a526d08582103c07798a639"
        ],
        "cancel_request_times": [
          {
            "monotonic_s": 180999.741804,
            "wall_utc": "2026-08-26T11:09:51.235Z"
          }
        ],
        "cleanup_clean": true,
        "expected": "after A release, B acquires the lease and starts a distinct goal; measure A/B acceptance, overlap, preemption, and cancel IDs",
        "feedback_count_at_observation_end": 8,
        "first_feedback_time": {
          "monotonic_s": 180997.740879,
          "wall_utc": "2026-08-26T11:09:49.234Z"
        },
        "goal_accepted_time": {
          "monotonic_s": 180997.740448,
          "wall_utc": "2026-08-26T11:09:49.234Z"
        },
        "goal_id": "e85770763a526d08582103c07798a639",
        "goal_state_at_observation_end": "CANCELED",
        "goal_terminal_state": "CANCELED",
        "last_feedback_time_at_observation_end": {
          "monotonic_s": 180999.720581,
          "wall_utc": "2026-08-26T11:09:51.214Z"
        },
        "last_simulated_progress_m_at_observation_end": 0.197947,
        "lease_holder": "A",
        "max_simultaneous_active_goals": 1,
        "observed": "B_PREEMPTED_A_WITH_CANCEL",
        "post_revocation_duration_s": 0.019587,
        "revision": "eca75cbf559f09ff793d8993338b2f1ffed1adfd",
        "revocation_time": {
          "monotonic_s": 180999.741319,
          "wall_utc": "2026-08-26T11:09:51.234Z"
        },
        "simulated_additional_distance_m": 0.001959,
        "terminal_time": {
          "monotonic_s": 180999.760906,
          "wall_utc": "2026-08-26T11:09:51.254Z"
        },
        "test_id": "R4_HANDOFF",
        "trial_id": "R4_HANDOFF-T02",
        "verdict": "MEASURED"
      },
      "expected": "after A release, B acquires the lease and starts a distinct goal; measure A/B acceptance, overlap, preemption, and cancel IDs",
      "goal_records_at_measurement_end": {
        "6aea0c08cded048a6d9deab6a18ad022": {
          "accepted_at": {
            "monotonic_s": 180999.812927,
            "wall_utc": "2026-08-26T11:09:51.306Z"
          },
          "cancel_callbacks": [],
          "execute_started_at": {
            "monotonic_s": 180999.813209,
            "wall_utc": "2026-08-26T11:09:51.306Z"
          },
          "feedback_count": 36,
          "feedback_errors": [],
          "first_feedback_at": {
            "monotonic_s": 180999.813361,
            "wall_utc": "2026-08-26T11:09:51.307Z"
          },
          "goal_id": "6aea0c08cded048a6d9deab6a18ad022",
          "last_feedback_at": {
            "monotonic_s": 181009.704058,
            "wall_utc": "2026-08-26T11:10:01.197Z"
          },
          "last_feedback_navigation_s": 9.89057,
          "last_feedback_simulated_progress_m": 0.989057,
          "state": "EXECUTING",
          "state_history": [
            {
              "at": {
                "monotonic_s": 180999.812927,
                "wall_utc": "2026-08-26T11:09:51.306Z"
              },
              "state": "ACCEPTED"
            },
            {
              "at": {
                "monotonic_s": 180999.813209,
                "wall_utc": "2026-08-26T11:09:51.306Z"
              },
              "state": "EXECUTING"
            }
          ],
          "target_marker_x": 60.02,
          "terminal_at": null,
          "terminal_reason": null,
          "test_cleanup_requested_at": null
        },
        "e85770763a526d08582103c07798a639": {
          "accepted_at": {
            "monotonic_s": 180997.740448,
            "wall_utc": "2026-08-26T11:09:49.234Z"
          },
          "active_duration_s": 2.02017,
          "cancel_callbacks": [
            {
              "callback_at": {
                "monotonic_s": 180999.741804,
                "wall_utc": "2026-08-26T11:09:51.235Z"
              },
              "cancel_goal_id": "e85770763a526d08582103c07798a639"
            }
          ],
          "execute_started_at": {
            "monotonic_s": 180997.740736,
            "wall_utc": "2026-08-26T11:09:49.234Z"
          },
          "feedback_count": 8,
          "feedback_errors": [],
          "first_feedback_at": {
            "monotonic_s": 180997.740879,
            "wall_utc": "2026-08-26T11:09:49.234Z"
          },
          "goal_id": "e85770763a526d08582103c07798a639",
          "last_feedback_at": {
            "monotonic_s": 180999.720581,
            "wall_utc": "2026-08-26T11:09:51.214Z"
          },
          "last_feedback_navigation_s": 1.979474,
          "last_feedback_simulated_progress_m": 0.197947,
          "simulated_distance_at_terminal_m": 0.202017,
          "state": "CANCELED",
          "state_history": [
            {
              "at": {
                "monotonic_s": 180997.740448,
                "wall_utc": "2026-08-26T11:09:49.234Z"
              },
              "state": "ACCEPTED"
            },
            {
              "at": {
                "monotonic_s": 180997.740736,
                "wall_utc": "2026-08-26T11:09:49.234Z"
              },
              "state": "EXECUTING"
            },
            {
              "at": {
                "monotonic_s": 180999.741804,
                "wall_utc": "2026-08-26T11:09:51.235Z"
              },
              "state": "CANCEL_REQUEST_ACCEPTED"
            },
            {
              "at": {
                "monotonic_s": 180999.760906,
                "wall_utc": "2026-08-26T11:09:51.254Z"
              },
              "reason": "action_server_observed_cancel_request",
              "state": "CANCELED"
            }
          ],
          "target_marker_x": 50.02,
          "terminal_at": {
            "monotonic_s": 180999.760906,
            "wall_utc": "2026-08-26T11:09:51.254Z"
          },
          "terminal_reason": "action_server_observed_cancel_request",
          "test_cleanup_requested_at": null
        }
      },
      "goal_records_final": {
        "6aea0c08cded048a6d9deab6a18ad022": {
          "accepted_at": {
            "monotonic_s": 180999.812927,
            "wall_utc": "2026-08-26T11:09:51.306Z"
          },
          "active_duration_s": 9.928623,
          "cancel_callbacks": [],
          "execute_started_at": {
            "monotonic_s": 180999.813209,
            "wall_utc": "2026-08-26T11:09:51.306Z"
          },
          "feedback_count": 36,
          "feedback_errors": [],
          "first_feedback_at": {
            "monotonic_s": 180999.813361,
            "wall_utc": "2026-08-26T11:09:51.307Z"
          },
          "goal_id": "6aea0c08cded048a6d9deab6a18ad022",
          "last_feedback_at": {
            "monotonic_s": 181009.704058,
            "wall_utc": "2026-08-26T11:10:01.197Z"
          },
          "last_feedback_navigation_s": 9.89057,
          "last_feedback_simulated_progress_m": 0.989057,
          "simulated_distance_at_terminal_m": 0.992862,
          "state": "ABORTED_BY_TEST_CLEANUP",
          "state_history": [
            {
              "at": {
                "monotonic_s": 180999.812927,
                "wall_utc": "2026-08-26T11:09:51.306Z"
              },
              "state": "ACCEPTED"
            },
            {
              "at": {
                "monotonic_s": 180999.813209,
                "wall_utc": "2026-08-26T11:09:51.306Z"
              },
              "state": "EXECUTING"
            },
            {
              "at": {
                "monotonic_s": 181009.741832,
                "wall_utc": "2026-08-26T11:10:01.235Z"
              },
              "reason": "forced_cleanup_after_measurement",
              "state": "ABORTED_BY_TEST_CLEANUP"
            }
          ],
          "target_marker_x": 60.02,
          "terminal_at": {
            "monotonic_s": 181009.741832,
            "wall_utc": "2026-08-26T11:10:01.235Z"
          },
          "terminal_reason": "forced_cleanup_after_measurement",
          "test_cleanup_requested_at": {
            "monotonic_s": 181009.741701,
            "wall_utc": "2026-08-26T11:10:01.235Z"
          }
        },
        "e85770763a526d08582103c07798a639": {
          "accepted_at": {
            "monotonic_s": 180997.740448,
            "wall_utc": "2026-08-26T11:09:49.234Z"
          },
          "active_duration_s": 2.02017,
          "cancel_callbacks": [
            {
              "callback_at": {
                "monotonic_s": 180999.741804,
                "wall_utc": "2026-08-26T11:09:51.235Z"
              },
              "cancel_goal_id": "e85770763a526d08582103c07798a639"
            }
          ],
          "execute_started_at": {
            "monotonic_s": 180997.740736,
            "wall_utc": "2026-08-26T11:09:49.234Z"
          },
          "feedback_count": 8,
          "feedback_errors": [],
          "first_feedback_at": {
            "monotonic_s": 180997.740879,
            "wall_utc": "2026-08-26T11:09:49.234Z"
          },
          "goal_id": "e85770763a526d08582103c07798a639",
          "last_feedback_at": {
            "monotonic_s": 180999.720581,
            "wall_utc": "2026-08-26T11:09:51.214Z"
          },
          "last_feedback_navigation_s": 1.979474,
          "last_feedback_simulated_progress_m": 0.197947,
          "simulated_distance_at_terminal_m": 0.202017,
          "state": "CANCELED",
          "state_history": [
            {
              "at": {
                "monotonic_s": 180997.740448,
                "wall_utc": "2026-08-26T11:09:49.234Z"
              },
              "state": "ACCEPTED"
            },
            {
              "at": {
                "monotonic_s": 180997.740736,
                "wall_utc": "2026-08-26T11:09:49.234Z"
              },
              "state": "EXECUTING"
            },
            {
              "at": {
                "monotonic_s": 180999.741804,
                "wall_utc": "2026-08-26T11:09:51.235Z"
              },
              "state": "CANCEL_REQUEST_ACCEPTED"
            },
            {
              "at": {
                "monotonic_s": 180999.760906,
                "wall_utc": "2026-08-26T11:09:51.254Z"
              },
              "reason": "action_server_observed_cancel_request",
              "state": "CANCELED"
            }
          ],
          "target_marker_x": 50.02,
          "terminal_at": {
            "monotonic_s": 180999.760906,
            "wall_utc": "2026-08-26T11:09:51.254Z"
          },
          "terminal_reason": "action_server_observed_cancel_request",
          "test_cleanup_requested_at": null
        }
      },
      "heartbeat_counts": {
        "A": 8,
        "B": 35
      },
      "interpretation_guardrail": "concurrency is in a non-physical dummy action server configured to accept multiple goals; it is not evidence of a physical collision or stock Nav2 controller preemption behavior",
      "lease_holder": "A",
      "max_simultaneous_active_goals": 1,
      "measurement_completed_at": {
        "monotonic_s": 181009.741691,
        "wall_utc": "2026-08-26T11:10:01.235Z"
      },
      "observed": "B_PREEMPTED_A_WITH_CANCEL",
      "outcome_class": "B_PREEMPTED_A_WITH_CANCEL",
      "path": [
        "HorusLink client",
        "horus_unity_bridge",
        "ROS goal/cancel topic",
        "horus_backend Nav2ActionAdapter",
        "dummy NavigateToPose action server"
      ],
      "post_revocation_active_duration_s": 0.019587,
      "revision": "eca75cbf559f09ff793d8993338b2f1ffed1adfd",
      "revocation_event": {
        "payload": {
          "event": "lease_released",
          "holder_app_id": "long-probe-A",
          "lease_ttl_ms": 1200,
          "lease_version": 239,
          "leases": [],
          "request_id": "R4_HANDOFF-T02-A-release",
          "robot_name": "robot1",
          "session_id": "R4_HANDOFF-T02-session-A"
        },
        "received_at": {
          "monotonic_s": 180999.741319,
          "wall_utc": "2026-08-26T11:09:51.234Z"
        }
      },
      "revocation_event_timestamp": {
        "monotonic_s": 180999.741319,
        "wall_utc": "2026-08-26T11:09:51.234Z"
      },
      "revocation_initiated_at": {
        "monotonic_s": 180999.740554,
        "wall_utc": "2026-08-26T11:09:51.234Z"
      },
      "runtime_label": "test-only-fix",
      "setup": {
        "catalog_event": {
          "payload": {
            "event": "snapshot",
            "lease_ttl_ms": 1200,
            "lease_version": 230,
            "leases": [],
            "session_id": "horus-long-action-probe"
          },
          "received_at": {
            "monotonic_s": 180997.68915,
            "wall_utc": "2026-08-26T11:09:49.182Z"
          }
        },
        "fresh_trial_state_verified": true,
        "goal_accepted_at": {
          "monotonic_s": 180997.740448,
          "wall_utc": "2026-08-26T11:09:49.234Z"
        },
        "goal_id": "e85770763a526d08582103c07798a639",
        "goal_marker_x": 50.02,
        "goal_publish_sent_at": {
          "monotonic_s": 180997.739084,
          "wall_utc": "2026-08-26T11:09:49.232Z"
        },
        "lease_acquire_event": {
          "payload": {
            "event": "lease_granted",
            "holder_app_id": "long-probe-A",
            "lease_ttl_ms": 1200,
            "lease_version": 231,
            "leases": [
              {
                "acquired_at_ms": 180997729,
                "holder_app_id": "long-probe-A",
                "holder_role": "operator",
                "last_heartbeat_ms": 180997729,
                "lease_version": 231,
                "panel_open": true,
                "robot_name": "robot1",
                "session_id": "R4_HANDOFF-T02-session-A",
                "task_active": true,
                "task_kind": "navigation",
                "teleop_active": true
              }
            ],
            "request_id": "R4_HANDOFF-T02-A-acquire",
            "robot_name": "robot1",
            "session_id": "R4_HANDOFF-T02-session-A"
          },
          "received_at": {
            "monotonic_s": 180997.729804,
            "wall_utc": "2026-08-26T11:09:49.223Z"
          }
        },
        "lease_holder": "A",
        "lease_state_after_acquire": [
          {
            "acquired_at_ms": 180997729,
            "holder_app_id": "long-probe-A",
            "holder_role": "operator",
            "last_heartbeat_ms": 180997729,
            "lease_version": 231,
            "panel_open": true,
            "robot_name": "robot1",
            "session_id": "R4_HANDOFF-T02-session-A",
            "task_active": true,
            "task_kind": "navigation",
            "teleop_active": true
          }
        ]
      },
      "simulated_additional_distance_m": 0.001959,
      "started_at": {
        "monotonic_s": 180997.686731,
        "wall_utc": "2026-08-26T11:09:49.180Z"
      },
      "test_id": "R4_HANDOFF",
      "trial_complete": true,
      "trial_id": "R4_HANDOFF-T02",
      "trial_number": 2,
      "verdict": "MEASURED"
    },
    {
      "a_cancel_request_count": 1,
      "a_goal_preempted": true,
      "a_goal_state_at_observation_end": "CANCELED",
      "b_cancel_request_count": 0,
      "b_goal_accepted": true,
      "b_goal_accepted_at": {
        "monotonic_s": 181011.971458,
        "wall_utc": "2026-08-26T11:10:03.465Z"
      },
      "b_goal_id": "de0aa8d1af193abdd2bb2042f2d7b194",
      "b_goal_publish_sent_at": {
        "monotonic_s": 181011.954909,
        "wall_utc": "2026-08-26T11:10:03.448Z"
      },
      "b_goal_state_at_observation_end": "EXECUTING",
      "b_lease_acquire_event": {
        "payload": {
          "event": "lease_granted",
          "holder_app_id": "long-probe-B",
          "lease_ttl_ms": 1200,
          "lease_version": 285,
          "leases": [
            {
              "acquired_at_ms": 181011929,
              "holder_app_id": "long-probe-B",
              "holder_role": "operator",
              "last_heartbeat_ms": 181011929,
              "lease_version": 285,
              "panel_open": true,
              "robot_name": "robot1",
              "session_id": "R4_HANDOFF-T03-session-B",
              "task_active": true,
              "task_kind": "navigation",
              "teleop_active": true
            }
          ],
          "request_id": "R4_HANDOFF-T03-B-acquire",
          "robot_name": "robot1",
          "session_id": "R4_HANDOFF-T03-session-B"
        },
        "received_at": {
          "monotonic_s": 181011.930492,
          "wall_utc": "2026-08-26T11:10:03.424Z"
        }
      },
      "b_lease_acquire_sent_at": {
        "monotonic_s": 181011.929524,
        "wall_utc": "2026-08-26T11:10:03.423Z"
      },
      "cancel_goal_ids": [
        "4373eeeb1af0d047101a0c3491918b3a"
      ],
      "cancel_request_count_at_measurement_end": 1,
      "checkpoints": [
        {
          "active_goal_count": 1,
          "active_goal_ids": [
            "de0aa8d1af193abdd2bb2042f2d7b194"
          ],
          "goals": {
            "4373eeeb1af0d047101a0c3491918b3a": {
              "cancel_request_count": 1,
              "feedback_count": 8,
              "goal_id": "4373eeeb1af0d047101a0c3491918b3a",
              "last_feedback_navigation_s": 1.972401,
              "last_feedback_simulated_progress_m": 0.19724,
              "state": "CANCELED",
              "target_marker_x": 50.03,
              "terminal_at": {
                "monotonic_s": 181011.915559,
                "wall_utc": "2026-08-26T11:10:03.409Z"
              }
            },
            "de0aa8d1af193abdd2bb2042f2d7b194": {
              "cancel_request_count": 0,
              "feedback_count": 2,
              "goal_id": "de0aa8d1af193abdd2bb2042f2d7b194",
              "last_feedback_navigation_s": 0.287433,
              "last_feedback_simulated_progress_m": 0.028743,
              "state": "EXECUTING",
              "target_marker_x": 60.03,
              "terminal_at": null
            }
          },
          "lease_state": {
            "event": "lease_updated",
            "holder_app_id": "long-probe-B",
            "lease_ttl_ms": 1200,
            "lease_version": 288,
            "leases": [
              {
                "acquired_at_ms": 181011929,
                "holder_app_id": "long-probe-B",
                "holder_role": "operator",
                "last_heartbeat_ms": 181012302,
                "lease_version": 288,
                "panel_open": true,
                "robot_name": "robot1",
                "session_id": "R4_HANDOFF-T03-session-B",
                "task_active": true,
                "task_kind": "navigation",
                "teleop_active": true
              }
            ],
            "request_id": "R4_HANDOFF-T03-B-hb-11",
            "robot_name": "robot1",
            "session_id": "R4_HANDOFF-T03-session-B"
          },
          "observed_at": {
            "monotonic_s": 181012.405357,
            "wall_utc": "2026-08-26T11:10:03.899Z"
          },
          "observed_offset_s": 0.500078,
          "scheduled_offset_s": 0.5
        },
        {
          "active_goal_count": 1,
          "active_goal_ids": [
            "de0aa8d1af193abdd2bb2042f2d7b194"
          ],
          "goals": {
            "4373eeeb1af0d047101a0c3491918b3a": {
              "cancel_request_count": 1,
              "feedback_count": 8,
              "goal_id": "4373eeeb1af0d047101a0c3491918b3a",
              "last_feedback_navigation_s": 1.972401,
              "last_feedback_simulated_progress_m": 0.19724,
              "state": "CANCELED",
              "target_marker_x": 50.03,
              "terminal_at": {
                "monotonic_s": 181011.915559,
                "wall_utc": "2026-08-26T11:10:03.409Z"
              }
            },
            "de0aa8d1af193abdd2bb2042f2d7b194": {
              "cancel_request_count": 0,
              "feedback_count": 4,
              "goal_id": "de0aa8d1af193abdd2bb2042f2d7b194",
              "last_feedback_navigation_s": 0.855009,
              "last_feedback_simulated_progress_m": 0.085501,
              "state": "EXECUTING",
              "target_marker_x": 60.03,
              "terminal_at": null
            }
          },
          "lease_state": {
            "event": "lease_updated",
            "holder_app_id": "long-probe-B",
            "lease_ttl_ms": 1200,
            "lease_version": 290,
            "leases": [
              {
                "acquired_at_ms": 181011929,
                "holder_app_id": "long-probe-B",
                "holder_role": "operator",
                "last_heartbeat_ms": 181012727,
                "lease_version": 290,
                "panel_open": true,
                "robot_name": "robot1",
                "session_id": "R4_HANDOFF-T03-session-B",
                "task_active": true,
                "task_kind": "navigation",
                "teleop_active": true
              }
            ],
            "request_id": "R4_HANDOFF-T03-B-hb-13",
            "robot_name": "robot1",
            "session_id": "R4_HANDOFF-T03-session-B"
          },
          "observed_at": {
            "monotonic_s": 181012.907491,
            "wall_utc": "2026-08-26T11:10:04.401Z"
          },
          "observed_offset_s": 1.002212,
          "scheduled_offset_s": 1.0
        },
        {
          "active_goal_count": 1,
          "active_goal_ids": [
            "de0aa8d1af193abdd2bb2042f2d7b194"
          ],
          "goals": {
            "4373eeeb1af0d047101a0c3491918b3a": {
              "cancel_request_count": 1,
              "feedback_count": 8,
              "goal_id": "4373eeeb1af0d047101a0c3491918b3a",
              "last_feedback_navigation_s": 1.972401,
              "last_feedback_simulated_progress_m": 0.19724,
              "state": "CANCELED",
              "target_marker_x": 50.03,
              "terminal_at": {
                "monotonic_s": 181011.915559,
                "wall_utc": "2026-08-26T11:10:03.409Z"
              }
            },
            "de0aa8d1af193abdd2bb2042f2d7b194": {
              "cancel_request_count": 0,
              "feedback_count": 11,
              "goal_id": "de0aa8d1af193abdd2bb2042f2d7b194",
              "last_feedback_navigation_s": 2.83759,
              "last_feedback_simulated_progress_m": 0.283759,
              "state": "EXECUTING",
              "target_marker_x": 60.03,
              "terminal_at": null
            }
          },
          "lease_state": {
            "event": "lease_updated",
            "holder_app_id": "long-probe-B",
            "lease_ttl_ms": 1200,
            "lease_version": 297,
            "leases": [
              {
                "acquired_at_ms": 181011929,
                "holder_app_id": "long-probe-B",
                "holder_role": "operator",
                "last_heartbeat_ms": 181014849,
                "lease_version": 297,
                "panel_open": true,
                "robot_name": "robot1",
                "session_id": "R4_HANDOFF-T03-session-B",
                "task_active": true,
                "task_kind": "navigation",
                "teleop_active": true
              }
            ],
            "request_id": "R4_HANDOFF-T03-B-hb-20",
            "robot_name": "robot1",
            "session_id": "R4_HANDOFF-T03-session-B"
          },
          "observed_at": {
            "monotonic_s": 181014.90536,
            "wall_utc": "2026-08-26T11:10:06.399Z"
          },
          "observed_offset_s": 3.000081,
          "scheduled_offset_s": 3.0
        },
        {
          "active_goal_count": 1,
          "active_goal_ids": [
            "de0aa8d1af193abdd2bb2042f2d7b194"
          ],
          "goals": {
            "4373eeeb1af0d047101a0c3491918b3a": {
              "cancel_request_count": 1,
              "feedback_count": 8,
              "goal_id": "4373eeeb1af0d047101a0c3491918b3a",
              "last_feedback_navigation_s": 1.972401,
              "last_feedback_simulated_progress_m": 0.19724,
              "state": "CANCELED",
              "target_marker_x": 50.03,
              "terminal_at": {
                "monotonic_s": 181011.915559,
                "wall_utc": "2026-08-26T11:10:03.409Z"
              }
            },
            "de0aa8d1af193abdd2bb2042f2d7b194": {
              "cancel_request_count": 0,
              "feedback_count": 18,
              "goal_id": "de0aa8d1af193abdd2bb2042f2d7b194",
              "last_feedback_navigation_s": 4.814176,
              "last_feedback_simulated_progress_m": 0.481418,
              "state": "EXECUTING",
              "target_marker_x": 60.03,
              "terminal_at": null
            }
          },
          "lease_state": {
            "event": "lease_updated",
            "holder_app_id": "long-probe-B",
            "lease_ttl_ms": 1200,
            "lease_version": 304,
            "leases": [
              {
                "acquired_at_ms": 181011929,
                "holder_app_id": "long-probe-B",
                "holder_role": "operator",
                "last_heartbeat_ms": 181016841,
                "lease_version": 304,
                "panel_open": true,
                "robot_name": "robot1",
                "session_id": "R4_HANDOFF-T03-session-B",
                "task_active": true,
                "task_kind": "navigation",
                "teleop_active": true
              }
            ],
            "request_id": "R4_HANDOFF-T03-B-hb-27",
            "robot_name": "robot1",
            "session_id": "R4_HANDOFF-T03-session-B"
          },
          "observed_at": {
            "monotonic_s": 181016.905354,
            "wall_utc": "2026-08-26T11:10:08.399Z"
          },
          "observed_offset_s": 5.000075,
          "scheduled_offset_s": 5.0
        },
        {
          "active_goal_count": 1,
          "active_goal_ids": [
            "de0aa8d1af193abdd2bb2042f2d7b194"
          ],
          "goals": {
            "4373eeeb1af0d047101a0c3491918b3a": {
              "cancel_request_count": 1,
              "feedback_count": 8,
              "goal_id": "4373eeeb1af0d047101a0c3491918b3a",
              "last_feedback_navigation_s": 1.972401,
              "last_feedback_simulated_progress_m": 0.19724,
              "state": "CANCELED",
              "target_marker_x": 50.03,
              "terminal_at": {
                "monotonic_s": 181011.915559,
                "wall_utc": "2026-08-26T11:10:03.409Z"
              }
            },
            "de0aa8d1af193abdd2bb2042f2d7b194": {
              "cancel_request_count": 0,
              "feedback_count": 36,
              "goal_id": "de0aa8d1af193abdd2bb2042f2d7b194",
              "last_feedback_navigation_s": 9.877533,
              "last_feedback_simulated_progress_m": 0.987753,
              "state": "EXECUTING",
              "target_marker_x": 60.03,
              "terminal_at": null
            }
          },
          "lease_state": {
            "event": "lease_updated",
            "holder_app_id": "long-probe-B",
            "lease_ttl_ms": 1200,
            "lease_version": 320,
            "leases": [
              {
                "acquired_at_ms": 181011929,
                "holder_app_id": "long-probe-B",
                "holder_role": "operator",
                "last_heartbeat_ms": 181021729,
                "lease_version": 320,
                "panel_open": true,
                "robot_name": "robot1",
                "session_id": "R4_HANDOFF-T03-session-B",
                "task_active": true,
                "task_kind": "navigation",
                "teleop_active": true
              }
            ],
            "request_id": "R4_HANDOFF-T03-B-hb-43",
            "robot_name": "robot1",
            "session_id": "R4_HANDOFF-T03-session-B"
          },
          "observed_at": {
            "monotonic_s": 181021.905395,
            "wall_utc": "2026-08-26T11:10:13.399Z"
          },
          "observed_offset_s": 10.000116,
          "scheduled_offset_s": 10.0
        }
      ],
      "cleanup": {
        "active_goal_ids_after_cleanup": [],
        "clean": true,
        "completed_at": {
          "monotonic_s": 181022.011227,
          "wall_utc": "2026-08-26T11:10:13.504Z"
        },
        "forced_goal_ids": [
          "de0aa8d1af193abdd2bb2042f2d7b194"
        ],
        "release_or_close_errors": [],
        "started_at": {
          "monotonic_s": 181021.905758,
          "wall_utc": "2026-08-26T11:10:13.399Z"
        },
        "terminal_wait_errors": []
      },
      "concurrency_events": [
        {
          "active_goal_count": 1,
          "active_goal_ids": [
            "4373eeeb1af0d047101a0c3491918b3a"
          ],
          "at": {
            "monotonic_s": 181009.902317,
            "wall_utc": "2026-08-26T11:10:01.395Z"
          },
          "reason": "goal_accepted"
        },
        {
          "active_goal_count": 1,
          "active_goal_ids": [
            "4373eeeb1af0d047101a0c3491918b3a"
          ],
          "at": {
            "monotonic_s": 181009.90265,
            "wall_utc": "2026-08-26T11:10:01.396Z"
          },
          "reason": "execute_started"
        },
        {
          "active_goal_count": 1,
          "active_goal_ids": [
            "4373eeeb1af0d047101a0c3491918b3a"
          ],
          "at": {
            "monotonic_s": 181011.905998,
            "wall_utc": "2026-08-26T11:10:03.399Z"
          },
          "reason": "cancel_callback"
        },
        {
          "active_goal_count": 0,
          "active_goal_ids": [],
          "at": {
            "monotonic_s": 181011.915623,
            "wall_utc": "2026-08-26T11:10:03.409Z"
          },
          "reason": "goal_terminal"
        },
        {
          "active_goal_count": 1,
          "active_goal_ids": [
            "de0aa8d1af193abdd2bb2042f2d7b194"
          ],
          "at": {
            "monotonic_s": 181011.971519,
            "wall_utc": "2026-08-26T11:10:03.465Z"
          },
          "reason": "goal_accepted"
        },
        {
          "active_goal_count": 1,
          "active_goal_ids": [
            "de0aa8d1af193abdd2bb2042f2d7b194"
          ],
          "at": {
            "monotonic_s": 181011.972139,
            "wall_utc": "2026-08-26T11:10:03.465Z"
          },
          "reason": "execute_started"
        }
      ],
      "distance_model": "constant 0.1 m/s; not physical motion",
      "duration_basis": "revocation_to_terminal",
      "duration_is_right_censored_lower_bound": false,
      "evidence_fields": {
        "active_goal_count_at_observation_end": 1,
        "b_goal_id": "de0aa8d1af193abdd2bb2042f2d7b194",
        "b_goal_status_at_observation_end": "EXECUTING",
        "cancel_goal_ids": [
          "4373eeeb1af0d047101a0c3491918b3a"
        ],
        "cancel_request_times": [
          {
            "monotonic_s": 181011.905961,
            "wall_utc": "2026-08-26T11:10:03.399Z"
          }
        ],
        "cleanup_clean": true,
        "expected": "after A release, B acquires the lease and starts a distinct goal; measure A/B acceptance, overlap, preemption, and cancel IDs",
        "feedback_count_at_observation_end": 8,
        "first_feedback_time": {
          "monotonic_s": 181009.902766,
          "wall_utc": "2026-08-26T11:10:01.396Z"
        },
        "goal_accepted_time": {
          "monotonic_s": 181009.902273,
          "wall_utc": "2026-08-26T11:10:01.395Z"
        },
        "goal_id": "4373eeeb1af0d047101a0c3491918b3a",
        "goal_state_at_observation_end": "CANCELED",
        "goal_terminal_state": "CANCELED",
        "last_feedback_time_at_observation_end": {
          "monotonic_s": 181011.875336,
          "wall_utc": "2026-08-26T11:10:03.368Z"
        },
        "last_simulated_progress_m_at_observation_end": 0.19724,
        "lease_holder": "A",
        "max_simultaneous_active_goals": 1,
        "observed": "B_PREEMPTED_A_WITH_CANCEL",
        "post_revocation_duration_s": 0.01028,
        "revision": "eca75cbf559f09ff793d8993338b2f1ffed1adfd",
        "revocation_time": {
          "monotonic_s": 181011.905279,
          "wall_utc": "2026-08-26T11:10:03.398Z"
        },
        "simulated_additional_distance_m": 0.001028,
        "terminal_time": {
          "monotonic_s": 181011.915559,
          "wall_utc": "2026-08-26T11:10:03.409Z"
        },
        "test_id": "R4_HANDOFF",
        "trial_id": "R4_HANDOFF-T03",
        "verdict": "MEASURED"
      },
      "expected": "after A release, B acquires the lease and starts a distinct goal; measure A/B acceptance, overlap, preemption, and cancel IDs",
      "goal_records_at_measurement_end": {
        "4373eeeb1af0d047101a0c3491918b3a": {
          "accepted_at": {
            "monotonic_s": 181009.902273,
            "wall_utc": "2026-08-26T11:10:01.395Z"
          },
          "active_duration_s": 2.012923,
          "cancel_callbacks": [
            {
              "callback_at": {
                "monotonic_s": 181011.905961,
                "wall_utc": "2026-08-26T11:10:03.399Z"
              },
              "cancel_goal_id": "4373eeeb1af0d047101a0c3491918b3a"
            }
          ],
          "execute_started_at": {
            "monotonic_s": 181009.902636,
            "wall_utc": "2026-08-26T11:10:01.396Z"
          },
          "feedback_count": 8,
          "feedback_errors": [],
          "first_feedback_at": {
            "monotonic_s": 181009.902766,
            "wall_utc": "2026-08-26T11:10:01.396Z"
          },
          "goal_id": "4373eeeb1af0d047101a0c3491918b3a",
          "last_feedback_at": {
            "monotonic_s": 181011.875336,
            "wall_utc": "2026-08-26T11:10:03.368Z"
          },
          "last_feedback_navigation_s": 1.972401,
          "last_feedback_simulated_progress_m": 0.19724,
          "simulated_distance_at_terminal_m": 0.201292,
          "state": "CANCELED",
          "state_history": [
            {
              "at": {
                "monotonic_s": 181009.902273,
                "wall_utc": "2026-08-26T11:10:01.395Z"
              },
              "state": "ACCEPTED"
            },
            {
              "at": {
                "monotonic_s": 181009.902636,
                "wall_utc": "2026-08-26T11:10:01.396Z"
              },
              "state": "EXECUTING"
            },
            {
              "at": {
                "monotonic_s": 181011.905961,
                "wall_utc": "2026-08-26T11:10:03.399Z"
              },
              "state": "CANCEL_REQUEST_ACCEPTED"
            },
            {
              "at": {
                "monotonic_s": 181011.915559,
                "wall_utc": "2026-08-26T11:10:03.409Z"
              },
              "reason": "action_server_observed_cancel_request",
              "state": "CANCELED"
            }
          ],
          "target_marker_x": 50.03,
          "terminal_at": {
            "monotonic_s": 181011.915559,
            "wall_utc": "2026-08-26T11:10:03.409Z"
          },
          "terminal_reason": "action_server_observed_cancel_request",
          "test_cleanup_requested_at": null
        },
        "de0aa8d1af193abdd2bb2042f2d7b194": {
          "accepted_at": {
            "monotonic_s": 181011.971458,
            "wall_utc": "2026-08-26T11:10:03.465Z"
          },
          "cancel_callbacks": [],
          "execute_started_at": {
            "monotonic_s": 181011.97212,
            "wall_utc": "2026-08-26T11:10:03.465Z"
          },
          "feedback_count": 36,
          "feedback_errors": [],
          "first_feedback_at": {
            "monotonic_s": 181011.97227,
            "wall_utc": "2026-08-26T11:10:03.465Z"
          },
          "goal_id": "de0aa8d1af193abdd2bb2042f2d7b194",
          "last_feedback_at": {
            "monotonic_s": 181021.849918,
            "wall_utc": "2026-08-26T11:10:13.343Z"
          },
          "last_feedback_navigation_s": 9.877533,
          "last_feedback_simulated_progress_m": 0.987753,
          "state": "EXECUTING",
          "state_history": [
            {
              "at": {
                "monotonic_s": 181011.971458,
                "wall_utc": "2026-08-26T11:10:03.465Z"
              },
              "state": "ACCEPTED"
            },
            {
              "at": {
                "monotonic_s": 181011.97212,
                "wall_utc": "2026-08-26T11:10:03.465Z"
              },
              "state": "EXECUTING"
            }
          ],
          "target_marker_x": 60.03,
          "terminal_at": null,
          "terminal_reason": null,
          "test_cleanup_requested_at": null
        }
      },
      "goal_records_final": {
        "4373eeeb1af0d047101a0c3491918b3a": {
          "accepted_at": {
            "monotonic_s": 181009.902273,
            "wall_utc": "2026-08-26T11:10:01.395Z"
          },
          "active_duration_s": 2.012923,
          "cancel_callbacks": [
            {
              "callback_at": {
                "monotonic_s": 181011.905961,
                "wall_utc": "2026-08-26T11:10:03.399Z"
              },
              "cancel_goal_id": "4373eeeb1af0d047101a0c3491918b3a"
            }
          ],
          "execute_started_at": {
            "monotonic_s": 181009.902636,
            "wall_utc": "2026-08-26T11:10:01.396Z"
          },
          "feedback_count": 8,
          "feedback_errors": [],
          "first_feedback_at": {
            "monotonic_s": 181009.902766,
            "wall_utc": "2026-08-26T11:10:01.396Z"
          },
          "goal_id": "4373eeeb1af0d047101a0c3491918b3a",
          "last_feedback_at": {
            "monotonic_s": 181011.875336,
            "wall_utc": "2026-08-26T11:10:03.368Z"
          },
          "last_feedback_navigation_s": 1.972401,
          "last_feedback_simulated_progress_m": 0.19724,
          "simulated_distance_at_terminal_m": 0.201292,
          "state": "CANCELED",
          "state_history": [
            {
              "at": {
                "monotonic_s": 181009.902273,
                "wall_utc": "2026-08-26T11:10:01.395Z"
              },
              "state": "ACCEPTED"
            },
            {
              "at": {
                "monotonic_s": 181009.902636,
                "wall_utc": "2026-08-26T11:10:01.396Z"
              },
              "state": "EXECUTING"
            },
            {
              "at": {
                "monotonic_s": 181011.905961,
                "wall_utc": "2026-08-26T11:10:03.399Z"
              },
              "state": "CANCEL_REQUEST_ACCEPTED"
            },
            {
              "at": {
                "monotonic_s": 181011.915559,
                "wall_utc": "2026-08-26T11:10:03.409Z"
              },
              "reason": "action_server_observed_cancel_request",
              "state": "CANCELED"
            }
          ],
          "target_marker_x": 50.03,
          "terminal_at": {
            "monotonic_s": 181011.915559,
            "wall_utc": "2026-08-26T11:10:03.409Z"
          },
          "terminal_reason": "action_server_observed_cancel_request",
          "test_cleanup_requested_at": null
        },
        "de0aa8d1af193abdd2bb2042f2d7b194": {
          "accepted_at": {
            "monotonic_s": 181011.971458,
            "wall_utc": "2026-08-26T11:10:03.465Z"
          },
          "active_duration_s": 9.933802,
          "cancel_callbacks": [],
          "execute_started_at": {
            "monotonic_s": 181011.97212,
            "wall_utc": "2026-08-26T11:10:03.465Z"
          },
          "feedback_count": 36,
          "feedback_errors": [],
          "first_feedback_at": {
            "monotonic_s": 181011.97227,
            "wall_utc": "2026-08-26T11:10:03.465Z"
          },
          "goal_id": "de0aa8d1af193abdd2bb2042f2d7b194",
          "last_feedback_at": {
            "monotonic_s": 181021.849918,
            "wall_utc": "2026-08-26T11:10:13.343Z"
          },
          "last_feedback_navigation_s": 9.877533,
          "last_feedback_simulated_progress_m": 0.987753,
          "simulated_distance_at_terminal_m": 0.99338,
          "state": "ABORTED_BY_TEST_CLEANUP",
          "state_history": [
            {
              "at": {
                "monotonic_s": 181011.971458,
                "wall_utc": "2026-08-26T11:10:03.465Z"
              },
              "state": "ACCEPTED"
            },
            {
              "at": {
                "monotonic_s": 181011.97212,
                "wall_utc": "2026-08-26T11:10:03.465Z"
              },
              "state": "EXECUTING"
            },
            {
              "at": {
                "monotonic_s": 181021.905922,
                "wall_utc": "2026-08-26T11:10:13.399Z"
              },
              "reason": "forced_cleanup_after_measurement",
              "state": "ABORTED_BY_TEST_CLEANUP"
            }
          ],
          "target_marker_x": 60.03,
          "terminal_at": {
            "monotonic_s": 181021.905922,
            "wall_utc": "2026-08-26T11:10:13.399Z"
          },
          "terminal_reason": "forced_cleanup_after_measurement",
          "test_cleanup_requested_at": {
            "monotonic_s": 181021.905763,
            "wall_utc": "2026-08-26T11:10:13.399Z"
          }
        }
      },
      "heartbeat_counts": {
        "A": 8,
        "B": 35
      },
      "interpretation_guardrail": "concurrency is in a non-physical dummy action server configured to accept multiple goals; it is not evidence of a physical collision or stock Nav2 controller preemption behavior",
      "lease_holder": "A",
      "max_simultaneous_active_goals": 1,
      "measurement_completed_at": {
        "monotonic_s": 181021.90575,
        "wall_utc": "2026-08-26T11:10:13.399Z"
      },
      "observed": "B_PREEMPTED_A_WITH_CANCEL",
      "outcome_class": "B_PREEMPTED_A_WITH_CANCEL",
      "path": [
        "HorusLink client",
        "horus_unity_bridge",
        "ROS goal/cancel topic",
        "horus_backend Nav2ActionAdapter",
        "dummy NavigateToPose action server"
      ],
      "post_revocation_active_duration_s": 0.01028,
      "revision": "eca75cbf559f09ff793d8993338b2f1ffed1adfd",
      "revocation_event": {
        "payload": {
          "event": "lease_released",
          "holder_app_id": "long-probe-A",
          "lease_ttl_ms": 1200,
          "lease_version": 284,
          "leases": [],
          "request_id": "R4_HANDOFF-T03-A-release",
          "robot_name": "robot1",
          "session_id": "R4_HANDOFF-T03-session-A"
        },
        "received_at": {
          "monotonic_s": 181011.905279,
          "wall_utc": "2026-08-26T11:10:03.398Z"
        }
      },
      "revocation_event_timestamp": {
        "monotonic_s": 181011.905279,
        "wall_utc": "2026-08-26T11:10:03.398Z"
      },
      "revocation_initiated_at": {
        "monotonic_s": 181011.904091,
        "wall_utc": "2026-08-26T11:10:03.397Z"
      },
      "runtime_label": "test-only-fix",
      "setup": {
        "catalog_event": {
          "payload": {
            "event": "snapshot",
            "lease_ttl_ms": 1200,
            "lease_version": 275,
            "leases": [],
            "session_id": "horus-long-action-probe"
          },
          "received_at": {
            "monotonic_s": 181009.850866,
            "wall_utc": "2026-08-26T11:10:01.344Z"
          }
        },
        "fresh_trial_state_verified": true,
        "goal_accepted_at": {
          "monotonic_s": 181009.902273,
          "wall_utc": "2026-08-26T11:10:01.395Z"
        },
        "goal_id": "4373eeeb1af0d047101a0c3491918b3a",
        "goal_marker_x": 50.03,
        "goal_publish_sent_at": {
          "monotonic_s": 181009.900542,
          "wall_utc": "2026-08-26T11:10:01.394Z"
        },
        "lease_acquire_event": {
          "payload": {
            "event": "lease_granted",
            "holder_app_id": "long-probe-A",
            "lease_ttl_ms": 1200,
            "lease_version": 276,
            "leases": [
              {
                "acquired_at_ms": 181009892,
                "holder_app_id": "long-probe-A",
                "holder_role": "operator",
                "last_heartbeat_ms": 181009892,
                "lease_version": 276,
                "panel_open": true,
                "robot_name": "robot1",
                "session_id": "R4_HANDOFF-T03-session-A",
                "task_active": true,
                "task_kind": "navigation",
                "teleop_active": true
              }
            ],
            "request_id": "R4_HANDOFF-T03-A-acquire",
            "robot_name": "robot1",
            "session_id": "R4_HANDOFF-T03-session-A"
          },
          "received_at": {
            "monotonic_s": 181009.896913,
            "wall_utc": "2026-08-26T11:10:01.390Z"
          }
        },
        "lease_holder": "A",
        "lease_state_after_acquire": [
          {
            "acquired_at_ms": 181009892,
            "holder_app_id": "long-probe-A",
            "holder_role": "operator",
            "last_heartbeat_ms": 181009892,
            "lease_version": 276,
            "panel_open": true,
            "robot_name": "robot1",
            "session_id": "R4_HANDOFF-T03-session-A",
            "task_active": true,
            "task_kind": "navigation",
            "teleop_active": true
          }
        ]
      },
      "simulated_additional_distance_m": 0.001028,
      "started_at": {
        "monotonic_s": 181009.847341,
        "wall_utc": "2026-08-26T11:10:01.341Z"
      },
      "test_id": "R4_HANDOFF",
      "trial_complete": true,
      "trial_id": "R4_HANDOFF-T03",
      "trial_number": 3,
      "verdict": "MEASURED"
    },
    {
      "a_cancel_request_count": 1,
      "a_goal_preempted": true,
      "a_goal_state_at_observation_end": "CANCELED",
      "b_cancel_request_count": 0,
      "b_goal_accepted": true,
      "b_goal_accepted_at": {
        "monotonic_s": 181024.135207,
        "wall_utc": "2026-08-26T11:10:15.628Z"
      },
      "b_goal_id": "5d80b8c44ead6c2b049c21d9e977311e",
      "b_goal_publish_sent_at": {
        "monotonic_s": 181024.118739,
        "wall_utc": "2026-08-26T11:10:15.612Z"
      },
      "b_goal_state_at_observation_end": "EXECUTING",
      "b_lease_acquire_event": {
        "payload": {
          "event": "lease_granted",
          "holder_app_id": "long-probe-B",
          "lease_ttl_ms": 1200,
          "lease_version": 330,
          "leases": [
            {
              "acquired_at_ms": 181024093,
              "holder_app_id": "long-probe-B",
              "holder_role": "operator",
              "last_heartbeat_ms": 181024093,
              "lease_version": 330,
              "panel_open": true,
              "robot_name": "robot1",
              "session_id": "R4_HANDOFF-T04-session-B",
              "task_active": true,
              "task_kind": "navigation",
              "teleop_active": true
            }
          ],
          "request_id": "R4_HANDOFF-T04-B-acquire",
          "robot_name": "robot1",
          "session_id": "R4_HANDOFF-T04-session-B"
        },
        "received_at": {
          "monotonic_s": 181024.094268,
          "wall_utc": "2026-08-26T11:10:15.587Z"
        }
      },
      "b_lease_acquire_sent_at": {
        "monotonic_s": 181024.093429,
        "wall_utc": "2026-08-26T11:10:15.587Z"
      },
      "cancel_goal_ids": [
        "5330290cd18c5819b4c46c072f1ab07e"
      ],
      "cancel_request_count_at_measurement_end": 1,
      "checkpoints": [
        {
          "active_goal_count": 1,
          "active_goal_ids": [
            "5d80b8c44ead6c2b049c21d9e977311e"
          ],
          "goals": {
            "5330290cd18c5819b4c46c072f1ab07e": {
              "cancel_request_count": 1,
              "feedback_count": 8,
              "goal_id": "5330290cd18c5819b4c46c072f1ab07e",
              "last_feedback_navigation_s": 1.977987,
              "last_feedback_simulated_progress_m": 0.197799,
              "state": "CANCELED",
              "target_marker_x": 50.04,
              "terminal_at": {
                "monotonic_s": 181024.085829,
                "wall_utc": "2026-08-26T11:10:15.579Z"
              }
            },
            "5d80b8c44ead6c2b049c21d9e977311e": {
              "cancel_request_count": 0,
              "feedback_count": 2,
              "goal_id": "5d80b8c44ead6c2b049c21d9e977311e",
              "last_feedback_navigation_s": 0.280976,
              "last_feedback_simulated_progress_m": 0.028098,
              "state": "EXECUTING",
              "target_marker_x": 60.04,
              "terminal_at": null
            }
          },
          "lease_state": {
            "event": "lease_updated",
            "holder_app_id": "long-probe-B",
            "lease_ttl_ms": 1200,
            "lease_version": 333,
            "leases": [
              {
                "acquired_at_ms": 181024093,
                "holder_app_id": "long-probe-B",
                "holder_role": "operator",
                "last_heartbeat_ms": 181024465,
                "lease_version": 333,
                "panel_open": true,
                "robot_name": "robot1",
                "session_id": "R4_HANDOFF-T04-session-B",
                "task_active": true,
                "task_kind": "navigation",
                "teleop_active": true
              }
            ],
            "request_id": "R4_HANDOFF-T04-B-hb-11",
            "robot_name": "robot1",
            "session_id": "R4_HANDOFF-T04-session-B"
          },
          "observed_at": {
            "monotonic_s": 181024.585757,
            "wall_utc": "2026-08-26T11:10:16.079Z"
          },
          "observed_offset_s": 0.500065,
          "scheduled_offset_s": 0.5
        },
        {
          "active_goal_count": 1,
          "active_goal_ids": [
            "5d80b8c44ead6c2b049c21d9e977311e"
          ],
          "goals": {
            "5330290cd18c5819b4c46c072f1ab07e": {
              "cancel_request_count": 1,
              "feedback_count": 8,
              "goal_id": "5330290cd18c5819b4c46c072f1ab07e",
              "last_feedback_navigation_s": 1.977987,
              "last_feedback_simulated_progress_m": 0.197799,
              "state": "CANCELED",
              "target_marker_x": 50.04,
              "terminal_at": {
                "monotonic_s": 181024.085829,
                "wall_utc": "2026-08-26T11:10:15.579Z"
              }
            },
            "5d80b8c44ead6c2b049c21d9e977311e": {
              "cancel_request_count": 0,
              "feedback_count": 4,
              "goal_id": "5d80b8c44ead6c2b049c21d9e977311e",
              "last_feedback_navigation_s": 0.843343,
              "last_feedback_simulated_progress_m": 0.084334,
              "state": "EXECUTING",
              "target_marker_x": 60.04,
              "terminal_at": null
            }
          },
          "lease_state": {
            "event": "lease_updated",
            "holder_app_id": "long-probe-B",
            "lease_ttl_ms": 1200,
            "lease_version": 335,
            "leases": [
              {
                "acquired_at_ms": 181024093,
                "holder_app_id": "long-probe-B",
                "holder_role": "operator",
                "last_heartbeat_ms": 181024909,
                "lease_version": 335,
                "panel_open": true,
                "robot_name": "robot1",
                "session_id": "R4_HANDOFF-T04-session-B",
                "task_active": true,
                "task_kind": "navigation",
                "teleop_active": true
              }
            ],
            "request_id": "R4_HANDOFF-T04-B-hb-13",
            "robot_name": "robot1",
            "session_id": "R4_HANDOFF-T04-session-B"
          },
          "observed_at": {
            "monotonic_s": 181025.085767,
            "wall_utc": "2026-08-26T11:10:16.579Z"
          },
          "observed_offset_s": 1.000075,
          "scheduled_offset_s": 1.0
        },
        {
          "active_goal_count": 1,
          "active_goal_ids": [
            "5d80b8c44ead6c2b049c21d9e977311e"
          ],
          "goals": {
            "5330290cd18c5819b4c46c072f1ab07e": {
              "cancel_request_count": 1,
              "feedback_count": 8,
              "goal_id": "5330290cd18c5819b4c46c072f1ab07e",
              "last_feedback_navigation_s": 1.977987,
              "last_feedback_simulated_progress_m": 0.197799,
              "state": "CANCELED",
              "target_marker_x": 50.04,
              "terminal_at": {
                "monotonic_s": 181024.085829,
                "wall_utc": "2026-08-26T11:10:15.579Z"
              }
            },
            "5d80b8c44ead6c2b049c21d9e977311e": {
              "cancel_request_count": 0,
              "feedback_count": 11,
              "goal_id": "5d80b8c44ead6c2b049c21d9e977311e",
              "last_feedback_navigation_s": 2.8181,
              "last_feedback_simulated_progress_m": 0.28181,
              "state": "EXECUTING",
              "target_marker_x": 60.04,
              "terminal_at": null
            }
          },
          "lease_state": {
            "event": "lease_updated",
            "holder_app_id": "long-probe-B",
            "lease_ttl_ms": 1200,
            "lease_version": 342,
            "leases": [
              {
                "acquired_at_ms": 181024093,
                "holder_app_id": "long-probe-B",
                "holder_role": "operator",
                "last_heartbeat_ms": 181027017,
                "lease_version": 342,
                "panel_open": true,
                "robot_name": "robot1",
                "session_id": "R4_HANDOFF-T04-session-B",
                "task_active": true,
                "task_kind": "navigation",
                "teleop_active": true
              }
            ],
            "request_id": "R4_HANDOFF-T04-B-hb-20",
            "robot_name": "robot1",
            "session_id": "R4_HANDOFF-T04-session-B"
          },
          "observed_at": {
            "monotonic_s": 181027.085766,
            "wall_utc": "2026-08-26T11:10:18.579Z"
          },
          "observed_offset_s": 3.000074,
          "scheduled_offset_s": 3.0
        },
        {
          "active_goal_count": 1,
          "active_goal_ids": [
            "5d80b8c44ead6c2b049c21d9e977311e"
          ],
          "goals": {
            "5330290cd18c5819b4c46c072f1ab07e": {
              "cancel_request_count": 1,
              "feedback_count": 8,
              "goal_id": "5330290cd18c5819b4c46c072f1ab07e",
              "last_feedback_navigation_s": 1.977987,
              "last_feedback_simulated_progress_m": 0.197799,
              "state": "CANCELED",
              "target_marker_x": 50.04,
              "terminal_at": {
                "monotonic_s": 181024.085829,
                "wall_utc": "2026-08-26T11:10:15.579Z"
              }
            },
            "5d80b8c44ead6c2b049c21d9e977311e": {
              "cancel_request_count": 0,
              "feedback_count": 18,
              "goal_id": "5d80b8c44ead6c2b049c21d9e977311e",
              "last_feedback_navigation_s": 4.793558,
              "last_feedback_simulated_progress_m": 0.479356,
              "state": "EXECUTING",
              "target_marker_x": 60.04,
              "terminal_at": null
            }
          },
          "lease_state": {
            "event": "lease_updated",
            "holder_app_id": "long-probe-B",
            "lease_ttl_ms": 1200,
            "lease_version": 349,
            "leases": [
              {
                "acquired_at_ms": 181024093,
                "holder_app_id": "long-probe-B",
                "holder_role": "operator",
                "last_heartbeat_ms": 181029022,
                "lease_version": 349,
                "panel_open": true,
                "robot_name": "robot1",
                "session_id": "R4_HANDOFF-T04-session-B",
                "task_active": true,
                "task_kind": "navigation",
                "teleop_active": true
              }
            ],
            "request_id": "R4_HANDOFF-T04-B-hb-27",
            "robot_name": "robot1",
            "session_id": "R4_HANDOFF-T04-session-B"
          },
          "observed_at": {
            "monotonic_s": 181029.085772,
            "wall_utc": "2026-08-26T11:10:20.579Z"
          },
          "observed_offset_s": 5.00008,
          "scheduled_offset_s": 5.0
        },
        {
          "active_goal_count": 1,
          "active_goal_ids": [
            "5d80b8c44ead6c2b049c21d9e977311e"
          ],
          "goals": {
            "5330290cd18c5819b4c46c072f1ab07e": {
              "cancel_request_count": 1,
              "feedback_count": 8,
              "goal_id": "5330290cd18c5819b4c46c072f1ab07e",
              "last_feedback_navigation_s": 1.977987,
              "last_feedback_simulated_progress_m": 0.197799,
              "state": "CANCELED",
              "target_marker_x": 50.04,
              "terminal_at": {
                "monotonic_s": 181024.085829,
                "wall_utc": "2026-08-26T11:10:15.579Z"
              }
            },
            "5d80b8c44ead6c2b049c21d9e977311e": {
              "cancel_request_count": 0,
              "feedback_count": 36,
              "goal_id": "5d80b8c44ead6c2b049c21d9e977311e",
              "last_feedback_navigation_s": 9.879876,
              "last_feedback_simulated_progress_m": 0.987988,
              "state": "EXECUTING",
              "target_marker_x": 60.04,
              "terminal_at": null
            }
          },
          "lease_state": {
            "event": "lease_updated",
            "holder_app_id": "long-probe-B",
            "lease_ttl_ms": 1200,
            "lease_version": 365,
            "leases": [
              {
                "acquired_at_ms": 181024093,
                "holder_app_id": "long-probe-B",
                "holder_role": "operator",
                "last_heartbeat_ms": 181033914,
                "lease_version": 365,
                "panel_open": true,
                "robot_name": "robot1",
                "session_id": "R4_HANDOFF-T04-session-B",
                "task_active": true,
                "task_kind": "navigation",
                "teleop_active": true
              }
            ],
            "request_id": "R4_HANDOFF-T04-B-hb-43",
            "robot_name": "robot1",
            "session_id": "R4_HANDOFF-T04-session-B"
          },
          "observed_at": {
            "monotonic_s": 181034.085776,
            "wall_utc": "2026-08-26T11:10:25.579Z"
          },
          "observed_offset_s": 10.000084,
          "scheduled_offset_s": 10.0
        }
      ],
      "cleanup": {
        "active_goal_ids_after_cleanup": [],
        "clean": true,
        "completed_at": {
          "monotonic_s": 181034.192175,
          "wall_utc": "2026-08-26T11:10:25.685Z"
        },
        "forced_goal_ids": [
          "5d80b8c44ead6c2b049c21d9e977311e"
        ],
        "release_or_close_errors": [],
        "started_at": {
          "monotonic_s": 181034.086491,
          "wall_utc": "2026-08-26T11:10:25.580Z"
        },
        "terminal_wait_errors": []
      },
      "concurrency_events": [
        {
          "active_goal_count": 1,
          "active_goal_ids": [
            "5330290cd18c5819b4c46c072f1ab07e"
          ],
          "at": {
            "monotonic_s": 181022.066152,
            "wall_utc": "2026-08-26T11:10:13.559Z"
          },
          "reason": "goal_accepted"
        },
        {
          "active_goal_count": 1,
          "active_goal_ids": [
            "5330290cd18c5819b4c46c072f1ab07e"
          ],
          "at": {
            "monotonic_s": 181022.066441,
            "wall_utc": "2026-08-26T11:10:13.560Z"
          },
          "reason": "execute_started"
        },
        {
          "active_goal_count": 1,
          "active_goal_ids": [
            "5330290cd18c5819b4c46c072f1ab07e"
          ],
          "at": {
            "monotonic_s": 181024.085332,
            "wall_utc": "2026-08-26T11:10:15.578Z"
          },
          "reason": "cancel_callback"
        },
        {
          "active_goal_count": 0,
          "active_goal_ids": [],
          "at": {
            "monotonic_s": 181024.085864,
            "wall_utc": "2026-08-26T11:10:15.579Z"
          },
          "reason": "goal_terminal"
        },
        {
          "active_goal_count": 1,
          "active_goal_ids": [
            "5d80b8c44ead6c2b049c21d9e977311e"
          ],
          "at": {
            "monotonic_s": 181024.135261,
            "wall_utc": "2026-08-26T11:10:15.628Z"
          },
          "reason": "goal_accepted"
        },
        {
          "active_goal_count": 1,
          "active_goal_ids": [
            "5d80b8c44ead6c2b049c21d9e977311e"
          ],
          "at": {
            "monotonic_s": 181024.135741,
            "wall_utc": "2026-08-26T11:10:15.629Z"
          },
          "reason": "execute_started"
        }
      ],
      "distance_model": "constant 0.1 m/s; not physical motion",
      "duration_basis": "revocation_to_terminal",
      "duration_is_right_censored_lower_bound": false,
      "evidence_fields": {
        "active_goal_count_at_observation_end": 1,
        "b_goal_id": "5d80b8c44ead6c2b049c21d9e977311e",
        "b_goal_status_at_observation_end": "EXECUTING",
        "cancel_goal_ids": [
          "5330290cd18c5819b4c46c072f1ab07e"
        ],
        "cancel_request_times": [
          {
            "monotonic_s": 181024.085254,
            "wall_utc": "2026-08-26T11:10:15.578Z"
          }
        ],
        "cleanup_clean": true,
        "expected": "after A release, B acquires the lease and starts a distinct goal; measure A/B acceptance, overlap, preemption, and cancel IDs",
        "feedback_count_at_observation_end": 8,
        "first_feedback_time": {
          "monotonic_s": 181022.066553,
          "wall_utc": "2026-08-26T11:10:13.560Z"
        },
        "goal_accepted_time": {
          "monotonic_s": 181022.066123,
          "wall_utc": "2026-08-26T11:10:13.559Z"
        },
        "goal_id": "5330290cd18c5819b4c46c072f1ab07e",
        "goal_state_at_observation_end": "CANCELED",
        "goal_terminal_state": "CANCELED",
        "last_feedback_time_at_observation_end": {
          "monotonic_s": 181024.044603,
          "wall_utc": "2026-08-26T11:10:15.538Z"
        },
        "last_simulated_progress_m_at_observation_end": 0.197799,
        "lease_holder": "A",
        "max_simultaneous_active_goals": 1,
        "observed": "B_PREEMPTED_A_WITH_CANCEL",
        "post_revocation_duration_s": 0.000137,
        "revision": "eca75cbf559f09ff793d8993338b2f1ffed1adfd",
        "revocation_time": {
          "monotonic_s": 181024.085692,
          "wall_utc": "2026-08-26T11:10:15.579Z"
        },
        "simulated_additional_distance_m": 1.4e-05,
        "terminal_time": {
          "monotonic_s": 181024.085829,
          "wall_utc": "2026-08-26T11:10:15.579Z"
        },
        "test_id": "R4_HANDOFF",
        "trial_id": "R4_HANDOFF-T04",
        "verdict": "MEASURED"
      },
      "expected": "after A release, B acquires the lease and starts a distinct goal; measure A/B acceptance, overlap, preemption, and cancel IDs",
      "goal_records_at_measurement_end": {
        "5330290cd18c5819b4c46c072f1ab07e": {
          "accepted_at": {
            "monotonic_s": 181022.066123,
            "wall_utc": "2026-08-26T11:10:13.559Z"
          },
          "active_duration_s": 2.019404,
          "cancel_callbacks": [
            {
              "callback_at": {
                "monotonic_s": 181024.085254,
                "wall_utc": "2026-08-26T11:10:15.578Z"
              },
              "cancel_goal_id": "5330290cd18c5819b4c46c072f1ab07e"
            }
          ],
          "execute_started_at": {
            "monotonic_s": 181022.066425,
            "wall_utc": "2026-08-26T11:10:13.560Z"
          },
          "feedback_count": 8,
          "feedback_errors": [],
          "first_feedback_at": {
            "monotonic_s": 181022.066553,
            "wall_utc": "2026-08-26T11:10:13.560Z"
          },
          "goal_id": "5330290cd18c5819b4c46c072f1ab07e",
          "last_feedback_at": {
            "monotonic_s": 181024.044603,
            "wall_utc": "2026-08-26T11:10:15.538Z"
          },
          "last_feedback_navigation_s": 1.977987,
          "last_feedback_simulated_progress_m": 0.197799,
          "simulated_distance_at_terminal_m": 0.20194,
          "state": "CANCELED",
          "state_history": [
            {
              "at": {
                "monotonic_s": 181022.066123,
                "wall_utc": "2026-08-26T11:10:13.559Z"
              },
              "state": "ACCEPTED"
            },
            {
              "at": {
                "monotonic_s": 181022.066425,
                "wall_utc": "2026-08-26T11:10:13.560Z"
              },
              "state": "EXECUTING"
            },
            {
              "at": {
                "monotonic_s": 181024.085254,
                "wall_utc": "2026-08-26T11:10:15.578Z"
              },
              "state": "CANCEL_REQUEST_ACCEPTED"
            },
            {
              "at": {
                "monotonic_s": 181024.085829,
                "wall_utc": "2026-08-26T11:10:15.579Z"
              },
              "reason": "action_server_observed_cancel_request",
              "state": "CANCELED"
            }
          ],
          "target_marker_x": 50.04,
          "terminal_at": {
            "monotonic_s": 181024.085829,
            "wall_utc": "2026-08-26T11:10:15.579Z"
          },
          "terminal_reason": "action_server_observed_cancel_request",
          "test_cleanup_requested_at": null
        },
        "5d80b8c44ead6c2b049c21d9e977311e": {
          "accepted_at": {
            "monotonic_s": 181024.135207,
            "wall_utc": "2026-08-26T11:10:15.628Z"
          },
          "cancel_callbacks": [],
          "execute_started_at": {
            "monotonic_s": 181024.13572,
            "wall_utc": "2026-08-26T11:10:15.629Z"
          },
          "feedback_count": 36,
          "feedback_errors": [],
          "first_feedback_at": {
            "monotonic_s": 181024.135923,
            "wall_utc": "2026-08-26T11:10:15.629Z"
          },
          "goal_id": "5d80b8c44ead6c2b049c21d9e977311e",
          "last_feedback_at": {
            "monotonic_s": 181034.016062,
            "wall_utc": "2026-08-26T11:10:25.509Z"
          },
          "last_feedback_navigation_s": 9.879876,
          "last_feedback_simulated_progress_m": 0.987988,
          "state": "EXECUTING",
          "state_history": [
            {
              "at": {
                "monotonic_s": 181024.135207,
                "wall_utc": "2026-08-26T11:10:15.628Z"
              },
              "state": "ACCEPTED"
            },
            {
              "at": {
                "monotonic_s": 181024.13572,
                "wall_utc": "2026-08-26T11:10:15.629Z"
              },
              "state": "EXECUTING"
            }
          ],
          "target_marker_x": 60.04,
          "terminal_at": null,
          "terminal_reason": null,
          "test_cleanup_requested_at": null
        }
      },
      "goal_records_final": {
        "5330290cd18c5819b4c46c072f1ab07e": {
          "accepted_at": {
            "monotonic_s": 181022.066123,
            "wall_utc": "2026-08-26T11:10:13.559Z"
          },
          "active_duration_s": 2.019404,
          "cancel_callbacks": [
            {
              "callback_at": {
                "monotonic_s": 181024.085254,
                "wall_utc": "2026-08-26T11:10:15.578Z"
              },
              "cancel_goal_id": "5330290cd18c5819b4c46c072f1ab07e"
            }
          ],
          "execute_started_at": {
            "monotonic_s": 181022.066425,
            "wall_utc": "2026-08-26T11:10:13.560Z"
          },
          "feedback_count": 8,
          "feedback_errors": [],
          "first_feedback_at": {
            "monotonic_s": 181022.066553,
            "wall_utc": "2026-08-26T11:10:13.560Z"
          },
          "goal_id": "5330290cd18c5819b4c46c072f1ab07e",
          "last_feedback_at": {
            "monotonic_s": 181024.044603,
            "wall_utc": "2026-08-26T11:10:15.538Z"
          },
          "last_feedback_navigation_s": 1.977987,
          "last_feedback_simulated_progress_m": 0.197799,
          "simulated_distance_at_terminal_m": 0.20194,
          "state": "CANCELED",
          "state_history": [
            {
              "at": {
                "monotonic_s": 181022.066123,
                "wall_utc": "2026-08-26T11:10:13.559Z"
              },
              "state": "ACCEPTED"
            },
            {
              "at": {
                "monotonic_s": 181022.066425,
                "wall_utc": "2026-08-26T11:10:13.560Z"
              },
              "state": "EXECUTING"
            },
            {
              "at": {
                "monotonic_s": 181024.085254,
                "wall_utc": "2026-08-26T11:10:15.578Z"
              },
              "state": "CANCEL_REQUEST_ACCEPTED"
            },
            {
              "at": {
                "monotonic_s": 181024.085829,
                "wall_utc": "2026-08-26T11:10:15.579Z"
              },
              "reason": "action_server_observed_cancel_request",
              "state": "CANCELED"
            }
          ],
          "target_marker_x": 50.04,
          "terminal_at": {
            "monotonic_s": 181024.085829,
            "wall_utc": "2026-08-26T11:10:15.579Z"
          },
          "terminal_reason": "action_server_observed_cancel_request",
          "test_cleanup_requested_at": null
        },
        "5d80b8c44ead6c2b049c21d9e977311e": {
          "accepted_at": {
            "monotonic_s": 181024.135207,
            "wall_utc": "2026-08-26T11:10:15.628Z"
          },
          "active_duration_s": 9.951012,
          "cancel_callbacks": [],
          "execute_started_at": {
            "monotonic_s": 181024.13572,
            "wall_utc": "2026-08-26T11:10:15.629Z"
          },
          "feedback_count": 36,
          "feedback_errors": [],
          "first_feedback_at": {
            "monotonic_s": 181024.135923,
            "wall_utc": "2026-08-26T11:10:15.629Z"
          },
          "goal_id": "5d80b8c44ead6c2b049c21d9e977311e",
          "last_feedback_at": {
            "monotonic_s": 181034.016062,
            "wall_utc": "2026-08-26T11:10:25.509Z"
          },
          "last_feedback_navigation_s": 9.879876,
          "last_feedback_simulated_progress_m": 0.987988,
          "simulated_distance_at_terminal_m": 0.995101,
          "state": "ABORTED_BY_TEST_CLEANUP",
          "state_history": [
            {
              "at": {
                "monotonic_s": 181024.135207,
                "wall_utc": "2026-08-26T11:10:15.628Z"
              },
              "state": "ACCEPTED"
            },
            {
              "at": {
                "monotonic_s": 181024.13572,
                "wall_utc": "2026-08-26T11:10:15.629Z"
              },
              "state": "EXECUTING"
            },
            {
              "at": {
                "monotonic_s": 181034.086732,
                "wall_utc": "2026-08-26T11:10:25.580Z"
              },
              "reason": "forced_cleanup_after_measurement",
              "state": "ABORTED_BY_TEST_CLEANUP"
            }
          ],
          "target_marker_x": 60.04,
          "terminal_at": {
            "monotonic_s": 181034.086732,
            "wall_utc": "2026-08-26T11:10:25.580Z"
          },
          "terminal_reason": "forced_cleanup_after_measurement",
          "test_cleanup_requested_at": {
            "monotonic_s": 181034.0865,
            "wall_utc": "2026-08-26T11:10:25.580Z"
          }
        }
      },
      "heartbeat_counts": {
        "A": 8,
        "B": 35
      },
      "interpretation_guardrail": "concurrency is in a non-physical dummy action server configured to accept multiple goals; it is not evidence of a physical collision or stock Nav2 controller preemption behavior",
      "lease_holder": "A",
      "max_simultaneous_active_goals": 1,
      "measurement_completed_at": {
        "monotonic_s": 181034.086476,
        "wall_utc": "2026-08-26T11:10:25.580Z"
      },
      "observed": "B_PREEMPTED_A_WITH_CANCEL",
      "outcome_class": "B_PREEMPTED_A_WITH_CANCEL",
      "path": [
        "HorusLink client",
        "horus_unity_bridge",
        "ROS goal/cancel topic",
        "horus_backend Nav2ActionAdapter",
        "dummy NavigateToPose action server"
      ],
      "post_revocation_active_duration_s": 0.000137,
      "revision": "eca75cbf559f09ff793d8993338b2f1ffed1adfd",
      "revocation_event": {
        "payload": {
          "event": "lease_released",
          "holder_app_id": "long-probe-A",
          "lease_ttl_ms": 1200,
          "lease_version": 329,
          "leases": [],
          "request_id": "R4_HANDOFF-T04-A-release",
          "robot_name": "robot1",
          "session_id": "R4_HANDOFF-T04-session-A"
        },
        "received_at": {
          "monotonic_s": 181024.085692,
          "wall_utc": "2026-08-26T11:10:15.579Z"
        }
      },
      "revocation_event_timestamp": {
        "monotonic_s": 181024.085692,
        "wall_utc": "2026-08-26T11:10:15.579Z"
      },
      "revocation_initiated_at": {
        "monotonic_s": 181024.068168,
        "wall_utc": "2026-08-26T11:10:15.561Z"
      },
      "runtime_label": "test-only-fix",
      "setup": {
        "catalog_event": {
          "payload": {
            "event": "snapshot",
            "lease_ttl_ms": 1200,
            "lease_version": 320,
            "leases": [],
            "session_id": "horus-long-action-probe"
          },
          "received_at": {
            "monotonic_s": 181022.014792,
            "wall_utc": "2026-08-26T11:10:13.508Z"
          }
        },
        "fresh_trial_state_verified": true,
        "goal_accepted_at": {
          "monotonic_s": 181022.066123,
          "wall_utc": "2026-08-26T11:10:13.559Z"
        },
        "goal_id": "5330290cd18c5819b4c46c072f1ab07e",
        "goal_marker_x": 50.04,
        "goal_publish_sent_at": {
          "monotonic_s": 181022.064768,
          "wall_utc": "2026-08-26T11:10:13.558Z"
        },
        "lease_acquire_event": {
          "payload": {
            "event": "lease_granted",
            "holder_app_id": "long-probe-A",
            "lease_ttl_ms": 1200,
            "lease_version": 321,
            "leases": [
              {
                "acquired_at_ms": 181022055,
                "holder_app_id": "long-probe-A",
                "holder_role": "operator",
                "last_heartbeat_ms": 181022055,
                "lease_version": 321,
                "panel_open": true,
                "robot_name": "robot1",
                "session_id": "R4_HANDOFF-T04-session-A",
                "task_active": true,
                "task_kind": "navigation",
                "teleop_active": true
              }
            ],
            "request_id": "R4_HANDOFF-T04-A-acquire",
            "robot_name": "robot1",
            "session_id": "R4_HANDOFF-T04-session-A"
          },
          "received_at": {
            "monotonic_s": 181022.056463,
            "wall_utc": "2026-08-26T11:10:13.550Z"
          }
        },
        "lease_holder": "A",
        "lease_state_after_acquire": [
          {
            "acquired_at_ms": 181022055,
            "holder_app_id": "long-probe-A",
            "holder_role": "operator",
            "last_heartbeat_ms": 181022055,
            "lease_version": 321,
            "panel_open": true,
            "robot_name": "robot1",
            "session_id": "R4_HANDOFF-T04-session-A",
            "task_active": true,
            "task_kind": "navigation",
            "teleop_active": true
          }
        ]
      },
      "simulated_additional_distance_m": 1.4e-05,
      "started_at": {
        "monotonic_s": 181022.011349,
        "wall_utc": "2026-08-26T11:10:13.505Z"
      },
      "test_id": "R4_HANDOFF",
      "trial_complete": true,
      "trial_id": "R4_HANDOFF-T04",
      "trial_number": 4,
      "verdict": "MEASURED"
    },
    {
      "a_cancel_request_count": 1,
      "a_goal_preempted": true,
      "a_goal_state_at_observation_end": "CANCELED",
      "b_cancel_request_count": 0,
      "b_goal_accepted": true,
      "b_goal_accepted_at": {
        "monotonic_s": 181036.348186,
        "wall_utc": "2026-08-26T11:10:27.841Z"
      },
      "b_goal_id": "112da924bf85cc2fe808af33821c9265",
      "b_goal_publish_sent_at": {
        "monotonic_s": 181036.330706,
        "wall_utc": "2026-08-26T11:10:27.824Z"
      },
      "b_goal_state_at_observation_end": "EXECUTING",
      "b_lease_acquire_event": {
        "payload": {
          "event": "lease_granted",
          "holder_app_id": "long-probe-B",
          "lease_ttl_ms": 1200,
          "lease_version": 375,
          "leases": [
            {
              "acquired_at_ms": 181036305,
              "holder_app_id": "long-probe-B",
              "holder_role": "operator",
              "last_heartbeat_ms": 181036305,
              "lease_version": 375,
              "panel_open": true,
              "robot_name": "robot1",
              "session_id": "R4_HANDOFF-T05-session-B",
              "task_active": true,
              "task_kind": "navigation",
              "teleop_active": true
            }
          ],
          "request_id": "R4_HANDOFF-T05-B-acquire",
          "robot_name": "robot1",
          "session_id": "R4_HANDOFF-T05-session-B"
        },
        "received_at": {
          "monotonic_s": 181036.306476,
          "wall_utc": "2026-08-26T11:10:27.800Z"
        }
      },
      "b_lease_acquire_sent_at": {
        "monotonic_s": 181036.305345,
        "wall_utc": "2026-08-26T11:10:27.799Z"
      },
      "cancel_goal_ids": [
        "725bfc108dfc110373f3b1f47cc008cb"
      ],
      "cancel_request_count_at_measurement_end": 1,
      "checkpoints": [
        {
          "active_goal_count": 1,
          "active_goal_ids": [
            "112da924bf85cc2fe808af33821c9265"
          ],
          "goals": {
            "112da924bf85cc2fe808af33821c9265": {
              "cancel_request_count": 0,
              "feedback_count": 2,
              "goal_id": "112da924bf85cc2fe808af33821c9265",
              "last_feedback_navigation_s": 0.2814,
              "last_feedback_simulated_progress_m": 0.02814,
              "state": "EXECUTING",
              "target_marker_x": 60.05,
              "terminal_at": null
            },
            "725bfc108dfc110373f3b1f47cc008cb": {
              "cancel_request_count": 1,
              "feedback_count": 8,
              "goal_id": "725bfc108dfc110373f3b1f47cc008cb",
              "last_feedback_navigation_s": 1.985915,
              "last_feedback_simulated_progress_m": 0.198592,
              "state": "CANCELED",
              "target_marker_x": 50.05,
              "terminal_at": {
                "monotonic_s": 181036.306816,
                "wall_utc": "2026-08-26T11:10:27.800Z"
              }
            }
          },
          "lease_state": {
            "event": "lease_updated",
            "holder_app_id": "long-probe-B",
            "lease_ttl_ms": 1200,
            "lease_version": 378,
            "leases": [
              {
                "acquired_at_ms": 181036305,
                "holder_app_id": "long-probe-B",
                "holder_role": "operator",
                "last_heartbeat_ms": 181036680,
                "lease_version": 378,
                "panel_open": true,
                "robot_name": "robot1",
                "session_id": "R4_HANDOFF-T05-session-B",
                "task_active": true,
                "task_kind": "navigation",
                "teleop_active": true
              }
            ],
            "request_id": "R4_HANDOFF-T05-B-hb-11",
            "robot_name": "robot1",
            "session_id": "R4_HANDOFF-T05-session-B"
          },
          "observed_at": {
            "monotonic_s": 181036.780799,
            "wall_utc": "2026-08-26T11:10:28.274Z"
          },
          "observed_offset_s": 0.50007,
          "scheduled_offset_s": 0.5
        },
        {
          "active_goal_count": 1,
          "active_goal_ids": [
            "112da924bf85cc2fe808af33821c9265"
          ],
          "goals": {
            "112da924bf85cc2fe808af33821c9265": {
              "cancel_request_count": 0,
              "feedback_count": 4,
              "goal_id": "112da924bf85cc2fe808af33821c9265",
              "last_feedback_navigation_s": 0.853471,
              "last_feedback_simulated_progress_m": 0.085347,
              "state": "EXECUTING",
              "target_marker_x": 60.05,
              "terminal_at": null
            },
            "725bfc108dfc110373f3b1f47cc008cb": {
              "cancel_request_count": 1,
              "feedback_count": 8,
              "goal_id": "725bfc108dfc110373f3b1f47cc008cb",
              "last_feedback_navigation_s": 1.985915,
              "last_feedback_simulated_progress_m": 0.198592,
              "state": "CANCELED",
              "target_marker_x": 50.05,
              "terminal_at": {
                "monotonic_s": 181036.306816,
                "wall_utc": "2026-08-26T11:10:27.800Z"
              }
            }
          },
          "lease_state": {
            "event": "lease_updated",
            "holder_app_id": "long-probe-B",
            "lease_ttl_ms": 1200,
            "lease_version": 380,
            "leases": [
              {
                "acquired_at_ms": 181036305,
                "holder_app_id": "long-probe-B",
                "holder_role": "operator",
                "last_heartbeat_ms": 181037104,
                "lease_version": 380,
                "panel_open": true,
                "robot_name": "robot1",
                "session_id": "R4_HANDOFF-T05-session-B",
                "task_active": true,
                "task_kind": "navigation",
                "teleop_active": true
              }
            ],
            "request_id": "R4_HANDOFF-T05-B-hb-13",
            "robot_name": "robot1",
            "session_id": "R4_HANDOFF-T05-session-B"
          },
          "observed_at": {
            "monotonic_s": 181037.280803,
            "wall_utc": "2026-08-26T11:10:28.774Z"
          },
          "observed_offset_s": 1.000074,
          "scheduled_offset_s": 1.0
        },
        {
          "active_goal_count": 1,
          "active_goal_ids": [
            "112da924bf85cc2fe808af33821c9265"
          ],
          "goals": {
            "112da924bf85cc2fe808af33821c9265": {
              "cancel_request_count": 0,
              "feedback_count": 11,
              "goal_id": "112da924bf85cc2fe808af33821c9265",
              "last_feedback_navigation_s": 2.834478,
              "last_feedback_simulated_progress_m": 0.283448,
              "state": "EXECUTING",
              "target_marker_x": 60.05,
              "terminal_at": null
            },
            "725bfc108dfc110373f3b1f47cc008cb": {
              "cancel_request_count": 1,
              "feedback_count": 8,
              "goal_id": "725bfc108dfc110373f3b1f47cc008cb",
              "last_feedback_navigation_s": 1.985915,
              "last_feedback_simulated_progress_m": 0.198592,
              "state": "CANCELED",
              "target_marker_x": 50.05,
              "terminal_at": {
                "monotonic_s": 181036.306816,
                "wall_utc": "2026-08-26T11:10:27.800Z"
              }
            }
          },
          "lease_state": {
            "event": "lease_updated",
            "holder_app_id": "long-probe-B",
            "lease_ttl_ms": 1200,
            "lease_version": 387,
            "leases": [
              {
                "acquired_at_ms": 181036305,
                "holder_app_id": "long-probe-B",
                "holder_role": "operator",
                "last_heartbeat_ms": 181039217,
                "lease_version": 387,
                "panel_open": true,
                "robot_name": "robot1",
                "session_id": "R4_HANDOFF-T05-session-B",
                "task_active": true,
                "task_kind": "navigation",
                "teleop_active": true
              }
            ],
            "request_id": "R4_HANDOFF-T05-B-hb-20",
            "robot_name": "robot1",
            "session_id": "R4_HANDOFF-T05-session-B"
          },
          "observed_at": {
            "monotonic_s": 181039.2808,
            "wall_utc": "2026-08-26T11:10:30.774Z"
          },
          "observed_offset_s": 3.000071,
          "scheduled_offset_s": 3.0
        },
        {
          "active_goal_count": 1,
          "active_goal_ids": [
            "112da924bf85cc2fe808af33821c9265"
          ],
          "goals": {
            "112da924bf85cc2fe808af33821c9265": {
              "cancel_request_count": 0,
              "feedback_count": 18,
              "goal_id": "112da924bf85cc2fe808af33821c9265",
              "last_feedback_navigation_s": 4.812546,
              "last_feedback_simulated_progress_m": 0.481255,
              "state": "EXECUTING",
              "target_marker_x": 60.05,
              "terminal_at": null
            },
            "725bfc108dfc110373f3b1f47cc008cb": {
              "cancel_request_count": 1,
              "feedback_count": 8,
              "goal_id": "725bfc108dfc110373f3b1f47cc008cb",
              "last_feedback_navigation_s": 1.985915,
              "last_feedback_simulated_progress_m": 0.198592,
              "state": "CANCELED",
              "target_marker_x": 50.05,
              "terminal_at": {
                "monotonic_s": 181036.306816,
                "wall_utc": "2026-08-26T11:10:27.800Z"
              }
            }
          },
          "lease_state": {
            "event": "lease_updated",
            "holder_app_id": "long-probe-B",
            "lease_ttl_ms": 1200,
            "lease_version": 394,
            "leases": [
              {
                "acquired_at_ms": 181036305,
                "holder_app_id": "long-probe-B",
                "holder_role": "operator",
                "last_heartbeat_ms": 181041213,
                "lease_version": 394,
                "panel_open": true,
                "robot_name": "robot1",
                "session_id": "R4_HANDOFF-T05-session-B",
                "task_active": true,
                "task_kind": "navigation",
                "teleop_active": true
              }
            ],
            "request_id": "R4_HANDOFF-T05-B-hb-27",
            "robot_name": "robot1",
            "session_id": "R4_HANDOFF-T05-session-B"
          },
          "observed_at": {
            "monotonic_s": 181041.280798,
            "wall_utc": "2026-08-26T11:10:32.774Z"
          },
          "observed_offset_s": 5.000069,
          "scheduled_offset_s": 5.0
        },
        {
          "active_goal_count": 1,
          "active_goal_ids": [
            "112da924bf85cc2fe808af33821c9265"
          ],
          "goals": {
            "112da924bf85cc2fe808af33821c9265": {
              "cancel_request_count": 0,
              "feedback_count": 36,
              "goal_id": "112da924bf85cc2fe808af33821c9265",
              "last_feedback_navigation_s": 9.893178,
              "last_feedback_simulated_progress_m": 0.989318,
              "state": "EXECUTING",
              "target_marker_x": 60.05,
              "terminal_at": null
            },
            "725bfc108dfc110373f3b1f47cc008cb": {
              "cancel_request_count": 1,
              "feedback_count": 8,
              "goal_id": "725bfc108dfc110373f3b1f47cc008cb",
              "last_feedback_navigation_s": 1.985915,
              "last_feedback_simulated_progress_m": 0.198592,
              "state": "CANCELED",
              "target_marker_x": 50.05,
              "terminal_at": {
                "monotonic_s": 181036.306816,
                "wall_utc": "2026-08-26T11:10:27.800Z"
              }
            }
          },
          "lease_state": {
            "event": "lease_updated",
            "holder_app_id": "long-probe-B",
            "lease_ttl_ms": 1200,
            "lease_version": 410,
            "leases": [
              {
                "acquired_at_ms": 181036305,
                "holder_app_id": "long-probe-B",
                "holder_role": "operator",
                "last_heartbeat_ms": 181046105,
                "lease_version": 410,
                "panel_open": true,
                "robot_name": "robot1",
                "session_id": "R4_HANDOFF-T05-session-B",
                "task_active": true,
                "task_kind": "navigation",
                "teleop_active": true
              }
            ],
            "request_id": "R4_HANDOFF-T05-B-hb-43",
            "robot_name": "robot1",
            "session_id": "R4_HANDOFF-T05-session-B"
          },
          "observed_at": {
            "monotonic_s": 181046.280805,
            "wall_utc": "2026-08-26T11:10:37.774Z"
          },
          "observed_offset_s": 10.000076,
          "scheduled_offset_s": 10.0
        }
      ],
      "cleanup": {
        "active_goal_ids_after_cleanup": [],
        "clean": true,
        "completed_at": {
          "monotonic_s": 181046.386766,
          "wall_utc": "2026-08-26T11:10:37.880Z"
        },
        "forced_goal_ids": [
          "112da924bf85cc2fe808af33821c9265"
        ],
        "release_or_close_errors": [],
        "started_at": {
          "monotonic_s": 181046.281163,
          "wall_utc": "2026-08-26T11:10:37.774Z"
        },
        "terminal_wait_errors": []
      },
      "concurrency_events": [
        {
          "active_goal_count": 1,
          "active_goal_ids": [
            "725bfc108dfc110373f3b1f47cc008cb"
          ],
          "at": {
            "monotonic_s": 181034.279992,
            "wall_utc": "2026-08-26T11:10:25.773Z"
          },
          "reason": "goal_accepted"
        },
        {
          "active_goal_count": 1,
          "active_goal_ids": [
            "725bfc108dfc110373f3b1f47cc008cb"
          ],
          "at": {
            "monotonic_s": 181034.280364,
            "wall_utc": "2026-08-26T11:10:25.774Z"
          },
          "reason": "execute_started"
        },
        {
          "active_goal_count": 1,
          "active_goal_ids": [
            "725bfc108dfc110373f3b1f47cc008cb"
          ],
          "at": {
            "monotonic_s": 181036.281372,
            "wall_utc": "2026-08-26T11:10:27.775Z"
          },
          "reason": "cancel_callback"
        },
        {
          "active_goal_count": 0,
          "active_goal_ids": [],
          "at": {
            "monotonic_s": 181036.306865,
            "wall_utc": "2026-08-26T11:10:27.800Z"
          },
          "reason": "goal_terminal"
        },
        {
          "active_goal_count": 1,
          "active_goal_ids": [
            "112da924bf85cc2fe808af33821c9265"
          ],
          "at": {
            "monotonic_s": 181036.348221,
            "wall_utc": "2026-08-26T11:10:27.841Z"
          },
          "reason": "goal_accepted"
        },
        {
          "active_goal_count": 1,
          "active_goal_ids": [
            "112da924bf85cc2fe808af33821c9265"
          ],
          "at": {
            "monotonic_s": 181036.348499,
            "wall_utc": "2026-08-26T11:10:27.842Z"
          },
          "reason": "execute_started"
        }
      ],
      "distance_model": "constant 0.1 m/s; not physical motion",
      "duration_basis": "revocation_to_terminal",
      "duration_is_right_censored_lower_bound": false,
      "evidence_fields": {
        "active_goal_count_at_observation_end": 1,
        "b_goal_id": "112da924bf85cc2fe808af33821c9265",
        "b_goal_status_at_observation_end": "EXECUTING",
        "cancel_goal_ids": [
          "725bfc108dfc110373f3b1f47cc008cb"
        ],
        "cancel_request_times": [
          {
            "monotonic_s": 181036.281337,
            "wall_utc": "2026-08-26T11:10:27.774Z"
          }
        ],
        "cleanup_clean": true,
        "expected": "after A release, B acquires the lease and starts a distinct goal; measure A/B acceptance, overlap, preemption, and cancel IDs",
        "feedback_count_at_observation_end": 8,
        "first_feedback_time": {
          "monotonic_s": 181034.280532,
          "wall_utc": "2026-08-26T11:10:25.774Z"
        },
        "goal_accepted_time": {
          "monotonic_s": 181034.279949,
          "wall_utc": "2026-08-26T11:10:25.773Z"
        },
        "goal_id": "725bfc108dfc110373f3b1f47cc008cb",
        "goal_state_at_observation_end": "CANCELED",
        "goal_terminal_state": "CANCELED",
        "last_feedback_time_at_observation_end": {
          "monotonic_s": 181036.266561,
          "wall_utc": "2026-08-26T11:10:27.760Z"
        },
        "last_simulated_progress_m_at_observation_end": 0.198592,
        "lease_holder": "A",
        "max_simultaneous_active_goals": 1,
        "observed": "B_PREEMPTED_A_WITH_CANCEL",
        "post_revocation_duration_s": 0.026087,
        "revision": "eca75cbf559f09ff793d8993338b2f1ffed1adfd",
        "revocation_time": {
          "monotonic_s": 181036.280729,
          "wall_utc": "2026-08-26T11:10:27.774Z"
        },
        "simulated_additional_distance_m": 0.002609,
        "terminal_time": {
          "monotonic_s": 181036.306816,
          "wall_utc": "2026-08-26T11:10:27.800Z"
        },
        "test_id": "R4_HANDOFF",
        "trial_id": "R4_HANDOFF-T05",
        "verdict": "MEASURED"
      },
      "expected": "after A release, B acquires the lease and starts a distinct goal; measure A/B acceptance, overlap, preemption, and cancel IDs",
      "goal_records_at_measurement_end": {
        "112da924bf85cc2fe808af33821c9265": {
          "accepted_at": {
            "monotonic_s": 181036.348186,
            "wall_utc": "2026-08-26T11:10:27.841Z"
          },
          "cancel_callbacks": [],
          "execute_started_at": {
            "monotonic_s": 181036.348483,
            "wall_utc": "2026-08-26T11:10:27.842Z"
          },
          "feedback_count": 36,
          "feedback_errors": [],
          "first_feedback_at": {
            "monotonic_s": 181036.348625,
            "wall_utc": "2026-08-26T11:10:27.842Z"
          },
          "goal_id": "112da924bf85cc2fe808af33821c9265",
          "last_feedback_at": {
            "monotonic_s": 181046.242009,
            "wall_utc": "2026-08-26T11:10:37.735Z"
          },
          "last_feedback_navigation_s": 9.893178,
          "last_feedback_simulated_progress_m": 0.989318,
          "state": "EXECUTING",
          "state_history": [
            {
              "at": {
                "monotonic_s": 181036.348186,
                "wall_utc": "2026-08-26T11:10:27.841Z"
              },
              "state": "ACCEPTED"
            },
            {
              "at": {
                "monotonic_s": 181036.348483,
                "wall_utc": "2026-08-26T11:10:27.842Z"
              },
              "state": "EXECUTING"
            }
          ],
          "target_marker_x": 60.05,
          "terminal_at": null,
          "terminal_reason": null,
          "test_cleanup_requested_at": null
        },
        "725bfc108dfc110373f3b1f47cc008cb": {
          "accepted_at": {
            "monotonic_s": 181034.279949,
            "wall_utc": "2026-08-26T11:10:25.773Z"
          },
          "active_duration_s": 2.026476,
          "cancel_callbacks": [
            {
              "callback_at": {
                "monotonic_s": 181036.281337,
                "wall_utc": "2026-08-26T11:10:27.774Z"
              },
              "cancel_goal_id": "725bfc108dfc110373f3b1f47cc008cb"
            }
          ],
          "execute_started_at": {
            "monotonic_s": 181034.28034,
            "wall_utc": "2026-08-26T11:10:25.774Z"
          },
          "feedback_count": 8,
          "feedback_errors": [],
          "first_feedback_at": {
            "monotonic_s": 181034.280532,
            "wall_utc": "2026-08-26T11:10:25.774Z"
          },
          "goal_id": "725bfc108dfc110373f3b1f47cc008cb",
          "last_feedback_at": {
            "monotonic_s": 181036.266561,
            "wall_utc": "2026-08-26T11:10:27.760Z"
          },
          "last_feedback_navigation_s": 1.985915,
          "last_feedback_simulated_progress_m": 0.198592,
          "simulated_distance_at_terminal_m": 0.202648,
          "state": "CANCELED",
          "state_history": [
            {
              "at": {
                "monotonic_s": 181034.279949,
                "wall_utc": "2026-08-26T11:10:25.773Z"
              },
              "state": "ACCEPTED"
            },
            {
              "at": {
                "monotonic_s": 181034.28034,
                "wall_utc": "2026-08-26T11:10:25.774Z"
              },
              "state": "EXECUTING"
            },
            {
              "at": {
                "monotonic_s": 181036.281337,
                "wall_utc": "2026-08-26T11:10:27.774Z"
              },
              "state": "CANCEL_REQUEST_ACCEPTED"
            },
            {
              "at": {
                "monotonic_s": 181036.306816,
                "wall_utc": "2026-08-26T11:10:27.800Z"
              },
              "reason": "action_server_observed_cancel_request",
              "state": "CANCELED"
            }
          ],
          "target_marker_x": 50.05,
          "terminal_at": {
            "monotonic_s": 181036.306816,
            "wall_utc": "2026-08-26T11:10:27.800Z"
          },
          "terminal_reason": "action_server_observed_cancel_request",
          "test_cleanup_requested_at": null
        }
      },
      "goal_records_final": {
        "112da924bf85cc2fe808af33821c9265": {
          "accepted_at": {
            "monotonic_s": 181036.348186,
            "wall_utc": "2026-08-26T11:10:27.841Z"
          },
          "active_duration_s": 9.932884,
          "cancel_callbacks": [],
          "execute_started_at": {
            "monotonic_s": 181036.348483,
            "wall_utc": "2026-08-26T11:10:27.842Z"
          },
          "feedback_count": 36,
          "feedback_errors": [],
          "first_feedback_at": {
            "monotonic_s": 181036.348625,
            "wall_utc": "2026-08-26T11:10:27.842Z"
          },
          "goal_id": "112da924bf85cc2fe808af33821c9265",
          "last_feedback_at": {
            "monotonic_s": 181046.242009,
            "wall_utc": "2026-08-26T11:10:37.735Z"
          },
          "last_feedback_navigation_s": 9.893178,
          "last_feedback_simulated_progress_m": 0.989318,
          "simulated_distance_at_terminal_m": 0.993288,
          "state": "ABORTED_BY_TEST_CLEANUP",
          "state_history": [
            {
              "at": {
                "monotonic_s": 181036.348186,
                "wall_utc": "2026-08-26T11:10:27.841Z"
              },
              "state": "ACCEPTED"
            },
            {
              "at": {
                "monotonic_s": 181036.348483,
                "wall_utc": "2026-08-26T11:10:27.842Z"
              },
              "state": "EXECUTING"
            },
            {
              "at": {
                "monotonic_s": 181046.281367,
                "wall_utc": "2026-08-26T11:10:37.775Z"
              },
              "reason": "forced_cleanup_after_measurement",
              "state": "ABORTED_BY_TEST_CLEANUP"
            }
          ],
          "target_marker_x": 60.05,
          "terminal_at": {
            "monotonic_s": 181046.281367,
            "wall_utc": "2026-08-26T11:10:37.775Z"
          },
          "terminal_reason": "forced_cleanup_after_measurement",
          "test_cleanup_requested_at": {
            "monotonic_s": 181046.281168,
            "wall_utc": "2026-08-26T11:10:37.774Z"
          }
        },
        "725bfc108dfc110373f3b1f47cc008cb": {
          "accepted_at": {
            "monotonic_s": 181034.279949,
            "wall_utc": "2026-08-26T11:10:25.773Z"
          },
          "active_duration_s": 2.026476,
          "cancel_callbacks": [
            {
              "callback_at": {
                "monotonic_s": 181036.281337,
                "wall_utc": "2026-08-26T11:10:27.774Z"
              },
              "cancel_goal_id": "725bfc108dfc110373f3b1f47cc008cb"
            }
          ],
          "execute_started_at": {
            "monotonic_s": 181034.28034,
            "wall_utc": "2026-08-26T11:10:25.774Z"
          },
          "feedback_count": 8,
          "feedback_errors": [],
          "first_feedback_at": {
            "monotonic_s": 181034.280532,
            "wall_utc": "2026-08-26T11:10:25.774Z"
          },
          "goal_id": "725bfc108dfc110373f3b1f47cc008cb",
          "last_feedback_at": {
            "monotonic_s": 181036.266561,
            "wall_utc": "2026-08-26T11:10:27.760Z"
          },
          "last_feedback_navigation_s": 1.985915,
          "last_feedback_simulated_progress_m": 0.198592,
          "simulated_distance_at_terminal_m": 0.202648,
          "state": "CANCELED",
          "state_history": [
            {
              "at": {
                "monotonic_s": 181034.279949,
                "wall_utc": "2026-08-26T11:10:25.773Z"
              },
              "state": "ACCEPTED"
            },
            {
              "at": {
                "monotonic_s": 181034.28034,
                "wall_utc": "2026-08-26T11:10:25.774Z"
              },
              "state": "EXECUTING"
            },
            {
              "at": {
                "monotonic_s": 181036.281337,
                "wall_utc": "2026-08-26T11:10:27.774Z"
              },
              "state": "CANCEL_REQUEST_ACCEPTED"
            },
            {
              "at": {
                "monotonic_s": 181036.306816,
                "wall_utc": "2026-08-26T11:10:27.800Z"
              },
              "reason": "action_server_observed_cancel_request",
              "state": "CANCELED"
            }
          ],
          "target_marker_x": 50.05,
          "terminal_at": {
            "monotonic_s": 181036.306816,
            "wall_utc": "2026-08-26T11:10:27.800Z"
          },
          "terminal_reason": "action_server_observed_cancel_request",
          "test_cleanup_requested_at": null
        }
      },
      "heartbeat_counts": {
        "A": 8,
        "B": 35
      },
      "interpretation_guardrail": "concurrency is in a non-physical dummy action server configured to accept multiple goals; it is not evidence of a physical collision or stock Nav2 controller preemption behavior",
      "lease_holder": "A",
      "max_simultaneous_active_goals": 1,
      "measurement_completed_at": {
        "monotonic_s": 181046.281155,
        "wall_utc": "2026-08-26T11:10:37.774Z"
      },
      "observed": "B_PREEMPTED_A_WITH_CANCEL",
      "outcome_class": "B_PREEMPTED_A_WITH_CANCEL",
      "path": [
        "HorusLink client",
        "horus_unity_bridge",
        "ROS goal/cancel topic",
        "horus_backend Nav2ActionAdapter",
        "dummy NavigateToPose action server"
      ],
      "post_revocation_active_duration_s": 0.026087,
      "revision": "eca75cbf559f09ff793d8993338b2f1ffed1adfd",
      "revocation_event": {
        "payload": {
          "event": "lease_released",
          "holder_app_id": "long-probe-A",
          "lease_ttl_ms": 1200,
          "lease_version": 374,
          "leases": [],
          "request_id": "R4_HANDOFF-T05-A-release",
          "robot_name": "robot1",
          "session_id": "R4_HANDOFF-T05-session-A"
        },
        "received_at": {
          "monotonic_s": 181036.280729,
          "wall_utc": "2026-08-26T11:10:27.774Z"
        }
      },
      "revocation_event_timestamp": {
        "monotonic_s": 181036.280729,
        "wall_utc": "2026-08-26T11:10:27.774Z"
      },
      "revocation_initiated_at": {
        "monotonic_s": 181036.280028,
        "wall_utc": "2026-08-26T11:10:27.773Z"
      },
      "runtime_label": "test-only-fix",
      "setup": {
        "catalog_event": {
          "payload": {
            "event": "snapshot",
            "lease_ttl_ms": 1200,
            "lease_version": 365,
            "leases": [],
            "session_id": "horus-long-action-probe"
          },
          "received_at": {
            "monotonic_s": 181034.196149,
            "wall_utc": "2026-08-26T11:10:25.689Z"
          }
        },
        "fresh_trial_state_verified": true,
        "goal_accepted_at": {
          "monotonic_s": 181034.279949,
          "wall_utc": "2026-08-26T11:10:25.773Z"
        },
        "goal_id": "725bfc108dfc110373f3b1f47cc008cb",
        "goal_marker_x": 50.05,
        "goal_publish_sent_at": {
          "monotonic_s": 181034.248422,
          "wall_utc": "2026-08-26T11:10:25.742Z"
        },
        "lease_acquire_event": {
          "payload": {
            "event": "lease_granted",
            "holder_app_id": "long-probe-A",
            "lease_ttl_ms": 1200,
            "lease_version": 366,
            "leases": [
              {
                "acquired_at_ms": 181034236,
                "holder_app_id": "long-probe-A",
                "holder_role": "operator",
                "last_heartbeat_ms": 181034236,
                "lease_version": 366,
                "panel_open": true,
                "robot_name": "robot1",
                "session_id": "R4_HANDOFF-T05-session-A",
                "task_active": true,
                "task_kind": "navigation",
                "teleop_active": true
              }
            ],
            "request_id": "R4_HANDOFF-T05-A-acquire",
            "robot_name": "robot1",
            "session_id": "R4_HANDOFF-T05-session-A"
          },
          "received_at": {
            "monotonic_s": 181034.236739,
            "wall_utc": "2026-08-26T11:10:25.730Z"
          }
        },
        "lease_holder": "A",
        "lease_state_after_acquire": [
          {
            "acquired_at_ms": 181034236,
            "holder_app_id": "long-probe-A",
            "holder_role": "operator",
            "last_heartbeat_ms": 181034236,
            "lease_version": 366,
            "panel_open": true,
            "robot_name": "robot1",
            "session_id": "R4_HANDOFF-T05-session-A",
            "task_active": true,
            "task_kind": "navigation",
            "teleop_active": true
          }
        ]
      },
      "simulated_additional_distance_m": 0.002609,
      "started_at": {
        "monotonic_s": 181034.192405,
        "wall_utc": "2026-08-26T11:10:25.686Z"
      },
      "test_id": "R4_HANDOFF",
      "trial_complete": true,
      "trial_id": "R4_HANDOFF-T05",
      "trial_number": 5,
      "verdict": "MEASURED"
    },
    {
      "a_owned_goal_cancel_request_count": 0,
      "b_goal_id": "d5eda0008160454693ff0cc644c22a22",
      "cancel_goal_ids": [
        "d5eda0008160454693ff0cc644c22a22"
      ],
      "cancel_request_count_at_measurement_end": 1,
      "checkpoints": [
        {
          "active_goal_count": 1,
          "active_goal_ids": [
            "8bf92fd94032aff8dc50fdcd350ff18f"
          ],
          "goals": {
            "8bf92fd94032aff8dc50fdcd350ff18f": {
              "cancel_request_count": 0,
              "feedback_count": 10,
              "goal_id": "8bf92fd94032aff8dc50fdcd350ff18f",
              "last_feedback_navigation_s": 2.544713,
              "last_feedback_simulated_progress_m": 0.254471,
              "state": "EXECUTING",
              "target_marker_x": 70.01,
              "terminal_at": null
            },
            "d5eda0008160454693ff0cc644c22a22": {
              "cancel_request_count": 1,
              "feedback_count": 1,
              "goal_id": "d5eda0008160454693ff0cc644c22a22",
              "last_feedback_navigation_s": 1.5e-05,
              "last_feedback_simulated_progress_m": 2e-06,
              "state": "CANCELED",
              "target_marker_x": 80.01,
              "terminal_at": {
                "monotonic_s": 181048.726843,
                "wall_utc": "2026-08-26T11:10:40.220Z"
              }
            }
          },
          "lease_state": {
            "event": "lease_released",
            "holder_app_id": "long-probe-A",
            "lease_ttl_ms": 1200,
            "lease_version": 421,
            "leases": [],
            "request_id": "F1_SELECTIVITY-T01-A-release",
            "robot_name": "robot1",
            "session_id": "F1_SELECTIVITY-T01-session-A"
          },
          "observed_at": {
            "monotonic_s": 181049.218177,
            "wall_utc": "2026-08-26T11:10:40.711Z"
          },
          "observed_offset_s": 0.500078,
          "scheduled_offset_s": 0.5
        },
        {
          "active_goal_count": 1,
          "active_goal_ids": [
            "8bf92fd94032aff8dc50fdcd350ff18f"
          ],
          "goals": {
            "8bf92fd94032aff8dc50fdcd350ff18f": {
              "cancel_request_count": 0,
              "feedback_count": 12,
              "goal_id": "8bf92fd94032aff8dc50fdcd350ff18f",
              "last_feedback_navigation_s": 3.109382,
              "last_feedback_simulated_progress_m": 0.310938,
              "state": "EXECUTING",
              "target_marker_x": 70.01,
              "terminal_at": null
            },
            "d5eda0008160454693ff0cc644c22a22": {
              "cancel_request_count": 1,
              "feedback_count": 1,
              "goal_id": "d5eda0008160454693ff0cc644c22a22",
              "last_feedback_navigation_s": 1.5e-05,
              "last_feedback_simulated_progress_m": 2e-06,
              "state": "CANCELED",
              "target_marker_x": 80.01,
              "terminal_at": {
                "monotonic_s": 181048.726843,
                "wall_utc": "2026-08-26T11:10:40.220Z"
              }
            }
          },
          "lease_state": {
            "event": "lease_released",
            "holder_app_id": "long-probe-A",
            "lease_ttl_ms": 1200,
            "lease_version": 421,
            "leases": [],
            "request_id": "F1_SELECTIVITY-T01-A-release",
            "robot_name": "robot1",
            "session_id": "F1_SELECTIVITY-T01-session-A"
          },
          "observed_at": {
            "monotonic_s": 181049.718169,
            "wall_utc": "2026-08-26T11:10:41.211Z"
          },
          "observed_offset_s": 1.00007,
          "scheduled_offset_s": 1.0
        },
        {
          "active_goal_count": 1,
          "active_goal_ids": [
            "8bf92fd94032aff8dc50fdcd350ff18f"
          ],
          "goals": {
            "8bf92fd94032aff8dc50fdcd350ff18f": {
              "cancel_request_count": 0,
              "feedback_count": 19,
              "goal_id": "8bf92fd94032aff8dc50fdcd350ff18f",
              "last_feedback_navigation_s": 5.08508,
              "last_feedback_simulated_progress_m": 0.508508,
              "state": "EXECUTING",
              "target_marker_x": 70.01,
              "terminal_at": null
            },
            "d5eda0008160454693ff0cc644c22a22": {
              "cancel_request_count": 1,
              "feedback_count": 1,
              "goal_id": "d5eda0008160454693ff0cc644c22a22",
              "last_feedback_navigation_s": 1.5e-05,
              "last_feedback_simulated_progress_m": 2e-06,
              "state": "CANCELED",
              "target_marker_x": 80.01,
              "terminal_at": {
                "monotonic_s": 181048.726843,
                "wall_utc": "2026-08-26T11:10:40.220Z"
              }
            }
          },
          "lease_state": {
            "event": "lease_released",
            "holder_app_id": "long-probe-A",
            "lease_ttl_ms": 1200,
            "lease_version": 421,
            "leases": [],
            "request_id": "F1_SELECTIVITY-T01-A-release",
            "robot_name": "robot1",
            "session_id": "F1_SELECTIVITY-T01-session-A"
          },
          "observed_at": {
            "monotonic_s": 181051.718171,
            "wall_utc": "2026-08-26T11:10:43.211Z"
          },
          "observed_offset_s": 3.000072,
          "scheduled_offset_s": 3.0
        },
        {
          "active_goal_count": 1,
          "active_goal_ids": [
            "8bf92fd94032aff8dc50fdcd350ff18f"
          ],
          "goals": {
            "8bf92fd94032aff8dc50fdcd350ff18f": {
              "cancel_request_count": 0,
              "feedback_count": 26,
              "goal_id": "8bf92fd94032aff8dc50fdcd350ff18f",
              "last_feedback_navigation_s": 7.062042,
              "last_feedback_simulated_progress_m": 0.706204,
              "state": "EXECUTING",
              "target_marker_x": 70.01,
              "terminal_at": null
            },
            "d5eda0008160454693ff0cc644c22a22": {
              "cancel_request_count": 1,
              "feedback_count": 1,
              "goal_id": "d5eda0008160454693ff0cc644c22a22",
              "last_feedback_navigation_s": 1.5e-05,
              "last_feedback_simulated_progress_m": 2e-06,
              "state": "CANCELED",
              "target_marker_x": 80.01,
              "terminal_at": {
                "monotonic_s": 181048.726843,
                "wall_utc": "2026-08-26T11:10:40.220Z"
              }
            }
          },
          "lease_state": {
            "event": "lease_released",
            "holder_app_id": "long-probe-A",
            "lease_ttl_ms": 1200,
            "lease_version": 421,
            "leases": [],
            "request_id": "F1_SELECTIVITY-T01-A-release",
            "robot_name": "robot1",
            "session_id": "F1_SELECTIVITY-T01-session-A"
          },
          "observed_at": {
            "monotonic_s": 181053.718169,
            "wall_utc": "2026-08-26T11:10:45.211Z"
          },
          "observed_offset_s": 5.00007,
          "scheduled_offset_s": 5.0
        },
        {
          "active_goal_count": 1,
          "active_goal_ids": [
            "8bf92fd94032aff8dc50fdcd350ff18f"
          ],
          "goals": {
            "8bf92fd94032aff8dc50fdcd350ff18f": {
              "cancel_request_count": 0,
              "feedback_count": 44,
              "goal_id": "8bf92fd94032aff8dc50fdcd350ff18f",
              "last_feedback_navigation_s": 12.15477,
              "last_feedback_simulated_progress_m": 1.215477,
              "state": "EXECUTING",
              "target_marker_x": 70.01,
              "terminal_at": null
            },
            "d5eda0008160454693ff0cc644c22a22": {
              "cancel_request_count": 1,
              "feedback_count": 1,
              "goal_id": "d5eda0008160454693ff0cc644c22a22",
              "last_feedback_navigation_s": 1.5e-05,
              "last_feedback_simulated_progress_m": 2e-06,
              "state": "CANCELED",
              "target_marker_x": 80.01,
              "terminal_at": {
                "monotonic_s": 181048.726843,
                "wall_utc": "2026-08-26T11:10:40.220Z"
              }
            }
          },
          "lease_state": {
            "event": "lease_released",
            "holder_app_id": "long-probe-A",
            "lease_ttl_ms": 1200,
            "lease_version": 421,
            "leases": [],
            "request_id": "F1_SELECTIVITY-T01-A-release",
            "robot_name": "robot1",
            "session_id": "F1_SELECTIVITY-T01-session-A"
          },
          "observed_at": {
            "monotonic_s": 181058.718164,
            "wall_utc": "2026-08-26T11:10:50.211Z"
          },
          "observed_offset_s": 10.000065,
          "scheduled_offset_s": 10.0
        }
      ],
      "cleanup": {
        "active_goal_ids_after_cleanup": [],
        "clean": true,
        "completed_at": {
          "monotonic_s": 181058.823947,
          "wall_utc": "2026-08-26T11:10:50.317Z"
        },
        "forced_goal_ids": [
          "8bf92fd94032aff8dc50fdcd350ff18f"
        ],
        "release_or_close_errors": [],
        "started_at": {
          "monotonic_s": 181058.718498,
          "wall_utc": "2026-08-26T11:10:50.212Z"
        },
        "terminal_wait_errors": []
      },
      "concurrency_events": [
        {
          "active_goal_count": 1,
          "active_goal_ids": [
            "8bf92fd94032aff8dc50fdcd350ff18f"
          ],
          "at": {
            "monotonic_s": 181046.440751,
            "wall_utc": "2026-08-26T11:10:37.934Z"
          },
          "reason": "goal_accepted"
        },
        {
          "active_goal_count": 1,
          "active_goal_ids": [
            "8bf92fd94032aff8dc50fdcd350ff18f"
          ],
          "at": {
            "monotonic_s": 181046.441102,
            "wall_utc": "2026-08-26T11:10:37.934Z"
          },
          "reason": "execute_started"
        },
        {
          "active_goal_count": 2,
          "active_goal_ids": [
            "8bf92fd94032aff8dc50fdcd350ff18f",
            "d5eda0008160454693ff0cc644c22a22"
          ],
          "at": {
            "monotonic_s": 181048.442652,
            "wall_utc": "2026-08-26T11:10:39.936Z"
          },
          "reason": "goal_accepted"
        },
        {
          "active_goal_count": 2,
          "active_goal_ids": [
            "8bf92fd94032aff8dc50fdcd350ff18f",
            "d5eda0008160454693ff0cc644c22a22"
          ],
          "at": {
            "monotonic_s": 181048.442969,
            "wall_utc": "2026-08-26T11:10:39.936Z"
          },
          "reason": "execute_started"
        },
        {
          "active_goal_count": 2,
          "active_goal_ids": [
            "8bf92fd94032aff8dc50fdcd350ff18f",
            "d5eda0008160454693ff0cc644c22a22"
          ],
          "at": {
            "monotonic_s": 181048.718596,
            "wall_utc": "2026-08-26T11:10:40.212Z"
          },
          "reason": "cancel_callback"
        },
        {
          "active_goal_count": 1,
          "active_goal_ids": [
            "8bf92fd94032aff8dc50fdcd350ff18f"
          ],
          "at": {
            "monotonic_s": 181048.726869,
            "wall_utc": "2026-08-26T11:10:40.220Z"
          },
          "reason": "goal_terminal"
        }
      ],
      "distance_model": "constant 0.1 m/s; not physical motion",
      "duration_basis": "active_at_observation_end_lower_bound",
      "duration_is_right_censored_lower_bound": true,
      "evidence_fields": {
        "active_goal_count_at_observation_end": 1,
        "b_goal_id": "d5eda0008160454693ff0cc644c22a22",
        "b_goal_status_at_observation_end": "CANCELED",
        "cancel_goal_ids": [
          "d5eda0008160454693ff0cc644c22a22"
        ],
        "cancel_request_times": [],
        "cleanup_clean": true,
        "expected": "a test-only fix should cancel A's owned goal without canceling a later unrelated ROS-side goal",
        "feedback_count_at_observation_end": 44,
        "first_feedback_time": {
          "monotonic_s": 181046.44129,
          "wall_utc": "2026-08-26T11:10:37.934Z"
        },
        "goal_accepted_time": {
          "monotonic_s": 181046.440718,
          "wall_utc": "2026-08-26T11:10:37.934Z"
        },
        "goal_id": "8bf92fd94032aff8dc50fdcd350ff18f",
        "goal_state_at_observation_end": "EXECUTING",
        "goal_terminal_state": "ABORTED_BY_TEST_CLEANUP",
        "last_feedback_time_at_observation_end": {
          "monotonic_s": 181058.596081,
          "wall_utc": "2026-08-26T11:10:50.089Z"
        },
        "last_simulated_progress_m_at_observation_end": 1.215477,
        "lease_holder": "A",
        "max_simultaneous_active_goals": 2,
        "observed": "WRONG_LATEST_GOAL_CANCELLED",
        "post_revocation_duration_s": 10.000065,
        "revision": "eca75cbf559f09ff793d8993338b2f1ffed1adfd",
        "revocation_time": {
          "monotonic_s": 181048.718099,
          "wall_utc": "2026-08-26T11:10:40.211Z"
        },
        "simulated_additional_distance_m": 1.000007,
        "terminal_time": {
          "monotonic_s": 181058.718632,
          "wall_utc": "2026-08-26T11:10:50.212Z"
        },
        "test_id": "F1_SELECTIVITY",
        "trial_id": "F1_SELECTIVITY-T01",
        "verdict": "MEASURED"
      },
      "expected": "a test-only fix should cancel A's owned goal without canceling a later unrelated ROS-side goal",
      "goal_records_at_measurement_end": {
        "8bf92fd94032aff8dc50fdcd350ff18f": {
          "accepted_at": {
            "monotonic_s": 181046.440718,
            "wall_utc": "2026-08-26T11:10:37.934Z"
          },
          "cancel_callbacks": [],
          "execute_started_at": {
            "monotonic_s": 181046.441075,
            "wall_utc": "2026-08-26T11:10:37.934Z"
          },
          "feedback_count": 44,
          "feedback_errors": [],
          "first_feedback_at": {
            "monotonic_s": 181046.44129,
            "wall_utc": "2026-08-26T11:10:37.934Z"
          },
          "goal_id": "8bf92fd94032aff8dc50fdcd350ff18f",
          "last_feedback_at": {
            "monotonic_s": 181058.596081,
            "wall_utc": "2026-08-26T11:10:50.089Z"
          },
          "last_feedback_navigation_s": 12.15477,
          "last_feedback_simulated_progress_m": 1.215477,
          "state": "EXECUTING",
          "state_history": [
            {
              "at": {
                "monotonic_s": 181046.440718,
                "wall_utc": "2026-08-26T11:10:37.934Z"
              },
              "state": "ACCEPTED"
            },
            {
              "at": {
                "monotonic_s": 181046.441075,
                "wall_utc": "2026-08-26T11:10:37.934Z"
              },
              "state": "EXECUTING"
            }
          ],
          "target_marker_x": 70.01,
          "terminal_at": null,
          "terminal_reason": null,
          "test_cleanup_requested_at": null
        },
        "d5eda0008160454693ff0cc644c22a22": {
          "accepted_at": {
            "monotonic_s": 181048.442625,
            "wall_utc": "2026-08-26T11:10:39.936Z"
          },
          "active_duration_s": 0.283886,
          "cancel_callbacks": [
            {
              "callback_at": {
                "monotonic_s": 181048.718569,
                "wall_utc": "2026-08-26T11:10:40.212Z"
              },
              "cancel_goal_id": "d5eda0008160454693ff0cc644c22a22"
            }
          ],
          "execute_started_at": {
            "monotonic_s": 181048.442957,
            "wall_utc": "2026-08-26T11:10:39.936Z"
          },
          "feedback_count": 1,
          "feedback_errors": [],
          "first_feedback_at": {
            "monotonic_s": 181048.443087,
            "wall_utc": "2026-08-26T11:10:39.936Z"
          },
          "goal_id": "d5eda0008160454693ff0cc644c22a22",
          "last_feedback_at": {
            "monotonic_s": 181048.443087,
            "wall_utc": "2026-08-26T11:10:39.936Z"
          },
          "last_feedback_navigation_s": 1.5e-05,
          "last_feedback_simulated_progress_m": 2e-06,
          "simulated_distance_at_terminal_m": 0.028389,
          "state": "CANCELED",
          "state_history": [
            {
              "at": {
                "monotonic_s": 181048.442625,
                "wall_utc": "2026-08-26T11:10:39.936Z"
              },
              "state": "ACCEPTED"
            },
            {
              "at": {
                "monotonic_s": 181048.442957,
                "wall_utc": "2026-08-26T11:10:39.936Z"
              },
              "state": "EXECUTING"
            },
            {
              "at": {
                "monotonic_s": 181048.718569,
                "wall_utc": "2026-08-26T11:10:40.212Z"
              },
              "state": "CANCEL_REQUEST_ACCEPTED"
            },
            {
              "at": {
                "monotonic_s": 181048.726843,
                "wall_utc": "2026-08-26T11:10:40.220Z"
              },
              "reason": "action_server_observed_cancel_request",
              "state": "CANCELED"
            }
          ],
          "target_marker_x": 80.01,
          "terminal_at": {
            "monotonic_s": 181048.726843,
            "wall_utc": "2026-08-26T11:10:40.220Z"
          },
          "terminal_reason": "action_server_observed_cancel_request",
          "test_cleanup_requested_at": null
        }
      },
      "goal_records_final": {
        "8bf92fd94032aff8dc50fdcd350ff18f": {
          "accepted_at": {
            "monotonic_s": 181046.440718,
            "wall_utc": "2026-08-26T11:10:37.934Z"
          },
          "active_duration_s": 12.277557,
          "cancel_callbacks": [],
          "execute_started_at": {
            "monotonic_s": 181046.441075,
            "wall_utc": "2026-08-26T11:10:37.934Z"
          },
          "feedback_count": 44,
          "feedback_errors": [],
          "first_feedback_at": {
            "monotonic_s": 181046.44129,
            "wall_utc": "2026-08-26T11:10:37.934Z"
          },
          "goal_id": "8bf92fd94032aff8dc50fdcd350ff18f",
          "last_feedback_at": {
            "monotonic_s": 181058.596081,
            "wall_utc": "2026-08-26T11:10:50.089Z"
          },
          "last_feedback_navigation_s": 12.15477,
          "last_feedback_simulated_progress_m": 1.215477,
          "simulated_distance_at_terminal_m": 1.227756,
          "state": "ABORTED_BY_TEST_CLEANUP",
          "state_history": [
            {
              "at": {
                "monotonic_s": 181046.440718,
                "wall_utc": "2026-08-26T11:10:37.934Z"
              },
              "state": "ACCEPTED"
            },
            {
              "at": {
                "monotonic_s": 181046.441075,
                "wall_utc": "2026-08-26T11:10:37.934Z"
              },
              "state": "EXECUTING"
            },
            {
              "at": {
                "monotonic_s": 181058.718632,
                "wall_utc": "2026-08-26T11:10:50.212Z"
              },
              "reason": "forced_cleanup_after_measurement",
              "state": "ABORTED_BY_TEST_CLEANUP"
            }
          ],
          "target_marker_x": 70.01,
          "terminal_at": {
            "monotonic_s": 181058.718632,
            "wall_utc": "2026-08-26T11:10:50.212Z"
          },
          "terminal_reason": "forced_cleanup_after_measurement",
          "test_cleanup_requested_at": {
            "monotonic_s": 181058.718503,
            "wall_utc": "2026-08-26T11:10:50.212Z"
          }
        },
        "d5eda0008160454693ff0cc644c22a22": {
          "accepted_at": {
            "monotonic_s": 181048.442625,
            "wall_utc": "2026-08-26T11:10:39.936Z"
          },
          "active_duration_s": 0.283886,
          "cancel_callbacks": [
            {
              "callback_at": {
                "monotonic_s": 181048.718569,
                "wall_utc": "2026-08-26T11:10:40.212Z"
              },
              "cancel_goal_id": "d5eda0008160454693ff0cc644c22a22"
            }
          ],
          "execute_started_at": {
            "monotonic_s": 181048.442957,
            "wall_utc": "2026-08-26T11:10:39.936Z"
          },
          "feedback_count": 1,
          "feedback_errors": [],
          "first_feedback_at": {
            "monotonic_s": 181048.443087,
            "wall_utc": "2026-08-26T11:10:39.936Z"
          },
          "goal_id": "d5eda0008160454693ff0cc644c22a22",
          "last_feedback_at": {
            "monotonic_s": 181048.443087,
            "wall_utc": "2026-08-26T11:10:39.936Z"
          },
          "last_feedback_navigation_s": 1.5e-05,
          "last_feedback_simulated_progress_m": 2e-06,
          "simulated_distance_at_terminal_m": 0.028389,
          "state": "CANCELED",
          "state_history": [
            {
              "at": {
                "monotonic_s": 181048.442625,
                "wall_utc": "2026-08-26T11:10:39.936Z"
              },
              "state": "ACCEPTED"
            },
            {
              "at": {
                "monotonic_s": 181048.442957,
                "wall_utc": "2026-08-26T11:10:39.936Z"
              },
              "state": "EXECUTING"
            },
            {
              "at": {
                "monotonic_s": 181048.718569,
                "wall_utc": "2026-08-26T11:10:40.212Z"
              },
              "state": "CANCEL_REQUEST_ACCEPTED"
            },
            {
              "at": {
                "monotonic_s": 181048.726843,
                "wall_utc": "2026-08-26T11:10:40.220Z"
              },
              "reason": "action_server_observed_cancel_request",
              "state": "CANCELED"
            }
          ],
          "target_marker_x": 80.01,
          "terminal_at": {
            "monotonic_s": 181048.726843,
            "wall_utc": "2026-08-26T11:10:40.220Z"
          },
          "terminal_reason": "action_server_observed_cancel_request",
          "test_cleanup_requested_at": null
        }
      },
      "heartbeat_counts": {
        "A": 10,
        "B": 0
      },
      "independent_ros_goal": {
        "goal_accepted_at": {
          "monotonic_s": 181048.442625,
          "wall_utc": "2026-08-26T11:10:39.936Z"
        },
        "goal_id": "d5eda0008160454693ff0cc644c22a22",
        "goal_publish_sent_at": {
          "monotonic_s": 181048.44089,
          "wall_utc": "2026-08-26T11:10:39.934Z"
        },
        "origin": "probe ROS-side PoseStamped publisher",
        "target_marker_x": 80.01
      },
      "interpretation_guardrail": "the direct ROS-side goal is a test-only selectivity challenge for a candidate patch; it is not attributed to an external HORUS client",
      "lease_holder": "A",
      "max_simultaneous_active_goals": 2,
      "measurement_completed_at": {
        "monotonic_s": 181058.718486,
        "wall_utc": "2026-08-26T11:10:50.212Z"
      },
      "observed": "WRONG_LATEST_GOAL_CANCELLED",
      "outcome_class": "WRONG_LATEST_GOAL_CANCELLED",
      "path": [
        "HorusLink client",
        "horus_unity_bridge",
        "ROS goal/cancel topic",
        "horus_backend Nav2ActionAdapter",
        "dummy NavigateToPose action server"
      ],
      "post_revocation_active_duration_s": 10.000065,
      "revision": "eca75cbf559f09ff793d8993338b2f1ffed1adfd",
      "revocation_event": {
        "payload": {
          "event": "lease_released",
          "holder_app_id": "long-probe-A",
          "lease_ttl_ms": 1200,
          "lease_version": 421,
          "leases": [],
          "request_id": "F1_SELECTIVITY-T01-A-release",
          "robot_name": "robot1",
          "session_id": "F1_SELECTIVITY-T01-session-A"
        },
        "received_at": {
          "monotonic_s": 181048.718099,
          "wall_utc": "2026-08-26T11:10:40.211Z"
        }
      },
      "revocation_event_timestamp": {
        "monotonic_s": 181048.718099,
        "wall_utc": "2026-08-26T11:10:40.211Z"
      },
      "revocation_initiated_at": {
        "monotonic_s": 181048.717223,
        "wall_utc": "2026-08-26T11:10:40.210Z"
      },
      "runtime_label": "test-only-fix",
      "security_interpretation": "not_an_attack_runtime",
      "selectivity_result": "WRONG_LATEST_GOAL_CANCELLED",
      "setup": {
        "catalog_event": {
          "payload": {
            "event": "snapshot",
            "lease_ttl_ms": 1200,
            "lease_version": 410,
            "leases": [],
            "session_id": "horus-long-action-probe"
          },
          "received_at": {
            "monotonic_s": 181046.389601,
            "wall_utc": "2026-08-26T11:10:37.883Z"
          }
        },
        "fresh_trial_state_verified": true,
        "goal_accepted_at": {
          "monotonic_s": 181046.440718,
          "wall_utc": "2026-08-26T11:10:37.934Z"
        },
        "goal_id": "8bf92fd94032aff8dc50fdcd350ff18f",
        "goal_marker_x": 70.01,
        "goal_publish_sent_at": {
          "monotonic_s": 181046.439507,
          "wall_utc": "2026-08-26T11:10:37.933Z"
        },
        "lease_acquire_event": {
          "payload": {
            "event": "lease_granted",
            "holder_app_id": "long-probe-A",
            "lease_ttl_ms": 1200,
            "lease_version": 411,
            "leases": [
              {
                "acquired_at_ms": 181046431,
                "holder_app_id": "long-probe-A",
                "holder_role": "operator",
                "last_heartbeat_ms": 181046431,
                "lease_version": 411,
                "panel_open": true,
                "robot_name": "robot1",
                "session_id": "F1_SELECTIVITY-T01-session-A",
                "task_active": true,
                "task_kind": "navigation",
                "teleop_active": true
              }
            ],
            "request_id": "F1_SELECTIVITY-T01-A-acquire",
            "robot_name": "robot1",
            "session_id": "F1_SELECTIVITY-T01-session-A"
          },
          "received_at": {
            "monotonic_s": 181046.431486,
            "wall_utc": "2026-08-26T11:10:37.925Z"
          }
        },
        "lease_holder": "A",
        "lease_state_after_acquire": [
          {
            "acquired_at_ms": 181046431,
            "holder_app_id": "long-probe-A",
            "holder_role": "operator",
            "last_heartbeat_ms": 181046431,
            "lease_version": 411,
            "panel_open": true,
            "robot_name": "robot1",
            "session_id": "F1_SELECTIVITY-T01-session-A",
            "task_active": true,
            "task_kind": "navigation",
            "teleop_active": true
          }
        ]
      },
      "simulated_additional_distance_m": 1.000007,
      "started_at": {
        "monotonic_s": 181046.387033,
        "wall_utc": "2026-08-26T11:10:37.880Z"
      },
      "test_id": "F1_SELECTIVITY",
      "test_scope": "test_only_minimal_fix_selectivity_challenge",
      "trial_complete": true,
      "trial_id": "F1_SELECTIVITY-T01",
      "trial_number": 1,
      "unrelated_goal_cancel_request_count": 1,
      "verdict": "MEASURED"
    },
    {
      "a_owned_goal_cancel_request_count": 0,
      "b_goal_id": "12df26bc95a621f54e40e729afe5591a",
      "cancel_goal_ids": [
        "12df26bc95a621f54e40e729afe5591a"
      ],
      "cancel_request_count_at_measurement_end": 1,
      "checkpoints": [
        {
          "active_goal_count": 1,
          "active_goal_ids": [
            "cbb1e3e5dad040fbbff124cfd55ea718"
          ],
          "goals": {
            "12df26bc95a621f54e40e729afe5591a": {
              "cancel_request_count": 1,
              "feedback_count": 1,
              "goal_id": "12df26bc95a621f54e40e729afe5591a",
              "last_feedback_navigation_s": 2.3e-05,
              "last_feedback_simulated_progress_m": 2e-06,
              "state": "CANCELED",
              "target_marker_x": 80.02,
              "terminal_at": {
                "monotonic_s": 181061.201066,
                "wall_utc": "2026-08-26T11:10:52.694Z"
              }
            },
            "cbb1e3e5dad040fbbff124cfd55ea718": {
              "cancel_request_count": 0,
              "feedback_count": 10,
              "goal_id": "cbb1e3e5dad040fbbff124cfd55ea718",
              "last_feedback_navigation_s": 2.541746,
              "last_feedback_simulated_progress_m": 0.254175,
              "state": "EXECUTING",
              "target_marker_x": 70.02,
              "terminal_at": null
            }
          },
          "lease_state": {
            "event": "lease_released",
            "holder_app_id": "long-probe-A",
            "lease_ttl_ms": 1200,
            "lease_version": 432,
            "leases": [],
            "request_id": "F1_SELECTIVITY-T02-A-release",
            "robot_name": "robot1",
            "session_id": "F1_SELECTIVITY-T02-session-A"
          },
          "observed_at": {
            "monotonic_s": 181061.694722,
            "wall_utc": "2026-08-26T11:10:53.188Z"
          },
          "observed_offset_s": 0.500088,
          "scheduled_offset_s": 0.5
        },
        {
          "active_goal_count": 1,
          "active_goal_ids": [
            "cbb1e3e5dad040fbbff124cfd55ea718"
          ],
          "goals": {
            "12df26bc95a621f54e40e729afe5591a": {
              "cancel_request_count": 1,
              "feedback_count": 1,
              "goal_id": "12df26bc95a621f54e40e729afe5591a",
              "last_feedback_navigation_s": 2.3e-05,
              "last_feedback_simulated_progress_m": 2e-06,
              "state": "CANCELED",
              "target_marker_x": 80.02,
              "terminal_at": {
                "monotonic_s": 181061.201066,
                "wall_utc": "2026-08-26T11:10:52.694Z"
              }
            },
            "cbb1e3e5dad040fbbff124cfd55ea718": {
              "cancel_request_count": 0,
              "feedback_count": 12,
              "goal_id": "cbb1e3e5dad040fbbff124cfd55ea718",
              "last_feedback_navigation_s": 3.105177,
              "last_feedback_simulated_progress_m": 0.310518,
              "state": "EXECUTING",
              "target_marker_x": 70.02,
              "terminal_at": null
            }
          },
          "lease_state": {
            "event": "lease_released",
            "holder_app_id": "long-probe-A",
            "lease_ttl_ms": 1200,
            "lease_version": 432,
            "leases": [],
            "request_id": "F1_SELECTIVITY-T02-A-release",
            "robot_name": "robot1",
            "session_id": "F1_SELECTIVITY-T02-session-A"
          },
          "observed_at": {
            "monotonic_s": 181062.194728,
            "wall_utc": "2026-08-26T11:10:53.688Z"
          },
          "observed_offset_s": 1.000094,
          "scheduled_offset_s": 1.0
        },
        {
          "active_goal_count": 1,
          "active_goal_ids": [
            "cbb1e3e5dad040fbbff124cfd55ea718"
          ],
          "goals": {
            "12df26bc95a621f54e40e729afe5591a": {
              "cancel_request_count": 1,
              "feedback_count": 1,
              "goal_id": "12df26bc95a621f54e40e729afe5591a",
              "last_feedback_navigation_s": 2.3e-05,
              "last_feedback_simulated_progress_m": 2e-06,
              "state": "CANCELED",
              "target_marker_x": 80.02,
              "terminal_at": {
                "monotonic_s": 181061.201066,
                "wall_utc": "2026-08-26T11:10:52.694Z"
              }
            },
            "cbb1e3e5dad040fbbff124cfd55ea718": {
              "cancel_request_count": 0,
              "feedback_count": 19,
              "goal_id": "cbb1e3e5dad040fbbff124cfd55ea718",
              "last_feedback_navigation_s": 5.082832,
              "last_feedback_simulated_progress_m": 0.508283,
              "state": "EXECUTING",
              "target_marker_x": 70.02,
              "terminal_at": null
            }
          },
          "lease_state": {
            "event": "lease_released",
            "holder_app_id": "long-probe-A",
            "lease_ttl_ms": 1200,
            "lease_version": 432,
            "leases": [],
            "request_id": "F1_SELECTIVITY-T02-A-release",
            "robot_name": "robot1",
            "session_id": "F1_SELECTIVITY-T02-session-A"
          },
          "observed_at": {
            "monotonic_s": 181064.195544,
            "wall_utc": "2026-08-26T11:10:55.689Z"
          },
          "observed_offset_s": 3.00091,
          "scheduled_offset_s": 3.0
        },
        {
          "active_goal_count": 1,
          "active_goal_ids": [
            "cbb1e3e5dad040fbbff124cfd55ea718"
          ],
          "goals": {
            "12df26bc95a621f54e40e729afe5591a": {
              "cancel_request_count": 1,
              "feedback_count": 1,
              "goal_id": "12df26bc95a621f54e40e729afe5591a",
              "last_feedback_navigation_s": 2.3e-05,
              "last_feedback_simulated_progress_m": 2e-06,
              "state": "CANCELED",
              "target_marker_x": 80.02,
              "terminal_at": {
                "monotonic_s": 181061.201066,
                "wall_utc": "2026-08-26T11:10:52.694Z"
              }
            },
            "cbb1e3e5dad040fbbff124cfd55ea718": {
              "cancel_request_count": 0,
              "feedback_count": 26,
              "goal_id": "cbb1e3e5dad040fbbff124cfd55ea718",
              "last_feedback_navigation_s": 7.056501,
              "last_feedback_simulated_progress_m": 0.70565,
              "state": "EXECUTING",
              "target_marker_x": 70.02,
              "terminal_at": null
            }
          },
          "lease_state": {
            "event": "lease_released",
            "holder_app_id": "long-probe-A",
            "lease_ttl_ms": 1200,
            "lease_version": 432,
            "leases": [],
            "request_id": "F1_SELECTIVITY-T02-A-release",
            "robot_name": "robot1",
            "session_id": "F1_SELECTIVITY-T02-session-A"
          },
          "observed_at": {
            "monotonic_s": 181066.195716,
            "wall_utc": "2026-08-26T11:10:57.689Z"
          },
          "observed_offset_s": 5.001082,
          "scheduled_offset_s": 5.0
        },
        {
          "active_goal_count": 1,
          "active_goal_ids": [
            "cbb1e3e5dad040fbbff124cfd55ea718"
          ],
          "goals": {
            "12df26bc95a621f54e40e729afe5591a": {
              "cancel_request_count": 1,
              "feedback_count": 1,
              "goal_id": "12df26bc95a621f54e40e729afe5591a",
              "last_feedback_navigation_s": 2.3e-05,
              "last_feedback_simulated_progress_m": 2e-06,
              "state": "CANCELED",
              "target_marker_x": 80.02,
              "terminal_at": {
                "monotonic_s": 181061.201066,
                "wall_utc": "2026-08-26T11:10:52.694Z"
              }
            },
            "cbb1e3e5dad040fbbff124cfd55ea718": {
              "cancel_request_count": 0,
              "feedback_count": 44,
              "goal_id": "cbb1e3e5dad040fbbff124cfd55ea718",
              "last_feedback_navigation_s": 12.134093,
              "last_feedback_simulated_progress_m": 1.213409,
              "state": "EXECUTING",
              "target_marker_x": 70.02,
              "terminal_at": null
            }
          },
          "lease_state": {
            "event": "lease_released",
            "holder_app_id": "long-probe-A",
            "lease_ttl_ms": 1200,
            "lease_version": 432,
            "leases": [],
            "request_id": "F1_SELECTIVITY-T02-A-release",
            "robot_name": "robot1",
            "session_id": "F1_SELECTIVITY-T02-session-A"
          },
          "observed_at": {
            "monotonic_s": 181071.197418,
            "wall_utc": "2026-08-26T11:11:02.691Z"
          },
          "observed_offset_s": 10.002784,
          "scheduled_offset_s": 10.0
        }
      ],
      "cleanup": {
        "active_goal_ids_after_cleanup": [],
        "clean": true,
        "completed_at": {
          "monotonic_s": 181071.303437,
          "wall_utc": "2026-08-26T11:11:02.797Z"
        },
        "forced_goal_ids": [
          "cbb1e3e5dad040fbbff124cfd55ea718"
        ],
        "release_or_close_errors": [],
        "started_at": {
          "monotonic_s": 181071.19775,
          "wall_utc": "2026-08-26T11:11:02.691Z"
        },
        "terminal_wait_errors": []
      },
      "concurrency_events": [
        {
          "active_goal_count": 1,
          "active_goal_ids": [
            "cbb1e3e5dad040fbbff124cfd55ea718"
          ],
          "at": {
            "monotonic_s": 181058.913481,
            "wall_utc": "2026-08-26T11:10:50.407Z"
          },
          "reason": "goal_accepted"
        },
        {
          "active_goal_count": 1,
          "active_goal_ids": [
            "cbb1e3e5dad040fbbff124cfd55ea718"
          ],
          "at": {
            "monotonic_s": 181058.913966,
            "wall_utc": "2026-08-26T11:10:50.407Z"
          },
          "reason": "execute_started"
        },
        {
          "active_goal_count": 2,
          "active_goal_ids": [
            "12df26bc95a621f54e40e729afe5591a",
            "cbb1e3e5dad040fbbff124cfd55ea718"
          ],
          "at": {
            "monotonic_s": 181060.916603,
            "wall_utc": "2026-08-26T11:10:52.410Z"
          },
          "reason": "goal_accepted"
        },
        {
          "active_goal_count": 2,
          "active_goal_ids": [
            "12df26bc95a621f54e40e729afe5591a",
            "cbb1e3e5dad040fbbff124cfd55ea718"
          ],
          "at": {
            "monotonic_s": 181060.917078,
            "wall_utc": "2026-08-26T11:10:52.410Z"
          },
          "reason": "execute_started"
        },
        {
          "active_goal_count": 2,
          "active_goal_ids": [
            "12df26bc95a621f54e40e729afe5591a",
            "cbb1e3e5dad040fbbff124cfd55ea718"
          ],
          "at": {
            "monotonic_s": 181061.195501,
            "wall_utc": "2026-08-26T11:10:52.689Z"
          },
          "reason": "cancel_callback"
        },
        {
          "active_goal_count": 1,
          "active_goal_ids": [
            "cbb1e3e5dad040fbbff124cfd55ea718"
          ],
          "at": {
            "monotonic_s": 181061.201133,
            "wall_utc": "2026-08-26T11:10:52.694Z"
          },
          "reason": "goal_terminal"
        }
      ],
      "distance_model": "constant 0.1 m/s; not physical motion",
      "duration_basis": "active_at_observation_end_lower_bound",
      "duration_is_right_censored_lower_bound": true,
      "evidence_fields": {
        "active_goal_count_at_observation_end": 1,
        "b_goal_id": "12df26bc95a621f54e40e729afe5591a",
        "b_goal_status_at_observation_end": "CANCELED",
        "cancel_goal_ids": [
          "12df26bc95a621f54e40e729afe5591a"
        ],
        "cancel_request_times": [],
        "cleanup_clean": true,
        "expected": "a test-only fix should cancel A's owned goal without canceling a later unrelated ROS-side goal",
        "feedback_count_at_observation_end": 44,
        "first_feedback_time": {
          "monotonic_s": 181058.914192,
          "wall_utc": "2026-08-26T11:10:50.407Z"
        },
        "goal_accepted_time": {
          "monotonic_s": 181058.913414,
          "wall_utc": "2026-08-26T11:10:50.407Z"
        },
        "goal_id": "cbb1e3e5dad040fbbff124cfd55ea718",
        "goal_state_at_observation_end": "EXECUTING",
        "goal_terminal_state": "ABORTED_BY_TEST_CLEANUP",
        "last_feedback_time_at_observation_end": {
          "monotonic_s": 181071.048295,
          "wall_utc": "2026-08-26T11:11:02.541Z"
        },
        "last_simulated_progress_m_at_observation_end": 1.213409,
        "lease_holder": "A",
        "max_simultaneous_active_goals": 2,
        "observed": "WRONG_LATEST_GOAL_CANCELLED",
        "post_revocation_duration_s": 10.002784,
        "revision": "eca75cbf559f09ff793d8993338b2f1ffed1adfd",
        "revocation_time": {
          "monotonic_s": 181061.194634,
          "wall_utc": "2026-08-26T11:10:52.688Z"
        },
        "simulated_additional_distance_m": 1.000278,
        "terminal_time": {
          "monotonic_s": 181071.197943,
          "wall_utc": "2026-08-26T11:11:02.691Z"
        },
        "test_id": "F1_SELECTIVITY",
        "trial_id": "F1_SELECTIVITY-T02",
        "verdict": "MEASURED"
      },
      "expected": "a test-only fix should cancel A's owned goal without canceling a later unrelated ROS-side goal",
      "goal_records_at_measurement_end": {
        "12df26bc95a621f54e40e729afe5591a": {
          "accepted_at": {
            "monotonic_s": 181060.91656,
            "wall_utc": "2026-08-26T11:10:52.410Z"
          },
          "active_duration_s": 0.284007,
          "cancel_callbacks": [
            {
              "callback_at": {
                "monotonic_s": 181061.195457,
                "wall_utc": "2026-08-26T11:10:52.689Z"
              },
              "cancel_goal_id": "12df26bc95a621f54e40e729afe5591a"
            }
          ],
          "execute_started_at": {
            "monotonic_s": 181060.917059,
            "wall_utc": "2026-08-26T11:10:52.410Z"
          },
          "feedback_count": 1,
          "feedback_errors": [],
          "first_feedback_at": {
            "monotonic_s": 181060.917213,
            "wall_utc": "2026-08-26T11:10:52.410Z"
          },
          "goal_id": "12df26bc95a621f54e40e729afe5591a",
          "last_feedback_at": {
            "monotonic_s": 181060.917213,
            "wall_utc": "2026-08-26T11:10:52.410Z"
          },
          "last_feedback_navigation_s": 2.3e-05,
          "last_feedback_simulated_progress_m": 2e-06,
          "simulated_distance_at_terminal_m": 0.028401,
          "state": "CANCELED",
          "state_history": [
            {
              "at": {
                "monotonic_s": 181060.91656,
                "wall_utc": "2026-08-26T11:10:52.410Z"
              },
              "state": "ACCEPTED"
            },
            {
              "at": {
                "monotonic_s": 181060.917059,
                "wall_utc": "2026-08-26T11:10:52.410Z"
              },
              "state": "EXECUTING"
            },
            {
              "at": {
                "monotonic_s": 181061.195457,
                "wall_utc": "2026-08-26T11:10:52.689Z"
              },
              "state": "CANCEL_REQUEST_ACCEPTED"
            },
            {
              "at": {
                "monotonic_s": 181061.201066,
                "wall_utc": "2026-08-26T11:10:52.694Z"
              },
              "reason": "action_server_observed_cancel_request",
              "state": "CANCELED"
            }
          ],
          "target_marker_x": 80.02,
          "terminal_at": {
            "monotonic_s": 181061.201066,
            "wall_utc": "2026-08-26T11:10:52.694Z"
          },
          "terminal_reason": "action_server_observed_cancel_request",
          "test_cleanup_requested_at": null
        },
        "cbb1e3e5dad040fbbff124cfd55ea718": {
          "accepted_at": {
            "monotonic_s": 181058.913414,
            "wall_utc": "2026-08-26T11:10:50.407Z"
          },
          "cancel_callbacks": [],
          "execute_started_at": {
            "monotonic_s": 181058.91394,
            "wall_utc": "2026-08-26T11:10:50.407Z"
          },
          "feedback_count": 44,
          "feedback_errors": [],
          "first_feedback_at": {
            "monotonic_s": 181058.914192,
            "wall_utc": "2026-08-26T11:10:50.407Z"
          },
          "goal_id": "cbb1e3e5dad040fbbff124cfd55ea718",
          "last_feedback_at": {
            "monotonic_s": 181071.048295,
            "wall_utc": "2026-08-26T11:11:02.541Z"
          },
          "last_feedback_navigation_s": 12.134093,
          "last_feedback_simulated_progress_m": 1.213409,
          "state": "EXECUTING",
          "state_history": [
            {
              "at": {
                "monotonic_s": 181058.913414,
                "wall_utc": "2026-08-26T11:10:50.407Z"
              },
              "state": "ACCEPTED"
            },
            {
              "at": {
                "monotonic_s": 181058.91394,
                "wall_utc": "2026-08-26T11:10:50.407Z"
              },
              "state": "EXECUTING"
            }
          ],
          "target_marker_x": 70.02,
          "terminal_at": null,
          "terminal_reason": null,
          "test_cleanup_requested_at": null
        }
      },
      "goal_records_final": {
        "12df26bc95a621f54e40e729afe5591a": {
          "accepted_at": {
            "monotonic_s": 181060.91656,
            "wall_utc": "2026-08-26T11:10:52.410Z"
          },
          "active_duration_s": 0.284007,
          "cancel_callbacks": [
            {
              "callback_at": {
                "monotonic_s": 181061.195457,
                "wall_utc": "2026-08-26T11:10:52.689Z"
              },
              "cancel_goal_id": "12df26bc95a621f54e40e729afe5591a"
            }
          ],
          "execute_started_at": {
            "monotonic_s": 181060.917059,
            "wall_utc": "2026-08-26T11:10:52.410Z"
          },
          "feedback_count": 1,
          "feedback_errors": [],
          "first_feedback_at": {
            "monotonic_s": 181060.917213,
            "wall_utc": "2026-08-26T11:10:52.410Z"
          },
          "goal_id": "12df26bc95a621f54e40e729afe5591a",
          "last_feedback_at": {
            "monotonic_s": 181060.917213,
            "wall_utc": "2026-08-26T11:10:52.410Z"
          },
          "last_feedback_navigation_s": 2.3e-05,
          "last_feedback_simulated_progress_m": 2e-06,
          "simulated_distance_at_terminal_m": 0.028401,
          "state": "CANCELED",
          "state_history": [
            {
              "at": {
                "monotonic_s": 181060.91656,
                "wall_utc": "2026-08-26T11:10:52.410Z"
              },
              "state": "ACCEPTED"
            },
            {
              "at": {
                "monotonic_s": 181060.917059,
                "wall_utc": "2026-08-26T11:10:52.410Z"
              },
              "state": "EXECUTING"
            },
            {
              "at": {
                "monotonic_s": 181061.195457,
                "wall_utc": "2026-08-26T11:10:52.689Z"
              },
              "state": "CANCEL_REQUEST_ACCEPTED"
            },
            {
              "at": {
                "monotonic_s": 181061.201066,
                "wall_utc": "2026-08-26T11:10:52.694Z"
              },
              "reason": "action_server_observed_cancel_request",
              "state": "CANCELED"
            }
          ],
          "target_marker_x": 80.02,
          "terminal_at": {
            "monotonic_s": 181061.201066,
            "wall_utc": "2026-08-26T11:10:52.694Z"
          },
          "terminal_reason": "action_server_observed_cancel_request",
          "test_cleanup_requested_at": null
        },
        "cbb1e3e5dad040fbbff124cfd55ea718": {
          "accepted_at": {
            "monotonic_s": 181058.913414,
            "wall_utc": "2026-08-26T11:10:50.407Z"
          },
          "active_duration_s": 12.284003,
          "cancel_callbacks": [],
          "execute_started_at": {
            "monotonic_s": 181058.91394,
            "wall_utc": "2026-08-26T11:10:50.407Z"
          },
          "feedback_count": 44,
          "feedback_errors": [],
          "first_feedback_at": {
            "monotonic_s": 181058.914192,
            "wall_utc": "2026-08-26T11:10:50.407Z"
          },
          "goal_id": "cbb1e3e5dad040fbbff124cfd55ea718",
          "last_feedback_at": {
            "monotonic_s": 181071.048295,
            "wall_utc": "2026-08-26T11:11:02.541Z"
          },
          "last_feedback_navigation_s": 12.134093,
          "last_feedback_simulated_progress_m": 1.213409,
          "simulated_distance_at_terminal_m": 1.2284,
          "state": "ABORTED_BY_TEST_CLEANUP",
          "state_history": [
            {
              "at": {
                "monotonic_s": 181058.913414,
                "wall_utc": "2026-08-26T11:10:50.407Z"
              },
              "state": "ACCEPTED"
            },
            {
              "at": {
                "monotonic_s": 181058.91394,
                "wall_utc": "2026-08-26T11:10:50.407Z"
              },
              "state": "EXECUTING"
            },
            {
              "at": {
                "monotonic_s": 181071.197943,
                "wall_utc": "2026-08-26T11:11:02.691Z"
              },
              "reason": "forced_cleanup_after_measurement",
              "state": "ABORTED_BY_TEST_CLEANUP"
            }
          ],
          "target_marker_x": 70.02,
          "terminal_at": {
            "monotonic_s": 181071.197943,
            "wall_utc": "2026-08-26T11:11:02.691Z"
          },
          "terminal_reason": "forced_cleanup_after_measurement",
          "test_cleanup_requested_at": {
            "monotonic_s": 181071.197756,
            "wall_utc": "2026-08-26T11:11:02.691Z"
          }
        }
      },
      "heartbeat_counts": {
        "A": 10,
        "B": 0
      },
      "independent_ros_goal": {
        "goal_accepted_at": {
          "monotonic_s": 181060.91656,
          "wall_utc": "2026-08-26T11:10:52.410Z"
        },
        "goal_id": "12df26bc95a621f54e40e729afe5591a",
        "goal_publish_sent_at": {
          "monotonic_s": 181060.914056,
          "wall_utc": "2026-08-26T11:10:52.407Z"
        },
        "origin": "probe ROS-side PoseStamped publisher",
        "target_marker_x": 80.02
      },
      "interpretation_guardrail": "the direct ROS-side goal is a test-only selectivity challenge for a candidate patch; it is not attributed to an external HORUS client",
      "lease_holder": "A",
      "max_simultaneous_active_goals": 2,
      "measurement_completed_at": {
        "monotonic_s": 181071.197742,
        "wall_utc": "2026-08-26T11:11:02.691Z"
      },
      "observed": "WRONG_LATEST_GOAL_CANCELLED",
      "outcome_class": "WRONG_LATEST_GOAL_CANCELLED",
      "path": [
        "HorusLink client",
        "horus_unity_bridge",
        "ROS goal/cancel topic",
        "horus_backend Nav2ActionAdapter",
        "dummy NavigateToPose action server"
      ],
      "post_revocation_active_duration_s": 10.002784,
      "revision": "eca75cbf559f09ff793d8993338b2f1ffed1adfd",
      "revocation_event": {
        "payload": {
          "event": "lease_released",
          "holder_app_id": "long-probe-A",
          "lease_ttl_ms": 1200,
          "lease_version": 432,
          "leases": [],
          "request_id": "F1_SELECTIVITY-T02-A-release",
          "robot_name": "robot1",
          "session_id": "F1_SELECTIVITY-T02-session-A"
        },
        "received_at": {
          "monotonic_s": 181061.194634,
          "wall_utc": "2026-08-26T11:10:52.688Z"
        }
      },
      "revocation_event_timestamp": {
        "monotonic_s": 181061.194634,
        "wall_utc": "2026-08-26T11:10:52.688Z"
      },
      "revocation_initiated_at": {
        "monotonic_s": 181061.193057,
        "wall_utc": "2026-08-26T11:10:52.686Z"
      },
      "runtime_label": "test-only-fix",
      "security_interpretation": "not_an_attack_runtime",
      "selectivity_result": "WRONG_LATEST_GOAL_CANCELLED",
      "setup": {
        "catalog_event": {
          "payload": {
            "event": "snapshot",
            "lease_ttl_ms": 1200,
            "lease_version": 421,
            "leases": [],
            "session_id": "horus-long-action-probe"
          },
          "received_at": {
            "monotonic_s": 181058.832218,
            "wall_utc": "2026-08-26T11:10:50.325Z"
          }
        },
        "fresh_trial_state_verified": true,
        "goal_accepted_at": {
          "monotonic_s": 181058.913414,
          "wall_utc": "2026-08-26T11:10:50.407Z"
        },
        "goal_id": "cbb1e3e5dad040fbbff124cfd55ea718",
        "goal_marker_x": 70.02,
        "goal_publish_sent_at": {
          "monotonic_s": 181058.910138,
          "wall_utc": "2026-08-26T11:10:50.403Z"
        },
        "lease_acquire_event": {
          "payload": {
            "event": "lease_granted",
            "holder_app_id": "long-probe-A",
            "lease_ttl_ms": 1200,
            "lease_version": 422,
            "leases": [
              {
                "acquired_at_ms": 181058868,
                "holder_app_id": "long-probe-A",
                "holder_role": "operator",
                "last_heartbeat_ms": 181058868,
                "lease_version": 422,
                "panel_open": true,
                "robot_name": "robot1",
                "session_id": "F1_SELECTIVITY-T02-session-A",
                "task_active": true,
                "task_kind": "navigation",
                "teleop_active": true
              }
            ],
            "request_id": "F1_SELECTIVITY-T02-A-acquire",
            "robot_name": "robot1",
            "session_id": "F1_SELECTIVITY-T02-session-A"
          },
          "received_at": {
            "monotonic_s": 181058.887221,
            "wall_utc": "2026-08-26T11:10:50.380Z"
          }
        },
        "lease_holder": "A",
        "lease_state_after_acquire": [
          {
            "acquired_at_ms": 181058868,
            "holder_app_id": "long-probe-A",
            "holder_role": "operator",
            "last_heartbeat_ms": 181058868,
            "lease_version": 422,
            "panel_open": true,
            "robot_name": "robot1",
            "session_id": "F1_SELECTIVITY-T02-session-A",
            "task_active": true,
            "task_kind": "navigation",
            "teleop_active": true
          }
        ]
      },
      "simulated_additional_distance_m": 1.000278,
      "started_at": {
        "monotonic_s": 181058.824142,
        "wall_utc": "2026-08-26T11:10:50.317Z"
      },
      "test_id": "F1_SELECTIVITY",
      "test_scope": "test_only_minimal_fix_selectivity_challenge",
      "trial_complete": true,
      "trial_id": "F1_SELECTIVITY-T02",
      "trial_number": 2,
      "unrelated_goal_cancel_request_count": 1,
      "verdict": "MEASURED"
    },
    {
      "a_owned_goal_cancel_request_count": 0,
      "b_goal_id": "a5f8d44339c9545bca1d9afc51c061e3",
      "cancel_goal_ids": [
        "a5f8d44339c9545bca1d9afc51c061e3"
      ],
      "cancel_request_count_at_measurement_end": 1,
      "checkpoints": [
        {
          "active_goal_count": 1,
          "active_goal_ids": [
            "02a948b05a5084ed9e146928b7cdf5c1"
          ],
          "goals": {
            "02a948b05a5084ed9e146928b7cdf5c1": {
              "cancel_request_count": 0,
              "feedback_count": 10,
              "goal_id": "02a948b05a5084ed9e146928b7cdf5c1",
              "last_feedback_navigation_s": 2.543132,
              "last_feedback_simulated_progress_m": 0.254313,
              "state": "EXECUTING",
              "target_marker_x": 70.03,
              "terminal_at": null
            },
            "a5f8d44339c9545bca1d9afc51c061e3": {
              "cancel_request_count": 1,
              "feedback_count": 1,
              "goal_id": "a5f8d44339c9545bca1d9afc51c061e3",
              "last_feedback_navigation_s": 1.9e-05,
              "last_feedback_simulated_progress_m": 2e-06,
              "state": "CANCELED",
              "target_marker_x": 80.03,
              "terminal_at": {
                "monotonic_s": 181073.643418,
                "wall_utc": "2026-08-26T11:11:05.137Z"
              }
            }
          },
          "lease_state": {
            "event": "lease_released",
            "holder_app_id": "long-probe-A",
            "lease_ttl_ms": 1200,
            "lease_version": 443,
            "leases": [],
            "request_id": "F1_SELECTIVITY-T03-A-release",
            "robot_name": "robot1",
            "session_id": "F1_SELECTIVITY-T03-session-A"
          },
          "observed_at": {
            "monotonic_s": 181074.136842,
            "wall_utc": "2026-08-26T11:11:05.630Z"
          },
          "observed_offset_s": 0.500085,
          "scheduled_offset_s": 0.5
        },
        {
          "active_goal_count": 1,
          "active_goal_ids": [
            "02a948b05a5084ed9e146928b7cdf5c1"
          ],
          "goals": {
            "02a948b05a5084ed9e146928b7cdf5c1": {
              "cancel_request_count": 0,
              "feedback_count": 12,
              "goal_id": "02a948b05a5084ed9e146928b7cdf5c1",
              "last_feedback_navigation_s": 3.106793,
              "last_feedback_simulated_progress_m": 0.310679,
              "state": "EXECUTING",
              "target_marker_x": 70.03,
              "terminal_at": null
            },
            "a5f8d44339c9545bca1d9afc51c061e3": {
              "cancel_request_count": 1,
              "feedback_count": 1,
              "goal_id": "a5f8d44339c9545bca1d9afc51c061e3",
              "last_feedback_navigation_s": 1.9e-05,
              "last_feedback_simulated_progress_m": 2e-06,
              "state": "CANCELED",
              "target_marker_x": 80.03,
              "terminal_at": {
                "monotonic_s": 181073.643418,
                "wall_utc": "2026-08-26T11:11:05.137Z"
              }
            }
          },
          "lease_state": {
            "event": "lease_released",
            "holder_app_id": "long-probe-A",
            "lease_ttl_ms": 1200,
            "lease_version": 443,
            "leases": [],
            "request_id": "F1_SELECTIVITY-T03-A-release",
            "robot_name": "robot1",
            "session_id": "F1_SELECTIVITY-T03-session-A"
          },
          "observed_at": {
            "monotonic_s": 181074.636833,
            "wall_utc": "2026-08-26T11:11:06.130Z"
          },
          "observed_offset_s": 1.000076,
          "scheduled_offset_s": 1.0
        },
        {
          "active_goal_count": 1,
          "active_goal_ids": [
            "02a948b05a5084ed9e146928b7cdf5c1"
          ],
          "goals": {
            "02a948b05a5084ed9e146928b7cdf5c1": {
              "cancel_request_count": 0,
              "feedback_count": 19,
              "goal_id": "02a948b05a5084ed9e146928b7cdf5c1",
              "last_feedback_navigation_s": 5.076129,
              "last_feedback_simulated_progress_m": 0.507613,
              "state": "EXECUTING",
              "target_marker_x": 70.03,
              "terminal_at": null
            },
            "a5f8d44339c9545bca1d9afc51c061e3": {
              "cancel_request_count": 1,
              "feedback_count": 1,
              "goal_id": "a5f8d44339c9545bca1d9afc51c061e3",
              "last_feedback_navigation_s": 1.9e-05,
              "last_feedback_simulated_progress_m": 2e-06,
              "state": "CANCELED",
              "target_marker_x": 80.03,
              "terminal_at": {
                "monotonic_s": 181073.643418,
                "wall_utc": "2026-08-26T11:11:05.137Z"
              }
            }
          },
          "lease_state": {
            "event": "lease_released",
            "holder_app_id": "long-probe-A",
            "lease_ttl_ms": 1200,
            "lease_version": 443,
            "leases": [],
            "request_id": "F1_SELECTIVITY-T03-A-release",
            "robot_name": "robot1",
            "session_id": "F1_SELECTIVITY-T03-session-A"
          },
          "observed_at": {
            "monotonic_s": 181076.637353,
            "wall_utc": "2026-08-26T11:11:08.131Z"
          },
          "observed_offset_s": 3.000596,
          "scheduled_offset_s": 3.0
        },
        {
          "active_goal_count": 1,
          "active_goal_ids": [
            "02a948b05a5084ed9e146928b7cdf5c1"
          ],
          "goals": {
            "02a948b05a5084ed9e146928b7cdf5c1": {
              "cancel_request_count": 0,
              "feedback_count": 26,
              "goal_id": "02a948b05a5084ed9e146928b7cdf5c1",
              "last_feedback_navigation_s": 7.054037,
              "last_feedback_simulated_progress_m": 0.705404,
              "state": "EXECUTING",
              "target_marker_x": 70.03,
              "terminal_at": null
            },
            "a5f8d44339c9545bca1d9afc51c061e3": {
              "cancel_request_count": 1,
              "feedback_count": 1,
              "goal_id": "a5f8d44339c9545bca1d9afc51c061e3",
              "last_feedback_navigation_s": 1.9e-05,
              "last_feedback_simulated_progress_m": 2e-06,
              "state": "CANCELED",
              "target_marker_x": 80.03,
              "terminal_at": {
                "monotonic_s": 181073.643418,
                "wall_utc": "2026-08-26T11:11:05.137Z"
              }
            }
          },
          "lease_state": {
            "event": "lease_released",
            "holder_app_id": "long-probe-A",
            "lease_ttl_ms": 1200,
            "lease_version": 443,
            "leases": [],
            "request_id": "F1_SELECTIVITY-T03-A-release",
            "robot_name": "robot1",
            "session_id": "F1_SELECTIVITY-T03-session-A"
          },
          "observed_at": {
            "monotonic_s": 181078.636829,
            "wall_utc": "2026-08-26T11:11:10.130Z"
          },
          "observed_offset_s": 5.000072,
          "scheduled_offset_s": 5.0
        },
        {
          "active_goal_count": 1,
          "active_goal_ids": [
            "02a948b05a5084ed9e146928b7cdf5c1"
          ],
          "goals": {
            "02a948b05a5084ed9e146928b7cdf5c1": {
              "cancel_request_count": 0,
              "feedback_count": 44,
              "goal_id": "02a948b05a5084ed9e146928b7cdf5c1",
              "last_feedback_navigation_s": 12.134486,
              "last_feedback_simulated_progress_m": 1.213449,
              "state": "EXECUTING",
              "target_marker_x": 70.03,
              "terminal_at": null
            },
            "a5f8d44339c9545bca1d9afc51c061e3": {
              "cancel_request_count": 1,
              "feedback_count": 1,
              "goal_id": "a5f8d44339c9545bca1d9afc51c061e3",
              "last_feedback_navigation_s": 1.9e-05,
              "last_feedback_simulated_progress_m": 2e-06,
              "state": "CANCELED",
              "target_marker_x": 80.03,
              "terminal_at": {
                "monotonic_s": 181073.643418,
                "wall_utc": "2026-08-26T11:11:05.137Z"
              }
            }
          },
          "lease_state": {
            "event": "lease_released",
            "holder_app_id": "long-probe-A",
            "lease_ttl_ms": 1200,
            "lease_version": 443,
            "leases": [],
            "request_id": "F1_SELECTIVITY-T03-A-release",
            "robot_name": "robot1",
            "session_id": "F1_SELECTIVITY-T03-session-A"
          },
          "observed_at": {
            "monotonic_s": 181083.636836,
            "wall_utc": "2026-08-26T11:11:15.130Z"
          },
          "observed_offset_s": 10.000079,
          "scheduled_offset_s": 10.0
        }
      ],
      "cleanup": {
        "active_goal_ids_after_cleanup": [],
        "clean": true,
        "completed_at": {
          "monotonic_s": 181083.742888,
          "wall_utc": "2026-08-26T11:11:15.236Z"
        },
        "forced_goal_ids": [
          "02a948b05a5084ed9e146928b7cdf5c1"
        ],
        "release_or_close_errors": [],
        "started_at": {
          "monotonic_s": 181083.637285,
          "wall_utc": "2026-08-26T11:11:15.130Z"
        },
        "terminal_wait_errors": []
      },
      "concurrency_events": [
        {
          "active_goal_count": 1,
          "active_goal_ids": [
            "02a948b05a5084ed9e146928b7cdf5c1"
          ],
          "at": {
            "monotonic_s": 181071.359826,
            "wall_utc": "2026-08-26T11:11:02.853Z"
          },
          "reason": "goal_accepted"
        },
        {
          "active_goal_count": 1,
          "active_goal_ids": [
            "02a948b05a5084ed9e146928b7cdf5c1"
          ],
          "at": {
            "monotonic_s": 181071.360248,
            "wall_utc": "2026-08-26T11:11:02.853Z"
          },
          "reason": "execute_started"
        },
        {
          "active_goal_count": 2,
          "active_goal_ids": [
            "02a948b05a5084ed9e146928b7cdf5c1",
            "a5f8d44339c9545bca1d9afc51c061e3"
          ],
          "at": {
            "monotonic_s": 181073.361147,
            "wall_utc": "2026-08-26T11:11:04.854Z"
          },
          "reason": "goal_accepted"
        },
        {
          "active_goal_count": 2,
          "active_goal_ids": [
            "02a948b05a5084ed9e146928b7cdf5c1",
            "a5f8d44339c9545bca1d9afc51c061e3"
          ],
          "at": {
            "monotonic_s": 181073.361668,
            "wall_utc": "2026-08-26T11:11:04.855Z"
          },
          "reason": "execute_started"
        },
        {
          "active_goal_count": 2,
          "active_goal_ids": [
            "02a948b05a5084ed9e146928b7cdf5c1",
            "a5f8d44339c9545bca1d9afc51c061e3"
          ],
          "at": {
            "monotonic_s": 181073.636624,
            "wall_utc": "2026-08-26T11:11:05.130Z"
          },
          "reason": "cancel_callback"
        },
        {
          "active_goal_count": 1,
          "active_goal_ids": [
            "02a948b05a5084ed9e146928b7cdf5c1"
          ],
          "at": {
            "monotonic_s": 181073.643456,
            "wall_utc": "2026-08-26T11:11:05.137Z"
          },
          "reason": "goal_terminal"
        }
      ],
      "distance_model": "constant 0.1 m/s; not physical motion",
      "duration_basis": "active_at_observation_end_lower_bound",
      "duration_is_right_censored_lower_bound": true,
      "evidence_fields": {
        "active_goal_count_at_observation_end": 1,
        "b_goal_id": "a5f8d44339c9545bca1d9afc51c061e3",
        "b_goal_status_at_observation_end": "CANCELED",
        "cancel_goal_ids": [
          "a5f8d44339c9545bca1d9afc51c061e3"
        ],
        "cancel_request_times": [],
        "cleanup_clean": true,
        "expected": "a test-only fix should cancel A's owned goal without canceling a later unrelated ROS-side goal",
        "feedback_count_at_observation_end": 44,
        "first_feedback_time": {
          "monotonic_s": 181071.360481,
          "wall_utc": "2026-08-26T11:11:02.854Z"
        },
        "goal_accepted_time": {
          "monotonic_s": 181071.359777,
          "wall_utc": "2026-08-26T11:11:02.853Z"
        },
        "goal_id": "02a948b05a5084ed9e146928b7cdf5c1",
        "goal_state_at_observation_end": "EXECUTING",
        "goal_terminal_state": "ABORTED_BY_TEST_CLEANUP",
        "last_feedback_time_at_observation_end": {
          "monotonic_s": 181083.494903,
          "wall_utc": "2026-08-26T11:11:14.988Z"
        },
        "last_simulated_progress_m_at_observation_end": 1.213449,
        "lease_holder": "A",
        "max_simultaneous_active_goals": 2,
        "observed": "WRONG_LATEST_GOAL_CANCELLED",
        "post_revocation_duration_s": 10.000079,
        "revision": "eca75cbf559f09ff793d8993338b2f1ffed1adfd",
        "revocation_time": {
          "monotonic_s": 181073.636757,
          "wall_utc": "2026-08-26T11:11:05.130Z"
        },
        "simulated_additional_distance_m": 1.000008,
        "terminal_time": {
          "monotonic_s": 181083.63745,
          "wall_utc": "2026-08-26T11:11:15.131Z"
        },
        "test_id": "F1_SELECTIVITY",
        "trial_id": "F1_SELECTIVITY-T03",
        "verdict": "MEASURED"
      },
      "expected": "a test-only fix should cancel A's owned goal without canceling a later unrelated ROS-side goal",
      "goal_records_at_measurement_end": {
        "02a948b05a5084ed9e146928b7cdf5c1": {
          "accepted_at": {
            "monotonic_s": 181071.359777,
            "wall_utc": "2026-08-26T11:11:02.853Z"
          },
          "cancel_callbacks": [],
          "execute_started_at": {
            "monotonic_s": 181071.36022,
            "wall_utc": "2026-08-26T11:11:02.853Z"
          },
          "feedback_count": 44,
          "feedback_errors": [],
          "first_feedback_at": {
            "monotonic_s": 181071.360481,
            "wall_utc": "2026-08-26T11:11:02.854Z"
          },
          "goal_id": "02a948b05a5084ed9e146928b7cdf5c1",
          "last_feedback_at": {
            "monotonic_s": 181083.494903,
            "wall_utc": "2026-08-26T11:11:14.988Z"
          },
          "last_feedback_navigation_s": 12.134486,
          "last_feedback_simulated_progress_m": 1.213449,
          "state": "EXECUTING",
          "state_history": [
            {
              "at": {
                "monotonic_s": 181071.359777,
                "wall_utc": "2026-08-26T11:11:02.853Z"
              },
              "state": "ACCEPTED"
            },
            {
              "at": {
                "monotonic_s": 181071.36022,
                "wall_utc": "2026-08-26T11:11:02.853Z"
              },
              "state": "EXECUTING"
            }
          ],
          "target_marker_x": 70.03,
          "terminal_at": null,
          "terminal_reason": null,
          "test_cleanup_requested_at": null
        },
        "a5f8d44339c9545bca1d9afc51c061e3": {
          "accepted_at": {
            "monotonic_s": 181073.361114,
            "wall_utc": "2026-08-26T11:11:04.854Z"
          },
          "active_duration_s": 0.281766,
          "cancel_callbacks": [
            {
              "callback_at": {
                "monotonic_s": 181073.636594,
                "wall_utc": "2026-08-26T11:11:05.130Z"
              },
              "cancel_goal_id": "a5f8d44339c9545bca1d9afc51c061e3"
            }
          ],
          "execute_started_at": {
            "monotonic_s": 181073.361652,
            "wall_utc": "2026-08-26T11:11:04.855Z"
          },
          "feedback_count": 1,
          "feedback_errors": [],
          "first_feedback_at": {
            "monotonic_s": 181073.361778,
            "wall_utc": "2026-08-26T11:11:04.855Z"
          },
          "goal_id": "a5f8d44339c9545bca1d9afc51c061e3",
          "last_feedback_at": {
            "monotonic_s": 181073.361778,
            "wall_utc": "2026-08-26T11:11:04.855Z"
          },
          "last_feedback_navigation_s": 1.9e-05,
          "last_feedback_simulated_progress_m": 2e-06,
          "simulated_distance_at_terminal_m": 0.028177,
          "state": "CANCELED",
          "state_history": [
            {
              "at": {
                "monotonic_s": 181073.361114,
                "wall_utc": "2026-08-26T11:11:04.854Z"
              },
              "state": "ACCEPTED"
            },
            {
              "at": {
                "monotonic_s": 181073.361652,
                "wall_utc": "2026-08-26T11:11:04.855Z"
              },
              "state": "EXECUTING"
            },
            {
              "at": {
                "monotonic_s": 181073.636594,
                "wall_utc": "2026-08-26T11:11:05.130Z"
              },
              "state": "CANCEL_REQUEST_ACCEPTED"
            },
            {
              "at": {
                "monotonic_s": 181073.643418,
                "wall_utc": "2026-08-26T11:11:05.137Z"
              },
              "reason": "action_server_observed_cancel_request",
              "state": "CANCELED"
            }
          ],
          "target_marker_x": 80.03,
          "terminal_at": {
            "monotonic_s": 181073.643418,
            "wall_utc": "2026-08-26T11:11:05.137Z"
          },
          "terminal_reason": "action_server_observed_cancel_request",
          "test_cleanup_requested_at": null
        }
      },
      "goal_records_final": {
        "02a948b05a5084ed9e146928b7cdf5c1": {
          "accepted_at": {
            "monotonic_s": 181071.359777,
            "wall_utc": "2026-08-26T11:11:02.853Z"
          },
          "active_duration_s": 12.27723,
          "cancel_callbacks": [],
          "execute_started_at": {
            "monotonic_s": 181071.36022,
            "wall_utc": "2026-08-26T11:11:02.853Z"
          },
          "feedback_count": 44,
          "feedback_errors": [],
          "first_feedback_at": {
            "monotonic_s": 181071.360481,
            "wall_utc": "2026-08-26T11:11:02.854Z"
          },
          "goal_id": "02a948b05a5084ed9e146928b7cdf5c1",
          "last_feedback_at": {
            "monotonic_s": 181083.494903,
            "wall_utc": "2026-08-26T11:11:14.988Z"
          },
          "last_feedback_navigation_s": 12.134486,
          "last_feedback_simulated_progress_m": 1.213449,
          "simulated_distance_at_terminal_m": 1.227723,
          "state": "ABORTED_BY_TEST_CLEANUP",
          "state_history": [
            {
              "at": {
                "monotonic_s": 181071.359777,
                "wall_utc": "2026-08-26T11:11:02.853Z"
              },
              "state": "ACCEPTED"
            },
            {
              "at": {
                "monotonic_s": 181071.36022,
                "wall_utc": "2026-08-26T11:11:02.853Z"
              },
              "state": "EXECUTING"
            },
            {
              "at": {
                "monotonic_s": 181083.63745,
                "wall_utc": "2026-08-26T11:11:15.131Z"
              },
              "reason": "forced_cleanup_after_measurement",
              "state": "ABORTED_BY_TEST_CLEANUP"
            }
          ],
          "target_marker_x": 70.03,
          "terminal_at": {
            "monotonic_s": 181083.63745,
            "wall_utc": "2026-08-26T11:11:15.131Z"
          },
          "terminal_reason": "forced_cleanup_after_measurement",
          "test_cleanup_requested_at": {
            "monotonic_s": 181083.637293,
            "wall_utc": "2026-08-26T11:11:15.130Z"
          }
        },
        "a5f8d44339c9545bca1d9afc51c061e3": {
          "accepted_at": {
            "monotonic_s": 181073.361114,
            "wall_utc": "2026-08-26T11:11:04.854Z"
          },
          "active_duration_s": 0.281766,
          "cancel_callbacks": [
            {
              "callback_at": {
                "monotonic_s": 181073.636594,
                "wall_utc": "2026-08-26T11:11:05.130Z"
              },
              "cancel_goal_id": "a5f8d44339c9545bca1d9afc51c061e3"
            }
          ],
          "execute_started_at": {
            "monotonic_s": 181073.361652,
            "wall_utc": "2026-08-26T11:11:04.855Z"
          },
          "feedback_count": 1,
          "feedback_errors": [],
          "first_feedback_at": {
            "monotonic_s": 181073.361778,
            "wall_utc": "2026-08-26T11:11:04.855Z"
          },
          "goal_id": "a5f8d44339c9545bca1d9afc51c061e3",
          "last_feedback_at": {
            "monotonic_s": 181073.361778,
            "wall_utc": "2026-08-26T11:11:04.855Z"
          },
          "last_feedback_navigation_s": 1.9e-05,
          "last_feedback_simulated_progress_m": 2e-06,
          "simulated_distance_at_terminal_m": 0.028177,
          "state": "CANCELED",
          "state_history": [
            {
              "at": {
                "monotonic_s": 181073.361114,
                "wall_utc": "2026-08-26T11:11:04.854Z"
              },
              "state": "ACCEPTED"
            },
            {
              "at": {
                "monotonic_s": 181073.361652,
                "wall_utc": "2026-08-26T11:11:04.855Z"
              },
              "state": "EXECUTING"
            },
            {
              "at": {
                "monotonic_s": 181073.636594,
                "wall_utc": "2026-08-26T11:11:05.130Z"
              },
              "state": "CANCEL_REQUEST_ACCEPTED"
            },
            {
              "at": {
                "monotonic_s": 181073.643418,
                "wall_utc": "2026-08-26T11:11:05.137Z"
              },
              "reason": "action_server_observed_cancel_request",
              "state": "CANCELED"
            }
          ],
          "target_marker_x": 80.03,
          "terminal_at": {
            "monotonic_s": 181073.643418,
            "wall_utc": "2026-08-26T11:11:05.137Z"
          },
          "terminal_reason": "action_server_observed_cancel_request",
          "test_cleanup_requested_at": null
        }
      },
      "heartbeat_counts": {
        "A": 10,
        "B": 0
      },
      "independent_ros_goal": {
        "goal_accepted_at": {
          "monotonic_s": 181073.361114,
          "wall_utc": "2026-08-26T11:11:04.854Z"
        },
        "goal_id": "a5f8d44339c9545bca1d9afc51c061e3",
        "goal_publish_sent_at": {
          "monotonic_s": 181073.359998,
          "wall_utc": "2026-08-26T11:11:04.853Z"
        },
        "origin": "probe ROS-side PoseStamped publisher",
        "target_marker_x": 80.03
      },
      "interpretation_guardrail": "the direct ROS-side goal is a test-only selectivity challenge for a candidate patch; it is not attributed to an external HORUS client",
      "lease_holder": "A",
      "max_simultaneous_active_goals": 2,
      "measurement_completed_at": {
        "monotonic_s": 181083.637272,
        "wall_utc": "2026-08-26T11:11:15.130Z"
      },
      "observed": "WRONG_LATEST_GOAL_CANCELLED",
      "outcome_class": "WRONG_LATEST_GOAL_CANCELLED",
      "path": [
        "HorusLink client",
        "horus_unity_bridge",
        "ROS goal/cancel topic",
        "horus_backend Nav2ActionAdapter",
        "dummy NavigateToPose action server"
      ],
      "post_revocation_active_duration_s": 10.000079,
      "revision": "eca75cbf559f09ff793d8993338b2f1ffed1adfd",
      "revocation_event": {
        "payload": {
          "event": "lease_released",
          "holder_app_id": "long-probe-A",
          "lease_ttl_ms": 1200,
          "lease_version": 443,
          "leases": [],
          "request_id": "F1_SELECTIVITY-T03-A-release",
          "robot_name": "robot1",
          "session_id": "F1_SELECTIVITY-T03-session-A"
        },
        "received_at": {
          "monotonic_s": 181073.636757,
          "wall_utc": "2026-08-26T11:11:05.130Z"
        }
      },
      "revocation_event_timestamp": {
        "monotonic_s": 181073.636757,
        "wall_utc": "2026-08-26T11:11:05.130Z"
      },
      "revocation_initiated_at": {
        "monotonic_s": 181073.635486,
        "wall_utc": "2026-08-26T11:11:05.129Z"
      },
      "runtime_label": "test-only-fix",
      "security_interpretation": "not_an_attack_runtime",
      "selectivity_result": "WRONG_LATEST_GOAL_CANCELLED",
      "setup": {
        "catalog_event": {
          "payload": {
            "event": "snapshot",
            "lease_ttl_ms": 1200,
            "lease_version": 432,
            "leases": [],
            "session_id": "horus-long-action-probe"
          },
          "received_at": {
            "monotonic_s": 181071.306892,
            "wall_utc": "2026-08-26T11:11:02.800Z"
          }
        },
        "fresh_trial_state_verified": true,
        "goal_accepted_at": {
          "monotonic_s": 181071.359777,
          "wall_utc": "2026-08-26T11:11:02.853Z"
        },
        "goal_id": "02a948b05a5084ed9e146928b7cdf5c1",
        "goal_marker_x": 70.03,
        "goal_publish_sent_at": {
          "monotonic_s": 181071.358205,
          "wall_utc": "2026-08-26T11:11:02.851Z"
        },
        "lease_acquire_event": {
          "payload": {
            "event": "lease_granted",
            "holder_app_id": "long-probe-A",
            "lease_ttl_ms": 1200,
            "lease_version": 433,
            "leases": [
              {
                "acquired_at_ms": 181071347,
                "holder_app_id": "long-probe-A",
                "holder_role": "operator",
                "last_heartbeat_ms": 181071347,
                "lease_version": 433,
                "panel_open": true,
                "robot_name": "robot1",
                "session_id": "F1_SELECTIVITY-T03-session-A",
                "task_active": true,
                "task_kind": "navigation",
                "teleop_active": true
              }
            ],
            "request_id": "F1_SELECTIVITY-T03-A-acquire",
            "robot_name": "robot1",
            "session_id": "F1_SELECTIVITY-T03-session-A"
          },
          "received_at": {
            "monotonic_s": 181071.347963,
            "wall_utc": "2026-08-26T11:11:02.841Z"
          }
        },
        "lease_holder": "A",
        "lease_state_after_acquire": [
          {
            "acquired_at_ms": 181071347,
            "holder_app_id": "long-probe-A",
            "holder_role": "operator",
            "last_heartbeat_ms": 181071347,
            "lease_version": 433,
            "panel_open": true,
            "robot_name": "robot1",
            "session_id": "F1_SELECTIVITY-T03-session-A",
            "task_active": true,
            "task_kind": "navigation",
            "teleop_active": true
          }
        ]
      },
      "simulated_additional_distance_m": 1.000008,
      "started_at": {
        "monotonic_s": 181071.303601,
        "wall_utc": "2026-08-26T11:11:02.797Z"
      },
      "test_id": "F1_SELECTIVITY",
      "test_scope": "test_only_minimal_fix_selectivity_challenge",
      "trial_complete": true,
      "trial_id": "F1_SELECTIVITY-T03",
      "trial_number": 3,
      "unrelated_goal_cancel_request_count": 1,
      "verdict": "MEASURED"
    },
    {
      "a_owned_goal_cancel_request_count": 0,
      "b_goal_id": "cb71e2f729b46ec7b9fde2341292fe81",
      "cancel_goal_ids": [
        "cb71e2f729b46ec7b9fde2341292fe81"
      ],
      "cancel_request_count_at_measurement_end": 1,
      "checkpoints": [
        {
          "active_goal_count": 1,
          "active_goal_ids": [
            "bf62b1663e2f231894c71ede1f3e2044"
          ],
          "goals": {
            "bf62b1663e2f231894c71ede1f3e2044": {
              "cancel_request_count": 0,
              "feedback_count": 10,
              "goal_id": "bf62b1663e2f231894c71ede1f3e2044",
              "last_feedback_navigation_s": 2.517501,
              "last_feedback_simulated_progress_m": 0.25175,
              "state": "EXECUTING",
              "target_marker_x": 70.04,
              "terminal_at": null
            },
            "cb71e2f729b46ec7b9fde2341292fe81": {
              "cancel_request_count": 1,
              "feedback_count": 1,
              "goal_id": "cb71e2f729b46ec7b9fde2341292fe81",
              "last_feedback_navigation_s": 2.8e-05,
              "last_feedback_simulated_progress_m": 3e-06,
              "state": "CANCELED",
              "target_marker_x": 80.04,
              "terminal_at": {
                "monotonic_s": 181086.120597,
                "wall_utc": "2026-08-26T11:11:17.614Z"
              }
            }
          },
          "lease_state": {
            "event": "lease_released",
            "holder_app_id": "long-probe-A",
            "lease_ttl_ms": 1200,
            "lease_version": 454,
            "leases": [],
            "request_id": "F1_SELECTIVITY-T04-A-release",
            "robot_name": "robot1",
            "session_id": "F1_SELECTIVITY-T04-session-A"
          },
          "observed_at": {
            "monotonic_s": 181086.589204,
            "wall_utc": "2026-08-26T11:11:18.082Z"
          },
          "observed_offset_s": 0.500085,
          "scheduled_offset_s": 0.5
        },
        {
          "active_goal_count": 1,
          "active_goal_ids": [
            "bf62b1663e2f231894c71ede1f3e2044"
          ],
          "goals": {
            "bf62b1663e2f231894c71ede1f3e2044": {
              "cancel_request_count": 0,
              "feedback_count": 12,
              "goal_id": "bf62b1663e2f231894c71ede1f3e2044",
              "last_feedback_navigation_s": 3.09015,
              "last_feedback_simulated_progress_m": 0.309015,
              "state": "EXECUTING",
              "target_marker_x": 70.04,
              "terminal_at": null
            },
            "cb71e2f729b46ec7b9fde2341292fe81": {
              "cancel_request_count": 1,
              "feedback_count": 1,
              "goal_id": "cb71e2f729b46ec7b9fde2341292fe81",
              "last_feedback_navigation_s": 2.8e-05,
              "last_feedback_simulated_progress_m": 3e-06,
              "state": "CANCELED",
              "target_marker_x": 80.04,
              "terminal_at": {
                "monotonic_s": 181086.120597,
                "wall_utc": "2026-08-26T11:11:17.614Z"
              }
            }
          },
          "lease_state": {
            "event": "lease_released",
            "holder_app_id": "long-probe-A",
            "lease_ttl_ms": 1200,
            "lease_version": 454,
            "leases": [],
            "request_id": "F1_SELECTIVITY-T04-A-release",
            "robot_name": "robot1",
            "session_id": "F1_SELECTIVITY-T04-session-A"
          },
          "observed_at": {
            "monotonic_s": 181087.08919,
            "wall_utc": "2026-08-26T11:11:18.582Z"
          },
          "observed_offset_s": 1.000071,
          "scheduled_offset_s": 1.0
        },
        {
          "active_goal_count": 1,
          "active_goal_ids": [
            "bf62b1663e2f231894c71ede1f3e2044"
          ],
          "goals": {
            "bf62b1663e2f231894c71ede1f3e2044": {
              "cancel_request_count": 0,
              "feedback_count": 19,
              "goal_id": "bf62b1663e2f231894c71ede1f3e2044",
              "last_feedback_navigation_s": 5.068317,
              "last_feedback_simulated_progress_m": 0.506832,
              "state": "EXECUTING",
              "target_marker_x": 70.04,
              "terminal_at": null
            },
            "cb71e2f729b46ec7b9fde2341292fe81": {
              "cancel_request_count": 1,
              "feedback_count": 1,
              "goal_id": "cb71e2f729b46ec7b9fde2341292fe81",
              "last_feedback_navigation_s": 2.8e-05,
              "last_feedback_simulated_progress_m": 3e-06,
              "state": "CANCELED",
              "target_marker_x": 80.04,
              "terminal_at": {
                "monotonic_s": 181086.120597,
                "wall_utc": "2026-08-26T11:11:17.614Z"
              }
            }
          },
          "lease_state": {
            "event": "lease_released",
            "holder_app_id": "long-probe-A",
            "lease_ttl_ms": 1200,
            "lease_version": 454,
            "leases": [],
            "request_id": "F1_SELECTIVITY-T04-A-release",
            "robot_name": "robot1",
            "session_id": "F1_SELECTIVITY-T04-session-A"
          },
          "observed_at": {
            "monotonic_s": 181089.089189,
            "wall_utc": "2026-08-26T11:11:20.582Z"
          },
          "observed_offset_s": 3.00007,
          "scheduled_offset_s": 3.0
        },
        {
          "active_goal_count": 1,
          "active_goal_ids": [
            "bf62b1663e2f231894c71ede1f3e2044"
          ],
          "goals": {
            "bf62b1663e2f231894c71ede1f3e2044": {
              "cancel_request_count": 0,
              "feedback_count": 26,
              "goal_id": "bf62b1663e2f231894c71ede1f3e2044",
              "last_feedback_navigation_s": 7.0493,
              "last_feedback_simulated_progress_m": 0.70493,
              "state": "EXECUTING",
              "target_marker_x": 70.04,
              "terminal_at": null
            },
            "cb71e2f729b46ec7b9fde2341292fe81": {
              "cancel_request_count": 1,
              "feedback_count": 1,
              "goal_id": "cb71e2f729b46ec7b9fde2341292fe81",
              "last_feedback_navigation_s": 2.8e-05,
              "last_feedback_simulated_progress_m": 3e-06,
              "state": "CANCELED",
              "target_marker_x": 80.04,
              "terminal_at": {
                "monotonic_s": 181086.120597,
                "wall_utc": "2026-08-26T11:11:17.614Z"
              }
            }
          },
          "lease_state": {
            "event": "lease_released",
            "holder_app_id": "long-probe-A",
            "lease_ttl_ms": 1200,
            "lease_version": 454,
            "leases": [],
            "request_id": "F1_SELECTIVITY-T04-A-release",
            "robot_name": "robot1",
            "session_id": "F1_SELECTIVITY-T04-session-A"
          },
          "observed_at": {
            "monotonic_s": 181091.0892,
            "wall_utc": "2026-08-26T11:11:22.582Z"
          },
          "observed_offset_s": 5.000081,
          "scheduled_offset_s": 5.0
        },
        {
          "active_goal_count": 1,
          "active_goal_ids": [
            "bf62b1663e2f231894c71ede1f3e2044"
          ],
          "goals": {
            "bf62b1663e2f231894c71ede1f3e2044": {
              "cancel_request_count": 0,
              "feedback_count": 44,
              "goal_id": "bf62b1663e2f231894c71ede1f3e2044",
              "last_feedback_navigation_s": 12.128343,
              "last_feedback_simulated_progress_m": 1.212834,
              "state": "EXECUTING",
              "target_marker_x": 70.04,
              "terminal_at": null
            },
            "cb71e2f729b46ec7b9fde2341292fe81": {
              "cancel_request_count": 1,
              "feedback_count": 1,
              "goal_id": "cb71e2f729b46ec7b9fde2341292fe81",
              "last_feedback_navigation_s": 2.8e-05,
              "last_feedback_simulated_progress_m": 3e-06,
              "state": "CANCELED",
              "target_marker_x": 80.04,
              "terminal_at": {
                "monotonic_s": 181086.120597,
                "wall_utc": "2026-08-26T11:11:17.614Z"
              }
            }
          },
          "lease_state": {
            "event": "lease_released",
            "holder_app_id": "long-probe-A",
            "lease_ttl_ms": 1200,
            "lease_version": 454,
            "leases": [],
            "request_id": "F1_SELECTIVITY-T04-A-release",
            "robot_name": "robot1",
            "session_id": "F1_SELECTIVITY-T04-session-A"
          },
          "observed_at": {
            "monotonic_s": 181096.089186,
            "wall_utc": "2026-08-26T11:11:27.582Z"
          },
          "observed_offset_s": 10.000067,
          "scheduled_offset_s": 10.0
        }
      ],
      "cleanup": {
        "active_goal_ids_after_cleanup": [],
        "clean": true,
        "completed_at": {
          "monotonic_s": 181096.194834,
          "wall_utc": "2026-08-26T11:11:27.688Z"
        },
        "forced_goal_ids": [
          "bf62b1663e2f231894c71ede1f3e2044"
        ],
        "release_or_close_errors": [],
        "started_at": {
          "monotonic_s": 181096.089426,
          "wall_utc": "2026-08-26T11:11:27.583Z"
        },
        "terminal_wait_errors": []
      },
      "concurrency_events": [
        {
          "active_goal_count": 1,
          "active_goal_ids": [
            "bf62b1663e2f231894c71ede1f3e2044"
          ],
          "at": {
            "monotonic_s": 181083.797555,
            "wall_utc": "2026-08-26T11:11:15.291Z"
          },
          "reason": "goal_accepted"
        },
        {
          "active_goal_count": 1,
          "active_goal_ids": [
            "bf62b1663e2f231894c71ede1f3e2044"
          ],
          "at": {
            "monotonic_s": 181083.797931,
            "wall_utc": "2026-08-26T11:11:15.291Z"
          },
          "reason": "execute_started"
        },
        {
          "active_goal_count": 2,
          "active_goal_ids": [
            "bf62b1663e2f231894c71ede1f3e2044",
            "cb71e2f729b46ec7b9fde2341292fe81"
          ],
          "at": {
            "monotonic_s": 181085.798844,
            "wall_utc": "2026-08-26T11:11:17.292Z"
          },
          "reason": "goal_accepted"
        },
        {
          "active_goal_count": 2,
          "active_goal_ids": [
            "bf62b1663e2f231894c71ede1f3e2044",
            "cb71e2f729b46ec7b9fde2341292fe81"
          ],
          "at": {
            "monotonic_s": 181085.838615,
            "wall_utc": "2026-08-26T11:11:17.332Z"
          },
          "reason": "execute_started"
        },
        {
          "active_goal_count": 2,
          "active_goal_ids": [
            "bf62b1663e2f231894c71ede1f3e2044",
            "cb71e2f729b46ec7b9fde2341292fe81"
          ],
          "at": {
            "monotonic_s": 181086.089651,
            "wall_utc": "2026-08-26T11:11:17.583Z"
          },
          "reason": "cancel_callback"
        },
        {
          "active_goal_count": 1,
          "active_goal_ids": [
            "bf62b1663e2f231894c71ede1f3e2044"
          ],
          "at": {
            "monotonic_s": 181086.120671,
            "wall_utc": "2026-08-26T11:11:17.614Z"
          },
          "reason": "goal_terminal"
        }
      ],
      "distance_model": "constant 0.1 m/s; not physical motion",
      "duration_basis": "active_at_observation_end_lower_bound",
      "duration_is_right_censored_lower_bound": true,
      "evidence_fields": {
        "active_goal_count_at_observation_end": 1,
        "b_goal_id": "cb71e2f729b46ec7b9fde2341292fe81",
        "b_goal_status_at_observation_end": "CANCELED",
        "cancel_goal_ids": [
          "cb71e2f729b46ec7b9fde2341292fe81"
        ],
        "cancel_request_times": [],
        "cleanup_clean": true,
        "expected": "a test-only fix should cancel A's owned goal without canceling a later unrelated ROS-side goal",
        "feedback_count_at_observation_end": 44,
        "first_feedback_time": {
          "monotonic_s": 181083.79806,
          "wall_utc": "2026-08-26T11:11:15.291Z"
        },
        "goal_accepted_time": {
          "monotonic_s": 181083.797522,
          "wall_utc": "2026-08-26T11:11:15.291Z"
        },
        "goal_id": "bf62b1663e2f231894c71ede1f3e2044",
        "goal_state_at_observation_end": "EXECUTING",
        "goal_terminal_state": "ABORTED_BY_TEST_CLEANUP",
        "last_feedback_time_at_observation_end": {
          "monotonic_s": 181095.926515,
          "wall_utc": "2026-08-26T11:11:27.420Z"
        },
        "last_simulated_progress_m_at_observation_end": 1.212834,
        "lease_holder": "A",
        "max_simultaneous_active_goals": 2,
        "observed": "WRONG_LATEST_GOAL_CANCELLED",
        "post_revocation_duration_s": 10.000067,
        "revision": "eca75cbf559f09ff793d8993338b2f1ffed1adfd",
        "revocation_time": {
          "monotonic_s": 181086.089119,
          "wall_utc": "2026-08-26T11:11:17.582Z"
        },
        "simulated_additional_distance_m": 1.000007,
        "terminal_time": {
          "monotonic_s": 181096.089539,
          "wall_utc": "2026-08-26T11:11:27.583Z"
        },
        "test_id": "F1_SELECTIVITY",
        "trial_id": "F1_SELECTIVITY-T04",
        "verdict": "MEASURED"
      },
      "expected": "a test-only fix should cancel A's owned goal without canceling a later unrelated ROS-side goal",
      "goal_records_at_measurement_end": {
        "bf62b1663e2f231894c71ede1f3e2044": {
          "accepted_at": {
            "monotonic_s": 181083.797522,
            "wall_utc": "2026-08-26T11:11:15.291Z"
          },
          "cancel_callbacks": [],
          "execute_started_at": {
            "monotonic_s": 181083.797916,
            "wall_utc": "2026-08-26T11:11:15.291Z"
          },
          "feedback_count": 44,
          "feedback_errors": [],
          "first_feedback_at": {
            "monotonic_s": 181083.79806,
            "wall_utc": "2026-08-26T11:11:15.291Z"
          },
          "goal_id": "bf62b1663e2f231894c71ede1f3e2044",
          "last_feedback_at": {
            "monotonic_s": 181095.926515,
            "wall_utc": "2026-08-26T11:11:27.420Z"
          },
          "last_feedback_navigation_s": 12.128343,
          "last_feedback_simulated_progress_m": 1.212834,
          "state": "EXECUTING",
          "state_history": [
            {
              "at": {
                "monotonic_s": 181083.797522,
                "wall_utc": "2026-08-26T11:11:15.291Z"
              },
              "state": "ACCEPTED"
            },
            {
              "at": {
                "monotonic_s": 181083.797916,
                "wall_utc": "2026-08-26T11:11:15.291Z"
              },
              "state": "EXECUTING"
            }
          ],
          "target_marker_x": 70.04,
          "terminal_at": null,
          "terminal_reason": null,
          "test_cleanup_requested_at": null
        },
        "cb71e2f729b46ec7b9fde2341292fe81": {
          "accepted_at": {
            "monotonic_s": 181085.798808,
            "wall_utc": "2026-08-26T11:11:17.292Z"
          },
          "active_duration_s": 0.282005,
          "cancel_callbacks": [
            {
              "callback_at": {
                "monotonic_s": 181086.089624,
                "wall_utc": "2026-08-26T11:11:17.583Z"
              },
              "cancel_goal_id": "cb71e2f729b46ec7b9fde2341292fe81"
            }
          ],
          "execute_started_at": {
            "monotonic_s": 181085.838592,
            "wall_utc": "2026-08-26T11:11:17.332Z"
          },
          "feedback_count": 1,
          "feedback_errors": [],
          "first_feedback_at": {
            "monotonic_s": 181085.838859,
            "wall_utc": "2026-08-26T11:11:17.332Z"
          },
          "goal_id": "cb71e2f729b46ec7b9fde2341292fe81",
          "last_feedback_at": {
            "monotonic_s": 181085.838859,
            "wall_utc": "2026-08-26T11:11:17.332Z"
          },
          "last_feedback_navigation_s": 2.8e-05,
          "last_feedback_simulated_progress_m": 3e-06,
          "simulated_distance_at_terminal_m": 0.028201,
          "state": "CANCELED",
          "state_history": [
            {
              "at": {
                "monotonic_s": 181085.798808,
                "wall_utc": "2026-08-26T11:11:17.292Z"
              },
              "state": "ACCEPTED"
            },
            {
              "at": {
                "monotonic_s": 181085.838592,
                "wall_utc": "2026-08-26T11:11:17.332Z"
              },
              "state": "EXECUTING"
            },
            {
              "at": {
                "monotonic_s": 181086.089624,
                "wall_utc": "2026-08-26T11:11:17.583Z"
              },
              "state": "CANCEL_REQUEST_ACCEPTED"
            },
            {
              "at": {
                "monotonic_s": 181086.120597,
                "wall_utc": "2026-08-26T11:11:17.614Z"
              },
              "reason": "action_server_observed_cancel_request",
              "state": "CANCELED"
            }
          ],
          "target_marker_x": 80.04,
          "terminal_at": {
            "monotonic_s": 181086.120597,
            "wall_utc": "2026-08-26T11:11:17.614Z"
          },
          "terminal_reason": "action_server_observed_cancel_request",
          "test_cleanup_requested_at": null
        }
      },
      "goal_records_final": {
        "bf62b1663e2f231894c71ede1f3e2044": {
          "accepted_at": {
            "monotonic_s": 181083.797522,
            "wall_utc": "2026-08-26T11:11:15.291Z"
          },
          "active_duration_s": 12.291623,
          "cancel_callbacks": [],
          "execute_started_at": {
            "monotonic_s": 181083.797916,
            "wall_utc": "2026-08-26T11:11:15.291Z"
          },
          "feedback_count": 44,
          "feedback_errors": [],
          "first_feedback_at": {
            "monotonic_s": 181083.79806,
            "wall_utc": "2026-08-26T11:11:15.291Z"
          },
          "goal_id": "bf62b1663e2f231894c71ede1f3e2044",
          "last_feedback_at": {
            "monotonic_s": 181095.926515,
            "wall_utc": "2026-08-26T11:11:27.420Z"
          },
          "last_feedback_navigation_s": 12.128343,
          "last_feedback_simulated_progress_m": 1.212834,
          "simulated_distance_at_terminal_m": 1.229162,
          "state": "ABORTED_BY_TEST_CLEANUP",
          "state_history": [
            {
              "at": {
                "monotonic_s": 181083.797522,
                "wall_utc": "2026-08-26T11:11:15.291Z"
              },
              "state": "ACCEPTED"
            },
            {
              "at": {
                "monotonic_s": 181083.797916,
                "wall_utc": "2026-08-26T11:11:15.291Z"
              },
              "state": "EXECUTING"
            },
            {
              "at": {
                "monotonic_s": 181096.089539,
                "wall_utc": "2026-08-26T11:11:27.583Z"
              },
              "reason": "forced_cleanup_after_measurement",
              "state": "ABORTED_BY_TEST_CLEANUP"
            }
          ],
          "target_marker_x": 70.04,
          "terminal_at": {
            "monotonic_s": 181096.089539,
            "wall_utc": "2026-08-26T11:11:27.583Z"
          },
          "terminal_reason": "forced_cleanup_after_measurement",
          "test_cleanup_requested_at": {
            "monotonic_s": 181096.089432,
            "wall_utc": "2026-08-26T11:11:27.583Z"
          }
        },
        "cb71e2f729b46ec7b9fde2341292fe81": {
          "accepted_at": {
            "monotonic_s": 181085.798808,
            "wall_utc": "2026-08-26T11:11:17.292Z"
          },
          "active_duration_s": 0.282005,
          "cancel_callbacks": [
            {
              "callback_at": {
                "monotonic_s": 181086.089624,
                "wall_utc": "2026-08-26T11:11:17.583Z"
              },
              "cancel_goal_id": "cb71e2f729b46ec7b9fde2341292fe81"
            }
          ],
          "execute_started_at": {
            "monotonic_s": 181085.838592,
            "wall_utc": "2026-08-26T11:11:17.332Z"
          },
          "feedback_count": 1,
          "feedback_errors": [],
          "first_feedback_at": {
            "monotonic_s": 181085.838859,
            "wall_utc": "2026-08-26T11:11:17.332Z"
          },
          "goal_id": "cb71e2f729b46ec7b9fde2341292fe81",
          "last_feedback_at": {
            "monotonic_s": 181085.838859,
            "wall_utc": "2026-08-26T11:11:17.332Z"
          },
          "last_feedback_navigation_s": 2.8e-05,
          "last_feedback_simulated_progress_m": 3e-06,
          "simulated_distance_at_terminal_m": 0.028201,
          "state": "CANCELED",
          "state_history": [
            {
              "at": {
                "monotonic_s": 181085.798808,
                "wall_utc": "2026-08-26T11:11:17.292Z"
              },
              "state": "ACCEPTED"
            },
            {
              "at": {
                "monotonic_s": 181085.838592,
                "wall_utc": "2026-08-26T11:11:17.332Z"
              },
              "state": "EXECUTING"
            },
            {
              "at": {
                "monotonic_s": 181086.089624,
                "wall_utc": "2026-08-26T11:11:17.583Z"
              },
              "state": "CANCEL_REQUEST_ACCEPTED"
            },
            {
              "at": {
                "monotonic_s": 181086.120597,
                "wall_utc": "2026-08-26T11:11:17.614Z"
              },
              "reason": "action_server_observed_cancel_request",
              "state": "CANCELED"
            }
          ],
          "target_marker_x": 80.04,
          "terminal_at": {
            "monotonic_s": 181086.120597,
            "wall_utc": "2026-08-26T11:11:17.614Z"
          },
          "terminal_reason": "action_server_observed_cancel_request",
          "test_cleanup_requested_at": null
        }
      },
      "heartbeat_counts": {
        "A": 10,
        "B": 0
      },
      "independent_ros_goal": {
        "goal_accepted_at": {
          "monotonic_s": 181085.798808,
          "wall_utc": "2026-08-26T11:11:17.292Z"
        },
        "goal_id": "cb71e2f729b46ec7b9fde2341292fe81",
        "goal_publish_sent_at": {
          "monotonic_s": 181085.797709,
          "wall_utc": "2026-08-26T11:11:17.291Z"
        },
        "origin": "probe ROS-side PoseStamped publisher",
        "target_marker_x": 80.04
      },
      "interpretation_guardrail": "the direct ROS-side goal is a test-only selectivity challenge for a candidate patch; it is not attributed to an external HORUS client",
      "lease_holder": "A",
      "max_simultaneous_active_goals": 2,
      "measurement_completed_at": {
        "monotonic_s": 181096.08942,
        "wall_utc": "2026-08-26T11:11:27.583Z"
      },
      "observed": "WRONG_LATEST_GOAL_CANCELLED",
      "outcome_class": "WRONG_LATEST_GOAL_CANCELLED",
      "path": [
        "HorusLink client",
        "horus_unity_bridge",
        "ROS goal/cancel topic",
        "horus_backend Nav2ActionAdapter",
        "dummy NavigateToPose action server"
      ],
      "post_revocation_active_duration_s": 10.000067,
      "revision": "eca75cbf559f09ff793d8993338b2f1ffed1adfd",
      "revocation_event": {
        "payload": {
          "event": "lease_released",
          "holder_app_id": "long-probe-A",
          "lease_ttl_ms": 1200,
          "lease_version": 454,
          "leases": [],
          "request_id": "F1_SELECTIVITY-T04-A-release",
          "robot_name": "robot1",
          "session_id": "F1_SELECTIVITY-T04-session-A"
        },
        "received_at": {
          "monotonic_s": 181086.089119,
          "wall_utc": "2026-08-26T11:11:17.582Z"
        }
      },
      "revocation_event_timestamp": {
        "monotonic_s": 181086.089119,
        "wall_utc": "2026-08-26T11:11:17.582Z"
      },
      "revocation_initiated_at": {
        "monotonic_s": 181086.088262,
        "wall_utc": "2026-08-26T11:11:17.581Z"
      },
      "runtime_label": "test-only-fix",
      "security_interpretation": "not_an_attack_runtime",
      "selectivity_result": "WRONG_LATEST_GOAL_CANCELLED",
      "setup": {
        "catalog_event": {
          "payload": {
            "event": "snapshot",
            "lease_ttl_ms": 1200,
            "lease_version": 443,
            "leases": [],
            "session_id": "horus-long-action-probe"
          },
          "received_at": {
            "monotonic_s": 181083.744982,
            "wall_utc": "2026-08-26T11:11:15.238Z"
          }
        },
        "fresh_trial_state_verified": true,
        "goal_accepted_at": {
          "monotonic_s": 181083.797522,
          "wall_utc": "2026-08-26T11:11:15.291Z"
        },
        "goal_id": "bf62b1663e2f231894c71ede1f3e2044",
        "goal_marker_x": 70.04,
        "goal_publish_sent_at": {
          "monotonic_s": 181083.796082,
          "wall_utc": "2026-08-26T11:11:15.289Z"
        },
        "lease_acquire_event": {
          "payload": {
            "event": "lease_granted",
            "holder_app_id": "long-probe-A",
            "lease_ttl_ms": 1200,
            "lease_version": 444,
            "leases": [
              {
                "acquired_at_ms": 181083785,
                "holder_app_id": "long-probe-A",
                "holder_role": "operator",
                "last_heartbeat_ms": 181083785,
                "lease_version": 444,
                "panel_open": true,
                "robot_name": "robot1",
                "session_id": "F1_SELECTIVITY-T04-session-A",
                "task_active": true,
                "task_kind": "navigation",
                "teleop_active": true
              }
            ],
            "request_id": "F1_SELECTIVITY-T04-A-acquire",
            "robot_name": "robot1",
            "session_id": "F1_SELECTIVITY-T04-session-A"
          },
          "received_at": {
            "monotonic_s": 181083.785763,
            "wall_utc": "2026-08-26T11:11:15.279Z"
          }
        },
        "lease_holder": "A",
        "lease_state_after_acquire": [
          {
            "acquired_at_ms": 181083785,
            "holder_app_id": "long-probe-A",
            "holder_role": "operator",
            "last_heartbeat_ms": 181083785,
            "lease_version": 444,
            "panel_open": true,
            "robot_name": "robot1",
            "session_id": "F1_SELECTIVITY-T04-session-A",
            "task_active": true,
            "task_kind": "navigation",
            "teleop_active": true
          }
        ]
      },
      "simulated_additional_distance_m": 1.000007,
      "started_at": {
        "monotonic_s": 181083.743115,
        "wall_utc": "2026-08-26T11:11:15.236Z"
      },
      "test_id": "F1_SELECTIVITY",
      "test_scope": "test_only_minimal_fix_selectivity_challenge",
      "trial_complete": true,
      "trial_id": "F1_SELECTIVITY-T04",
      "trial_number": 4,
      "unrelated_goal_cancel_request_count": 1,
      "verdict": "MEASURED"
    },
    {
      "a_owned_goal_cancel_request_count": 0,
      "b_goal_id": "c439e3200db3165836ca62eebde5380f",
      "cancel_goal_ids": [
        "c439e3200db3165836ca62eebde5380f"
      ],
      "cancel_request_count_at_measurement_end": 1,
      "checkpoints": [
        {
          "active_goal_count": 1,
          "active_goal_ids": [
            "6e0764bffad9fe9804e247e7fc21ebbc"
          ],
          "goals": {
            "6e0764bffad9fe9804e247e7fc21ebbc": {
              "cancel_request_count": 0,
              "feedback_count": 10,
              "goal_id": "6e0764bffad9fe9804e247e7fc21ebbc",
              "last_feedback_navigation_s": 2.551359,
              "last_feedback_simulated_progress_m": 0.255136,
              "state": "EXECUTING",
              "target_marker_x": 70.05,
              "terminal_at": null
            },
            "c439e3200db3165836ca62eebde5380f": {
              "cancel_request_count": 1,
              "feedback_count": 1,
              "goal_id": "c439e3200db3165836ca62eebde5380f",
              "last_feedback_navigation_s": 4e-05,
              "last_feedback_simulated_progress_m": 4e-06,
              "state": "CANCELED",
              "target_marker_x": 80.05,
              "terminal_at": {
                "monotonic_s": 181098.539784,
                "wall_utc": "2026-08-26T11:11:30.033Z"
              }
            }
          },
          "lease_state": {
            "event": "lease_released",
            "holder_app_id": "long-probe-A",
            "lease_ttl_ms": 1200,
            "lease_version": 465,
            "leases": [],
            "request_id": "F1_SELECTIVITY-T05-A-release",
            "robot_name": "robot1",
            "session_id": "F1_SELECTIVITY-T05-session-A"
          },
          "observed_at": {
            "monotonic_s": 181099.029157,
            "wall_utc": "2026-08-26T11:11:30.522Z"
          },
          "observed_offset_s": 0.500079,
          "scheduled_offset_s": 0.5
        },
        {
          "active_goal_count": 1,
          "active_goal_ids": [
            "6e0764bffad9fe9804e247e7fc21ebbc"
          ],
          "goals": {
            "6e0764bffad9fe9804e247e7fc21ebbc": {
              "cancel_request_count": 0,
              "feedback_count": 12,
              "goal_id": "6e0764bffad9fe9804e247e7fc21ebbc",
              "last_feedback_navigation_s": 3.117229,
              "last_feedback_simulated_progress_m": 0.311723,
              "state": "EXECUTING",
              "target_marker_x": 70.05,
              "terminal_at": null
            },
            "c439e3200db3165836ca62eebde5380f": {
              "cancel_request_count": 1,
              "feedback_count": 1,
              "goal_id": "c439e3200db3165836ca62eebde5380f",
              "last_feedback_navigation_s": 4e-05,
              "last_feedback_simulated_progress_m": 4e-06,
              "state": "CANCELED",
              "target_marker_x": 80.05,
              "terminal_at": {
                "monotonic_s": 181098.539784,
                "wall_utc": "2026-08-26T11:11:30.033Z"
              }
            }
          },
          "lease_state": {
            "event": "lease_released",
            "holder_app_id": "long-probe-A",
            "lease_ttl_ms": 1200,
            "lease_version": 465,
            "leases": [],
            "request_id": "F1_SELECTIVITY-T05-A-release",
            "robot_name": "robot1",
            "session_id": "F1_SELECTIVITY-T05-session-A"
          },
          "observed_at": {
            "monotonic_s": 181099.52914,
            "wall_utc": "2026-08-26T11:11:31.022Z"
          },
          "observed_offset_s": 1.000062,
          "scheduled_offset_s": 1.0
        },
        {
          "active_goal_count": 1,
          "active_goal_ids": [
            "6e0764bffad9fe9804e247e7fc21ebbc"
          ],
          "goals": {
            "6e0764bffad9fe9804e247e7fc21ebbc": {
              "cancel_request_count": 0,
              "feedback_count": 19,
              "goal_id": "6e0764bffad9fe9804e247e7fc21ebbc",
              "last_feedback_navigation_s": 5.090449,
              "last_feedback_simulated_progress_m": 0.509045,
              "state": "EXECUTING",
              "target_marker_x": 70.05,
              "terminal_at": null
            },
            "c439e3200db3165836ca62eebde5380f": {
              "cancel_request_count": 1,
              "feedback_count": 1,
              "goal_id": "c439e3200db3165836ca62eebde5380f",
              "last_feedback_navigation_s": 4e-05,
              "last_feedback_simulated_progress_m": 4e-06,
              "state": "CANCELED",
              "target_marker_x": 80.05,
              "terminal_at": {
                "monotonic_s": 181098.539784,
                "wall_utc": "2026-08-26T11:11:30.033Z"
              }
            }
          },
          "lease_state": {
            "event": "lease_released",
            "holder_app_id": "long-probe-A",
            "lease_ttl_ms": 1200,
            "lease_version": 465,
            "leases": [],
            "request_id": "F1_SELECTIVITY-T05-A-release",
            "robot_name": "robot1",
            "session_id": "F1_SELECTIVITY-T05-session-A"
          },
          "observed_at": {
            "monotonic_s": 181101.529156,
            "wall_utc": "2026-08-26T11:11:33.022Z"
          },
          "observed_offset_s": 3.000078,
          "scheduled_offset_s": 3.0
        },
        {
          "active_goal_count": 1,
          "active_goal_ids": [
            "6e0764bffad9fe9804e247e7fc21ebbc"
          ],
          "goals": {
            "6e0764bffad9fe9804e247e7fc21ebbc": {
              "cancel_request_count": 0,
              "feedback_count": 26,
              "goal_id": "6e0764bffad9fe9804e247e7fc21ebbc",
              "last_feedback_navigation_s": 7.067398,
              "last_feedback_simulated_progress_m": 0.70674,
              "state": "EXECUTING",
              "target_marker_x": 70.05,
              "terminal_at": null
            },
            "c439e3200db3165836ca62eebde5380f": {
              "cancel_request_count": 1,
              "feedback_count": 1,
              "goal_id": "c439e3200db3165836ca62eebde5380f",
              "last_feedback_navigation_s": 4e-05,
              "last_feedback_simulated_progress_m": 4e-06,
              "state": "CANCELED",
              "target_marker_x": 80.05,
              "terminal_at": {
                "monotonic_s": 181098.539784,
                "wall_utc": "2026-08-26T11:11:30.033Z"
              }
            }
          },
          "lease_state": {
            "event": "lease_released",
            "holder_app_id": "long-probe-A",
            "lease_ttl_ms": 1200,
            "lease_version": 465,
            "leases": [],
            "request_id": "F1_SELECTIVITY-T05-A-release",
            "robot_name": "robot1",
            "session_id": "F1_SELECTIVITY-T05-session-A"
          },
          "observed_at": {
            "monotonic_s": 181103.529154,
            "wall_utc": "2026-08-26T11:11:35.022Z"
          },
          "observed_offset_s": 5.000076,
          "scheduled_offset_s": 5.0
        },
        {
          "active_goal_count": 1,
          "active_goal_ids": [
            "6e0764bffad9fe9804e247e7fc21ebbc"
          ],
          "goals": {
            "6e0764bffad9fe9804e247e7fc21ebbc": {
              "cancel_request_count": 0,
              "feedback_count": 44,
              "goal_id": "6e0764bffad9fe9804e247e7fc21ebbc",
              "last_feedback_navigation_s": 12.158118,
              "last_feedback_simulated_progress_m": 1.215812,
              "state": "EXECUTING",
              "target_marker_x": 70.05,
              "terminal_at": null
            },
            "c439e3200db3165836ca62eebde5380f": {
              "cancel_request_count": 1,
              "feedback_count": 1,
              "goal_id": "c439e3200db3165836ca62eebde5380f",
              "last_feedback_navigation_s": 4e-05,
              "last_feedback_simulated_progress_m": 4e-06,
              "state": "CANCELED",
              "target_marker_x": 80.05,
              "terminal_at": {
                "monotonic_s": 181098.539784,
                "wall_utc": "2026-08-26T11:11:30.033Z"
              }
            }
          },
          "lease_state": {
            "event": "lease_released",
            "holder_app_id": "long-probe-A",
            "lease_ttl_ms": 1200,
            "lease_version": 465,
            "leases": [],
            "request_id": "F1_SELECTIVITY-T05-A-release",
            "robot_name": "robot1",
            "session_id": "F1_SELECTIVITY-T05-session-A"
          },
          "observed_at": {
            "monotonic_s": 181108.529159,
            "wall_utc": "2026-08-26T11:11:40.022Z"
          },
          "observed_offset_s": 10.000081,
          "scheduled_offset_s": 10.0
        }
      ],
      "cleanup": {
        "active_goal_ids_after_cleanup": [],
        "clean": true,
        "completed_at": {
          "monotonic_s": 181108.635124,
          "wall_utc": "2026-08-26T11:11:40.128Z"
        },
        "forced_goal_ids": [
          "6e0764bffad9fe9804e247e7fc21ebbc"
        ],
        "release_or_close_errors": [],
        "started_at": {
          "monotonic_s": 181108.529596,
          "wall_utc": "2026-08-26T11:11:40.023Z"
        },
        "terminal_wait_errors": []
      },
      "concurrency_events": [
        {
          "active_goal_count": 1,
          "active_goal_ids": [
            "6e0764bffad9fe9804e247e7fc21ebbc"
          ],
          "at": {
            "monotonic_s": 181096.249297,
            "wall_utc": "2026-08-26T11:11:27.742Z"
          },
          "reason": "goal_accepted"
        },
        {
          "active_goal_count": 1,
          "active_goal_ids": [
            "6e0764bffad9fe9804e247e7fc21ebbc"
          ],
          "at": {
            "monotonic_s": 181096.249849,
            "wall_utc": "2026-08-26T11:11:27.743Z"
          },
          "reason": "execute_started"
        },
        {
          "active_goal_count": 2,
          "active_goal_ids": [
            "6e0764bffad9fe9804e247e7fc21ebbc",
            "c439e3200db3165836ca62eebde5380f"
          ],
          "at": {
            "monotonic_s": 181098.25224,
            "wall_utc": "2026-08-26T11:11:29.745Z"
          },
          "reason": "goal_accepted"
        },
        {
          "active_goal_count": 2,
          "active_goal_ids": [
            "6e0764bffad9fe9804e247e7fc21ebbc",
            "c439e3200db3165836ca62eebde5380f"
          ],
          "at": {
            "monotonic_s": 181098.255376,
            "wall_utc": "2026-08-26T11:11:29.749Z"
          },
          "reason": "execute_started"
        },
        {
          "active_goal_count": 2,
          "active_goal_ids": [
            "6e0764bffad9fe9804e247e7fc21ebbc",
            "c439e3200db3165836ca62eebde5380f"
          ],
          "at": {
            "monotonic_s": 181098.528842,
            "wall_utc": "2026-08-26T11:11:30.022Z"
          },
          "reason": "cancel_callback"
        },
        {
          "active_goal_count": 1,
          "active_goal_ids": [
            "6e0764bffad9fe9804e247e7fc21ebbc"
          ],
          "at": {
            "monotonic_s": 181098.539837,
            "wall_utc": "2026-08-26T11:11:30.033Z"
          },
          "reason": "goal_terminal"
        }
      ],
      "distance_model": "constant 0.1 m/s; not physical motion",
      "duration_basis": "active_at_observation_end_lower_bound",
      "duration_is_right_censored_lower_bound": true,
      "evidence_fields": {
        "active_goal_count_at_observation_end": 1,
        "b_goal_id": "c439e3200db3165836ca62eebde5380f",
        "b_goal_status_at_observation_end": "CANCELED",
        "cancel_goal_ids": [
          "c439e3200db3165836ca62eebde5380f"
        ],
        "cancel_request_times": [],
        "cleanup_clean": true,
        "expected": "a test-only fix should cancel A's owned goal without canceling a later unrelated ROS-side goal",
        "feedback_count_at_observation_end": 44,
        "first_feedback_time": {
          "monotonic_s": 181096.250086,
          "wall_utc": "2026-08-26T11:11:27.743Z"
        },
        "goal_accepted_time": {
          "monotonic_s": 181096.249256,
          "wall_utc": "2026-08-26T11:11:27.742Z"
        },
        "goal_id": "6e0764bffad9fe9804e247e7fc21ebbc",
        "goal_state_at_observation_end": "EXECUTING",
        "goal_terminal_state": "ABORTED_BY_TEST_CLEANUP",
        "last_feedback_time_at_observation_end": {
          "monotonic_s": 181108.408256,
          "wall_utc": "2026-08-26T11:11:39.901Z"
        },
        "last_simulated_progress_m_at_observation_end": 1.215812,
        "lease_holder": "A",
        "max_simultaneous_active_goals": 2,
        "observed": "WRONG_LATEST_GOAL_CANCELLED",
        "post_revocation_duration_s": 10.000081,
        "revision": "eca75cbf559f09ff793d8993338b2f1ffed1adfd",
        "revocation_time": {
          "monotonic_s": 181098.529078,
          "wall_utc": "2026-08-26T11:11:30.022Z"
        },
        "simulated_additional_distance_m": 1.000008,
        "terminal_time": {
          "monotonic_s": 181108.52982,
          "wall_utc": "2026-08-26T11:11:40.023Z"
        },
        "test_id": "F1_SELECTIVITY",
        "trial_id": "F1_SELECTIVITY-T05",
        "verdict": "MEASURED"
      },
      "expected": "a test-only fix should cancel A's owned goal without canceling a later unrelated ROS-side goal",
      "goal_records_at_measurement_end": {
        "6e0764bffad9fe9804e247e7fc21ebbc": {
          "accepted_at": {
            "monotonic_s": 181096.249256,
            "wall_utc": "2026-08-26T11:11:27.742Z"
          },
          "cancel_callbacks": [],
          "execute_started_at": {
            "monotonic_s": 181096.249827,
            "wall_utc": "2026-08-26T11:11:27.743Z"
          },
          "feedback_count": 44,
          "feedback_errors": [],
          "first_feedback_at": {
            "monotonic_s": 181096.250086,
            "wall_utc": "2026-08-26T11:11:27.743Z"
          },
          "goal_id": "6e0764bffad9fe9804e247e7fc21ebbc",
          "last_feedback_at": {
            "monotonic_s": 181108.408256,
            "wall_utc": "2026-08-26T11:11:39.901Z"
          },
          "last_feedback_navigation_s": 12.158118,
          "last_feedback_simulated_progress_m": 1.215812,
          "state": "EXECUTING",
          "state_history": [
            {
              "at": {
                "monotonic_s": 181096.249256,
                "wall_utc": "2026-08-26T11:11:27.742Z"
              },
              "state": "ACCEPTED"
            },
            {
              "at": {
                "monotonic_s": 181096.249827,
                "wall_utc": "2026-08-26T11:11:27.743Z"
              },
              "state": "EXECUTING"
            }
          ],
          "target_marker_x": 70.05,
          "terminal_at": null,
          "terminal_reason": null,
          "test_cleanup_requested_at": null
        },
        "c439e3200db3165836ca62eebde5380f": {
          "accepted_at": {
            "monotonic_s": 181098.252173,
            "wall_utc": "2026-08-26T11:11:29.745Z"
          },
          "active_duration_s": 0.284442,
          "cancel_callbacks": [
            {
              "callback_at": {
                "monotonic_s": 181098.528809,
                "wall_utc": "2026-08-26T11:11:30.022Z"
              },
              "cancel_goal_id": "c439e3200db3165836ca62eebde5380f"
            }
          ],
          "execute_started_at": {
            "monotonic_s": 181098.255342,
            "wall_utc": "2026-08-26T11:11:29.749Z"
          },
          "feedback_count": 1,
          "feedback_errors": [],
          "first_feedback_at": {
            "monotonic_s": 181098.255586,
            "wall_utc": "2026-08-26T11:11:29.749Z"
          },
          "goal_id": "c439e3200db3165836ca62eebde5380f",
          "last_feedback_at": {
            "monotonic_s": 181098.255586,
            "wall_utc": "2026-08-26T11:11:29.749Z"
          },
          "last_feedback_navigation_s": 4e-05,
          "last_feedback_simulated_progress_m": 4e-06,
          "simulated_distance_at_terminal_m": 0.028444,
          "state": "CANCELED",
          "state_history": [
            {
              "at": {
                "monotonic_s": 181098.252173,
                "wall_utc": "2026-08-26T11:11:29.745Z"
              },
              "state": "ACCEPTED"
            },
            {
              "at": {
                "monotonic_s": 181098.255342,
                "wall_utc": "2026-08-26T11:11:29.749Z"
              },
              "state": "EXECUTING"
            },
            {
              "at": {
                "monotonic_s": 181098.528809,
                "wall_utc": "2026-08-26T11:11:30.022Z"
              },
              "state": "CANCEL_REQUEST_ACCEPTED"
            },
            {
              "at": {
                "monotonic_s": 181098.539784,
                "wall_utc": "2026-08-26T11:11:30.033Z"
              },
              "reason": "action_server_observed_cancel_request",
              "state": "CANCELED"
            }
          ],
          "target_marker_x": 80.05,
          "terminal_at": {
            "monotonic_s": 181098.539784,
            "wall_utc": "2026-08-26T11:11:30.033Z"
          },
          "terminal_reason": "action_server_observed_cancel_request",
          "test_cleanup_requested_at": null
        }
      },
      "goal_records_final": {
        "6e0764bffad9fe9804e247e7fc21ebbc": {
          "accepted_at": {
            "monotonic_s": 181096.249256,
            "wall_utc": "2026-08-26T11:11:27.742Z"
          },
          "active_duration_s": 12.279993,
          "cancel_callbacks": [],
          "execute_started_at": {
            "monotonic_s": 181096.249827,
            "wall_utc": "2026-08-26T11:11:27.743Z"
          },
          "feedback_count": 44,
          "feedback_errors": [],
          "first_feedback_at": {
            "monotonic_s": 181096.250086,
            "wall_utc": "2026-08-26T11:11:27.743Z"
          },
          "goal_id": "6e0764bffad9fe9804e247e7fc21ebbc",
          "last_feedback_at": {
            "monotonic_s": 181108.408256,
            "wall_utc": "2026-08-26T11:11:39.901Z"
          },
          "last_feedback_navigation_s": 12.158118,
          "last_feedback_simulated_progress_m": 1.215812,
          "simulated_distance_at_terminal_m": 1.227999,
          "state": "ABORTED_BY_TEST_CLEANUP",
          "state_history": [
            {
              "at": {
                "monotonic_s": 181096.249256,
                "wall_utc": "2026-08-26T11:11:27.742Z"
              },
              "state": "ACCEPTED"
            },
            {
              "at": {
                "monotonic_s": 181096.249827,
                "wall_utc": "2026-08-26T11:11:27.743Z"
              },
              "state": "EXECUTING"
            },
            {
              "at": {
                "monotonic_s": 181108.52982,
                "wall_utc": "2026-08-26T11:11:40.023Z"
              },
              "reason": "forced_cleanup_after_measurement",
              "state": "ABORTED_BY_TEST_CLEANUP"
            }
          ],
          "target_marker_x": 70.05,
          "terminal_at": {
            "monotonic_s": 181108.52982,
            "wall_utc": "2026-08-26T11:11:40.023Z"
          },
          "terminal_reason": "forced_cleanup_after_measurement",
          "test_cleanup_requested_at": {
            "monotonic_s": 181108.529604,
            "wall_utc": "2026-08-26T11:11:40.023Z"
          }
        },
        "c439e3200db3165836ca62eebde5380f": {
          "accepted_at": {
            "monotonic_s": 181098.252173,
            "wall_utc": "2026-08-26T11:11:29.745Z"
          },
          "active_duration_s": 0.284442,
          "cancel_callbacks": [
            {
              "callback_at": {
                "monotonic_s": 181098.528809,
                "wall_utc": "2026-08-26T11:11:30.022Z"
              },
              "cancel_goal_id": "c439e3200db3165836ca62eebde5380f"
            }
          ],
          "execute_started_at": {
            "monotonic_s": 181098.255342,
            "wall_utc": "2026-08-26T11:11:29.749Z"
          },
          "feedback_count": 1,
          "feedback_errors": [],
          "first_feedback_at": {
            "monotonic_s": 181098.255586,
            "wall_utc": "2026-08-26T11:11:29.749Z"
          },
          "goal_id": "c439e3200db3165836ca62eebde5380f",
          "last_feedback_at": {
            "monotonic_s": 181098.255586,
            "wall_utc": "2026-08-26T11:11:29.749Z"
          },
          "last_feedback_navigation_s": 4e-05,
          "last_feedback_simulated_progress_m": 4e-06,
          "simulated_distance_at_terminal_m": 0.028444,
          "state": "CANCELED",
          "state_history": [
            {
              "at": {
                "monotonic_s": 181098.252173,
                "wall_utc": "2026-08-26T11:11:29.745Z"
              },
              "state": "ACCEPTED"
            },
            {
              "at": {
                "monotonic_s": 181098.255342,
                "wall_utc": "2026-08-26T11:11:29.749Z"
              },
              "state": "EXECUTING"
            },
            {
              "at": {
                "monotonic_s": 181098.528809,
                "wall_utc": "2026-08-26T11:11:30.022Z"
              },
              "state": "CANCEL_REQUEST_ACCEPTED"
            },
            {
              "at": {
                "monotonic_s": 181098.539784,
                "wall_utc": "2026-08-26T11:11:30.033Z"
              },
              "reason": "action_server_observed_cancel_request",
              "state": "CANCELED"
            }
          ],
          "target_marker_x": 80.05,
          "terminal_at": {
            "monotonic_s": 181098.539784,
            "wall_utc": "2026-08-26T11:11:30.033Z"
          },
          "terminal_reason": "action_server_observed_cancel_request",
          "test_cleanup_requested_at": null
        }
      },
      "heartbeat_counts": {
        "A": 10,
        "B": 0
      },
      "independent_ros_goal": {
        "goal_accepted_at": {
          "monotonic_s": 181098.252173,
          "wall_utc": "2026-08-26T11:11:29.745Z"
        },
        "goal_id": "c439e3200db3165836ca62eebde5380f",
        "goal_publish_sent_at": {
          "monotonic_s": 181098.249426,
          "wall_utc": "2026-08-26T11:11:29.743Z"
        },
        "origin": "probe ROS-side PoseStamped publisher",
        "target_marker_x": 80.05
      },
      "interpretation_guardrail": "the direct ROS-side goal is a test-only selectivity challenge for a candidate patch; it is not attributed to an external HORUS client",
      "lease_holder": "A",
      "max_simultaneous_active_goals": 2,
      "measurement_completed_at": {
        "monotonic_s": 181108.529583,
        "wall_utc": "2026-08-26T11:11:40.023Z"
      },
      "observed": "WRONG_LATEST_GOAL_CANCELLED",
      "outcome_class": "WRONG_LATEST_GOAL_CANCELLED",
      "path": [
        "HorusLink client",
        "horus_unity_bridge",
        "ROS goal/cancel topic",
        "horus_backend Nav2ActionAdapter",
        "dummy NavigateToPose action server"
      ],
      "post_revocation_active_duration_s": 10.000081,
      "revision": "eca75cbf559f09ff793d8993338b2f1ffed1adfd",
      "revocation_event": {
        "payload": {
          "event": "lease_released",
          "holder_app_id": "long-probe-A",
          "lease_ttl_ms": 1200,
          "lease_version": 465,
          "leases": [],
          "request_id": "F1_SELECTIVITY-T05-A-release",
          "robot_name": "robot1",
          "session_id": "F1_SELECTIVITY-T05-session-A"
        },
        "received_at": {
          "monotonic_s": 181098.529078,
          "wall_utc": "2026-08-26T11:11:30.022Z"
        }
      },
      "revocation_event_timestamp": {
        "monotonic_s": 181098.529078,
        "wall_utc": "2026-08-26T11:11:30.022Z"
      },
      "revocation_initiated_at": {
        "monotonic_s": 181098.524889,
        "wall_utc": "2026-08-26T11:11:30.018Z"
      },
      "runtime_label": "test-only-fix",
      "security_interpretation": "not_an_attack_runtime",
      "selectivity_result": "WRONG_LATEST_GOAL_CANCELLED",
      "setup": {
        "catalog_event": {
          "payload": {
            "event": "snapshot",
            "lease_ttl_ms": 1200,
            "lease_version": 454,
            "leases": [],
            "session_id": "horus-long-action-probe"
          },
          "received_at": {
            "monotonic_s": 181096.198076,
            "wall_utc": "2026-08-26T11:11:27.691Z"
          }
        },
        "fresh_trial_state_verified": true,
        "goal_accepted_at": {
          "monotonic_s": 181096.249256,
          "wall_utc": "2026-08-26T11:11:27.742Z"
        },
        "goal_id": "6e0764bffad9fe9804e247e7fc21ebbc",
        "goal_marker_x": 70.05,
        "goal_publish_sent_at": {
          "monotonic_s": 181096.247857,
          "wall_utc": "2026-08-26T11:11:27.741Z"
        },
        "lease_acquire_event": {
          "payload": {
            "event": "lease_granted",
            "holder_app_id": "long-probe-A",
            "lease_ttl_ms": 1200,
            "lease_version": 455,
            "leases": [
              {
                "acquired_at_ms": 181096239,
                "holder_app_id": "long-probe-A",
                "holder_role": "operator",
                "last_heartbeat_ms": 181096239,
                "lease_version": 455,
                "panel_open": true,
                "robot_name": "robot1",
                "session_id": "F1_SELECTIVITY-T05-session-A",
                "task_active": true,
                "task_kind": "navigation",
                "teleop_active": true
              }
            ],
            "request_id": "F1_SELECTIVITY-T05-A-acquire",
            "robot_name": "robot1",
            "session_id": "F1_SELECTIVITY-T05-session-A"
          },
          "received_at": {
            "monotonic_s": 181096.239792,
            "wall_utc": "2026-08-26T11:11:27.733Z"
          }
        },
        "lease_holder": "A",
        "lease_state_after_acquire": [
          {
            "acquired_at_ms": 181096239,
            "holder_app_id": "long-probe-A",
            "holder_role": "operator",
            "last_heartbeat_ms": 181096239,
            "lease_version": 455,
            "panel_open": true,
            "robot_name": "robot1",
            "session_id": "F1_SELECTIVITY-T05-session-A",
            "task_active": true,
            "task_kind": "navigation",
            "teleop_active": true
          }
        ]
      },
      "simulated_additional_distance_m": 1.000008,
      "started_at": {
        "monotonic_s": 181096.194945,
        "wall_utc": "2026-08-26T11:11:27.688Z"
      },
      "test_id": "F1_SELECTIVITY",
      "test_scope": "test_only_minimal_fix_selectivity_challenge",
      "trial_complete": true,
      "trial_id": "F1_SELECTIVITY-T05",
      "trial_number": 5,
      "unrelated_goal_cancel_request_count": 1,
      "verdict": "MEASURED"
    }
  ]
}
HORUS_LONG_ACTION_JSON_END
HORUS_RUNTIME_PROBE_COMPLETE
suite=fix rc=0
