timestamp=2026-08-26T20:00:31+09:00
revision=eca75cbf559f09ff793d8993338b2f1ffed1adfd
test_ids=EXPLICIT_CANCEL,R1_RELEASE,R2_TTL,R3_DISCONNECT
trials=5 observation_sec=10 goal_duration_sec=32
[HORUS 1/3] Fixed-source Jazzy build
Summary: 4 packages finished [26.0s]
[HORUS 2/3] Loopback-only bridge and backend
Connection to 127.0.0.1 11000 port [tcp/*] succeeded!
Connection to 127.0.0.1 11001 port [tcp/*] succeeded!
Connection to 127.0.0.1 11000 port [tcp/*] succeeded!
Connection to 127.0.0.1 11001 port [tcp/*] succeeded!
[HORUS 3/3] Runtime probe: horus_long_action_probe.py --suite revocation --trials 5 --observation-sec 10 --goal-duration-sec 32 --lease-ttl-ms 1200
[WARN] [1787742058.952058232] [rcl]: ROS_LOCALHOST_ONLY is deprecated but still honored if it is enabled. Use ROS_AUTOMATIC_DISCOVERY_RANGE and ROS_STATIC_PEERS instead.
[WARN] [1787742058.952066211] [rcl]: 'localhost_only' is enabled, 'automatic_discovery_range' and 'static_peers' will be ignored.
[HORUS long probe] A1_EXPLICIT_CANCEL trial 1/5
[HORUS long probe] A1_EXPLICIT_CANCEL trial 2/5
[HORUS long probe] A1_EXPLICIT_CANCEL trial 3/5
[HORUS long probe] A1_EXPLICIT_CANCEL trial 4/5
[HORUS long probe] A1_EXPLICIT_CANCEL trial 5/5
[HORUS long probe] R1_RELEASE trial 1/5
[HORUS long probe] R1_RELEASE trial 2/5
[HORUS long probe] R1_RELEASE trial 3/5
[HORUS long probe] R1_RELEASE trial 4/5
[HORUS long probe] R1_RELEASE trial 5/5
[HORUS long probe] R2_TTL_EXPIRY trial 1/5
[HORUS long probe] R2_TTL_EXPIRY trial 2/5
[HORUS long probe] R2_TTL_EXPIRY trial 3/5
[HORUS long probe] R2_TTL_EXPIRY trial 4/5
[HORUS long probe] R2_TTL_EXPIRY trial 5/5
[HORUS long probe] R3_DISCONNECT trial 1/5
[HORUS long probe] R3_DISCONNECT trial 2/5
[HORUS long probe] R3_DISCONNECT trial 3/5
[HORUS long probe] R3_DISCONNECT trial 4/5
[HORUS long probe] R3_DISCONNECT trial 5/5
HORUS_LONG_ACTION_JSON_BEGIN
{
  "actual_path": [
    "HorusLink client",
    "unmodified/test-variant HORUS bridge",
    "HORUS backend Nav2ActionAdapter",
    "dummy NavigateToPose action server"
  ],
  "aggregate": {
    "A1_EXPLICIT_CANCEL": {
      "cancel_requests_at_measurement_end": 5,
      "max_simultaneous_active_goals": 1,
      "outcomes": {
        "EXPLICIT_CANCEL_WORKS": 5
      },
      "trials_complete": 5,
      "trials_error": 0,
      "trials_requested": 5
    },
    "R1_RELEASE": {
      "cancel_requests_at_measurement_end": 0,
      "max_simultaneous_active_goals": 1,
      "outcomes": {
        "GOAL_CONTINUED_THROUGH_OBSERVATION": 5
      },
      "trials_complete": 5,
      "trials_error": 0,
      "trials_requested": 5
    },
    "R2_TTL_EXPIRY": {
      "cancel_requests_at_measurement_end": 0,
      "max_simultaneous_active_goals": 1,
      "outcomes": {
        "GOAL_CONTINUED_THROUGH_OBSERVATION": 5
      },
      "trials_complete": 5,
      "trials_error": 0,
      "trials_requested": 5
    },
    "R3_DISCONNECT": {
      "cancel_requests_at_measurement_end": 0,
      "max_simultaneous_active_goals": 1,
      "outcomes": {
        "GOAL_CONTINUED_THROUGH_OBSERVATION": 5
      },
      "trials_complete": 5,
      "trials_error": 0,
      "trials_requested": 5
    }
  },
  "cases": [
    "A1_EXPLICIT_CANCEL",
    "R1_RELEASE",
    "R2_TTL_EXPIRY",
    "R3_DISCONNECT"
  ],
  "completed_at": {
    "monotonic_s": 180667.969206,
    "wall_utc": "2026-08-26T11:04:19.462Z"
  },
  "configuration": {
    "checkpoints_s": [
      0.5,
      1.0,
      3.0,
      5.0,
      10.0
    ],
    "feedback_period_s": 0.25,
    "goal_duration_s": 32.0,
    "lease_ttl_ms_expected": 1200,
    "network_scope": "bridge/backend expected on container loopback; parent runner enforces --network none",
    "observation_s": 10.0,
    "physical_robot": false,
    "revocation_delay_s": 2.0,
    "simulated_speed_mps": 0.1,
    "trials_per_case": 5
  },
  "duration_s": 200.513627,
  "interpretation_guardrails": [
    "simulated distance is a constant-speed software model, not physical movement",
    "dummy action server concurrency is not a claim about a stock Nav2 controller",
    "fix selectivity is patch correctness testing, not attack evidence"
  ],
  "measurement_valid": true,
  "probe": "horus_long_action_probe.py",
  "probe_pass": true,
  "revision": "eca75cbf559f09ff793d8993338b2f1ffed1adfd",
  "robot_registration": {
    "action_topic": "/robot1/navigate_to_pose",
    "cancel_topic": "/robot1/goal_cancel",
    "goal_topic": "/robot1/goal_pose",
    "robot_id": "robot1_1787742059257",
    "success": true
  },
  "robot_unregistration": {
    "completed_at": {
      "monotonic_s": 180667.969137,
      "wall_utc": "2026-08-26T11:04:19.462Z"
    },
    "robot_id": "robot1_1787742059257",
    "sent_at": {
      "monotonic_s": 180667.943913,
      "wall_utc": "2026-08-26T11:04:19.437Z"
    },
    "success": true
  },
  "runtime_label": "fixed-unmodified",
  "schema": "horus-long-action-probe/v1",
  "second_action_type": {
    "classification": "NAV2_ADAPTER_SPECIFIC_LIMITATION",
    "reason": "the fixed public HORUS backend exposes Nav2ActionAdapter only; inventing a new vulnerable adapter would violate the actual-backend-path requirement",
    "source_evidence": [
      "horus_backend/src/nav2_action_adapter.cpp",
      "horus_backend/include/horus_backend/nav2_action_adapter.hpp"
    ],
    "status": "NOT_RUN"
  },
  "started_at": {
    "monotonic_s": 180467.455579,
    "wall_utc": "2026-08-26T11:00:58.949Z"
  },
  "suite": "revocation",
  "trials": [
    {
      "cancel_callback_at": {
        "monotonic_s": 180469.854234,
        "wall_utc": "2026-08-26T11:01:01.347Z"
      },
      "cancel_callback_latency_s": 0.001817,
      "cancel_goal_ids": [
        "09da6cf65d288e4969416ce55191ff8a"
      ],
      "cancel_request_count_at_measurement_end": 1,
      "cancel_sent_at": {
        "monotonic_s": 180469.852417,
        "wall_utc": "2026-08-26T11:01:01.346Z"
      },
      "cancel_to_terminal_latency_s": 0.018675,
      "cleanup": {
        "active_goal_ids_after_cleanup": [],
        "clean": true,
        "completed_at": {
          "monotonic_s": 180469.958837,
          "wall_utc": "2026-08-26T11:01:01.452Z"
        },
        "forced_goal_ids": [],
        "release_or_close_errors": [],
        "started_at": {
          "monotonic_s": 180469.87805,
          "wall_utc": "2026-08-26T11:01:01.371Z"
        },
        "terminal_wait_errors": []
      },
      "concurrency_events": [
        {
          "active_goal_count": 1,
          "active_goal_ids": [
            "09da6cf65d288e4969416ce55191ff8a"
          ],
          "at": {
            "monotonic_s": 180467.852328,
            "wall_utc": "2026-08-26T11:00:59.345Z"
          },
          "reason": "goal_accepted"
        },
        {
          "active_goal_count": 1,
          "active_goal_ids": [
            "09da6cf65d288e4969416ce55191ff8a"
          ],
          "at": {
            "monotonic_s": 180467.852595,
            "wall_utc": "2026-08-26T11:00:59.346Z"
          },
          "reason": "execute_started"
        },
        {
          "active_goal_count": 1,
          "active_goal_ids": [
            "09da6cf65d288e4969416ce55191ff8a"
          ],
          "at": {
            "monotonic_s": 180469.854261,
            "wall_utc": "2026-08-26T11:01:01.347Z"
          },
          "reason": "cancel_callback"
        },
        {
          "active_goal_count": 0,
          "active_goal_ids": [],
          "at": {
            "monotonic_s": 180469.871139,
            "wall_utc": "2026-08-26T11:01:01.364Z"
          },
          "reason": "goal_terminal"
        }
      ],
      "evidence_fields": {
        "active_goal_count_at_observation_end": 0,
        "b_goal_id": null,
        "b_goal_status_at_observation_end": "NOT_APPLICABLE",
        "cancel_goal_ids": [
          "09da6cf65d288e4969416ce55191ff8a"
        ],
        "cancel_request_times": [
          {
            "monotonic_s": 180469.854234,
            "wall_utc": "2026-08-26T11:01:01.347Z"
          }
        ],
        "cleanup_clean": true,
        "expected": "official HORUS cancel topic reaches Nav2 adapter; server cancel callback fires and goal terminates CANCELED",
        "feedback_count_at_observation_end": 8,
        "first_feedback_time": {
          "monotonic_s": 180467.852705,
          "wall_utc": "2026-08-26T11:00:59.346Z"
        },
        "goal_accepted_time": {
          "monotonic_s": 180467.852304,
          "wall_utc": "2026-08-26T11:00:59.345Z"
        },
        "goal_id": "09da6cf65d288e4969416ce55191ff8a",
        "goal_state_at_observation_end": "CANCELED",
        "goal_terminal_state": "CANCELED",
        "last_feedback_time_at_observation_end": {
          "monotonic_s": 180469.830881,
          "wall_utc": "2026-08-26T11:01:01.324Z"
        },
        "last_simulated_progress_m_at_observation_end": 0.197802,
        "lease_holder": "A",
        "max_simultaneous_active_goals": 1,
        "observed": "official cancel callback and CANCELED terminal state observed",
        "post_revocation_duration_s": null,
        "revision": "eca75cbf559f09ff793d8993338b2f1ffed1adfd",
        "revocation_time": null,
        "simulated_additional_distance_m": null,
        "terminal_time": {
          "monotonic_s": 180469.871092,
          "wall_utc": "2026-08-26T11:01:01.364Z"
        },
        "test_id": "A1_EXPLICIT_CANCEL",
        "trial_id": "A1_EXPLICIT_CANCEL-T01",
        "verdict": "PASS"
      },
      "expected": "official HORUS cancel topic reaches Nav2 adapter; server cancel callback fires and goal terminates CANCELED",
      "final_goal_state": "CANCELED",
      "goal_records_at_measurement_end": {
        "09da6cf65d288e4969416ce55191ff8a": {
          "accepted_at": {
            "monotonic_s": 180467.852304,
            "wall_utc": "2026-08-26T11:00:59.345Z"
          },
          "active_duration_s": 2.018505,
          "cancel_callbacks": [
            {
              "callback_at": {
                "monotonic_s": 180469.854234,
                "wall_utc": "2026-08-26T11:01:01.347Z"
              },
              "cancel_goal_id": "09da6cf65d288e4969416ce55191ff8a"
            }
          ],
          "execute_started_at": {
            "monotonic_s": 180467.852587,
            "wall_utc": "2026-08-26T11:00:59.346Z"
          },
          "feedback_count": 8,
          "feedback_errors": [],
          "first_feedback_at": {
            "monotonic_s": 180467.852705,
            "wall_utc": "2026-08-26T11:00:59.346Z"
          },
          "goal_id": "09da6cf65d288e4969416ce55191ff8a",
          "last_feedback_at": {
            "monotonic_s": 180469.830881,
            "wall_utc": "2026-08-26T11:01:01.324Z"
          },
          "last_feedback_navigation_s": 1.978025,
          "last_feedback_simulated_progress_m": 0.197802,
          "simulated_distance_at_terminal_m": 0.201851,
          "state": "CANCELED",
          "state_history": [
            {
              "at": {
                "monotonic_s": 180467.852304,
                "wall_utc": "2026-08-26T11:00:59.345Z"
              },
              "state": "ACCEPTED"
            },
            {
              "at": {
                "monotonic_s": 180467.852587,
                "wall_utc": "2026-08-26T11:00:59.346Z"
              },
              "state": "EXECUTING"
            },
            {
              "at": {
                "monotonic_s": 180469.854234,
                "wall_utc": "2026-08-26T11:01:01.347Z"
              },
              "state": "CANCEL_REQUEST_ACCEPTED"
            },
            {
              "at": {
                "monotonic_s": 180469.871092,
                "wall_utc": "2026-08-26T11:01:01.364Z"
              },
              "reason": "action_server_observed_cancel_request",
              "state": "CANCELED"
            }
          ],
          "target_marker_x": 10.01,
          "terminal_at": {
            "monotonic_s": 180469.871092,
            "wall_utc": "2026-08-26T11:01:01.364Z"
          },
          "terminal_reason": "action_server_observed_cancel_request",
          "test_cleanup_requested_at": null
        }
      },
      "goal_records_final": {
        "09da6cf65d288e4969416ce55191ff8a": {
          "accepted_at": {
            "monotonic_s": 180467.852304,
            "wall_utc": "2026-08-26T11:00:59.345Z"
          },
          "active_duration_s": 2.018505,
          "cancel_callbacks": [
            {
              "callback_at": {
                "monotonic_s": 180469.854234,
                "wall_utc": "2026-08-26T11:01:01.347Z"
              },
              "cancel_goal_id": "09da6cf65d288e4969416ce55191ff8a"
            }
          ],
          "execute_started_at": {
            "monotonic_s": 180467.852587,
            "wall_utc": "2026-08-26T11:00:59.346Z"
          },
          "feedback_count": 8,
          "feedback_errors": [],
          "first_feedback_at": {
            "monotonic_s": 180467.852705,
            "wall_utc": "2026-08-26T11:00:59.346Z"
          },
          "goal_id": "09da6cf65d288e4969416ce55191ff8a",
          "last_feedback_at": {
            "monotonic_s": 180469.830881,
            "wall_utc": "2026-08-26T11:01:01.324Z"
          },
          "last_feedback_navigation_s": 1.978025,
          "last_feedback_simulated_progress_m": 0.197802,
          "simulated_distance_at_terminal_m": 0.201851,
          "state": "CANCELED",
          "state_history": [
            {
              "at": {
                "monotonic_s": 180467.852304,
                "wall_utc": "2026-08-26T11:00:59.345Z"
              },
              "state": "ACCEPTED"
            },
            {
              "at": {
                "monotonic_s": 180467.852587,
                "wall_utc": "2026-08-26T11:00:59.346Z"
              },
              "state": "EXECUTING"
            },
            {
              "at": {
                "monotonic_s": 180469.854234,
                "wall_utc": "2026-08-26T11:01:01.347Z"
              },
              "state": "CANCEL_REQUEST_ACCEPTED"
            },
            {
              "at": {
                "monotonic_s": 180469.871092,
                "wall_utc": "2026-08-26T11:01:01.364Z"
              },
              "reason": "action_server_observed_cancel_request",
              "state": "CANCELED"
            }
          ],
          "target_marker_x": 10.01,
          "terminal_at": {
            "monotonic_s": 180469.871092,
            "wall_utc": "2026-08-26T11:01:01.364Z"
          },
          "terminal_reason": "action_server_observed_cancel_request",
          "test_cleanup_requested_at": null
        }
      },
      "goal_terminal_at": {
        "monotonic_s": 180469.871092,
        "wall_utc": "2026-08-26T11:01:01.364Z"
      },
      "heartbeat_counts": {
        "A": 9,
        "B": 0
      },
      "lease_holder": "A",
      "max_simultaneous_active_goals": 1,
      "measurement_completed_at": {
        "monotonic_s": 180469.878028,
        "wall_utc": "2026-08-26T11:01:01.371Z"
      },
      "observed": "official cancel callback and CANCELED terminal state observed",
      "outcome_class": "EXPLICIT_CANCEL_WORKS",
      "path": [
        "HorusLink client",
        "horus_unity_bridge",
        "ROS goal/cancel topic",
        "horus_backend Nav2ActionAdapter",
        "dummy NavigateToPose action server"
      ],
      "revision": "eca75cbf559f09ff793d8993338b2f1ffed1adfd",
      "runtime_label": "fixed-unmodified",
      "setup": {
        "catalog_event": {
          "payload": {
            "event": "snapshot",
            "lease_ttl_ms": 1200,
            "lease_version": 0,
            "leases": [],
            "session_id": "horus-long-action-probe"
          },
          "received_at": {
            "monotonic_s": 180467.801167,
            "wall_utc": "2026-08-26T11:00:59.294Z"
          }
        },
        "fresh_trial_state_verified": true,
        "goal_accepted_at": {
          "monotonic_s": 180467.852304,
          "wall_utc": "2026-08-26T11:00:59.345Z"
        },
        "goal_id": "09da6cf65d288e4969416ce55191ff8a",
        "goal_marker_x": 10.01,
        "goal_publish_sent_at": {
          "monotonic_s": 180467.851071,
          "wall_utc": "2026-08-26T11:00:59.344Z"
        },
        "lease_acquire_event": {
          "payload": {
            "event": "lease_granted",
            "holder_app_id": "long-probe-A",
            "lease_ttl_ms": 1200,
            "lease_version": 1,
            "leases": [
              {
                "acquired_at_ms": 180467841,
                "holder_app_id": "long-probe-A",
                "holder_role": "operator",
                "last_heartbeat_ms": 180467841,
                "lease_version": 1,
                "panel_open": true,
                "robot_name": "robot1",
                "session_id": "A1_EXPLICIT_CANCEL-T01-session-A",
                "task_active": true,
                "task_kind": "navigation",
                "teleop_active": true
              }
            ],
            "request_id": "A1_EXPLICIT_CANCEL-T01-A-acquire",
            "robot_name": "robot1",
            "session_id": "A1_EXPLICIT_CANCEL-T01-session-A"
          },
          "received_at": {
            "monotonic_s": 180467.841831,
            "wall_utc": "2026-08-26T11:00:59.335Z"
          }
        },
        "lease_holder": "A",
        "lease_state_after_acquire": [
          {
            "acquired_at_ms": 180467841,
            "holder_app_id": "long-probe-A",
            "holder_role": "operator",
            "last_heartbeat_ms": 180467841,
            "lease_version": 1,
            "panel_open": true,
            "robot_name": "robot1",
            "session_id": "A1_EXPLICIT_CANCEL-T01-session-A",
            "task_active": true,
            "task_kind": "navigation",
            "teleop_active": true
          }
        ]
      },
      "started_at": {
        "monotonic_s": 180467.79415,
        "wall_utc": "2026-08-26T11:00:59.287Z"
      },
      "test_id": "A1_EXPLICIT_CANCEL",
      "trial_complete": true,
      "trial_id": "A1_EXPLICIT_CANCEL-T01",
      "trial_number": 1,
      "verdict": "PASS"
    },
    {
      "cancel_callback_at": {
        "monotonic_s": 180472.019329,
        "wall_utc": "2026-08-26T11:01:03.512Z"
      },
      "cancel_callback_latency_s": 0.001418,
      "cancel_goal_ids": [
        "98de8d4f09767a122c6d36846552e4b8"
      ],
      "cancel_request_count_at_measurement_end": 1,
      "cancel_sent_at": {
        "monotonic_s": 180472.017911,
        "wall_utc": "2026-08-26T11:01:03.511Z"
      },
      "cancel_to_terminal_latency_s": 0.010052,
      "cleanup": {
        "active_goal_ids_after_cleanup": [],
        "clean": true,
        "completed_at": {
          "monotonic_s": 180472.123989,
          "wall_utc": "2026-08-26T11:01:03.617Z"
        },
        "forced_goal_ids": [],
        "release_or_close_errors": [],
        "started_at": {
          "monotonic_s": 180472.043567,
          "wall_utc": "2026-08-26T11:01:03.537Z"
        },
        "terminal_wait_errors": []
      },
      "concurrency_events": [
        {
          "active_goal_count": 1,
          "active_goal_ids": [
            "98de8d4f09767a122c6d36846552e4b8"
          ],
          "at": {
            "monotonic_s": 180470.014762,
            "wall_utc": "2026-08-26T11:01:01.508Z"
          },
          "reason": "goal_accepted"
        },
        {
          "active_goal_count": 1,
          "active_goal_ids": [
            "98de8d4f09767a122c6d36846552e4b8"
          ],
          "at": {
            "monotonic_s": 180470.015089,
            "wall_utc": "2026-08-26T11:01:01.508Z"
          },
          "reason": "execute_started"
        },
        {
          "active_goal_count": 1,
          "active_goal_ids": [
            "98de8d4f09767a122c6d36846552e4b8"
          ],
          "at": {
            "monotonic_s": 180472.019352,
            "wall_utc": "2026-08-26T11:01:03.513Z"
          },
          "reason": "cancel_callback"
        },
        {
          "active_goal_count": 0,
          "active_goal_ids": [],
          "at": {
            "monotonic_s": 180472.027985,
            "wall_utc": "2026-08-26T11:01:03.521Z"
          },
          "reason": "goal_terminal"
        }
      ],
      "evidence_fields": {
        "active_goal_count_at_observation_end": 0,
        "b_goal_id": null,
        "b_goal_status_at_observation_end": "NOT_APPLICABLE",
        "cancel_goal_ids": [
          "98de8d4f09767a122c6d36846552e4b8"
        ],
        "cancel_request_times": [
          {
            "monotonic_s": 180472.019329,
            "wall_utc": "2026-08-26T11:01:03.512Z"
          }
        ],
        "cleanup_clean": true,
        "expected": "official HORUS cancel topic reaches Nav2 adapter; server cancel callback fires and goal terminates CANCELED",
        "feedback_count_at_observation_end": 8,
        "first_feedback_time": {
          "monotonic_s": 180470.015213,
          "wall_utc": "2026-08-26T11:01:01.508Z"
        },
        "goal_accepted_time": {
          "monotonic_s": 180470.014729,
          "wall_utc": "2026-08-26T11:01:01.508Z"
        },
        "goal_id": "98de8d4f09767a122c6d36846552e4b8",
        "goal_state_at_observation_end": "CANCELED",
        "goal_terminal_state": "CANCELED",
        "last_feedback_time_at_observation_end": {
          "monotonic_s": 180471.987831,
          "wall_utc": "2026-08-26T11:01:03.481Z"
        },
        "last_simulated_progress_m_at_observation_end": 0.197249,
        "lease_holder": "A",
        "max_simultaneous_active_goals": 1,
        "observed": "official cancel callback and CANCELED terminal state observed",
        "post_revocation_duration_s": null,
        "revision": "eca75cbf559f09ff793d8993338b2f1ffed1adfd",
        "revocation_time": null,
        "simulated_additional_distance_m": null,
        "terminal_time": {
          "monotonic_s": 180472.027963,
          "wall_utc": "2026-08-26T11:01:03.521Z"
        },
        "test_id": "A1_EXPLICIT_CANCEL",
        "trial_id": "A1_EXPLICIT_CANCEL-T02",
        "verdict": "PASS"
      },
      "expected": "official HORUS cancel topic reaches Nav2 adapter; server cancel callback fires and goal terminates CANCELED",
      "final_goal_state": "CANCELED",
      "goal_records_at_measurement_end": {
        "98de8d4f09767a122c6d36846552e4b8": {
          "accepted_at": {
            "monotonic_s": 180470.014729,
            "wall_utc": "2026-08-26T11:01:01.508Z"
          },
          "active_duration_s": 2.012888,
          "cancel_callbacks": [
            {
              "callback_at": {
                "monotonic_s": 180472.019329,
                "wall_utc": "2026-08-26T11:01:03.512Z"
              },
              "cancel_goal_id": "98de8d4f09767a122c6d36846552e4b8"
            }
          ],
          "execute_started_at": {
            "monotonic_s": 180470.015075,
            "wall_utc": "2026-08-26T11:01:01.508Z"
          },
          "feedback_count": 8,
          "feedback_errors": [],
          "first_feedback_at": {
            "monotonic_s": 180470.015213,
            "wall_utc": "2026-08-26T11:01:01.508Z"
          },
          "goal_id": "98de8d4f09767a122c6d36846552e4b8",
          "last_feedback_at": {
            "monotonic_s": 180471.987831,
            "wall_utc": "2026-08-26T11:01:03.481Z"
          },
          "last_feedback_navigation_s": 1.972489,
          "last_feedback_simulated_progress_m": 0.197249,
          "simulated_distance_at_terminal_m": 0.201289,
          "state": "CANCELED",
          "state_history": [
            {
              "at": {
                "monotonic_s": 180470.014729,
                "wall_utc": "2026-08-26T11:01:01.508Z"
              },
              "state": "ACCEPTED"
            },
            {
              "at": {
                "monotonic_s": 180470.015075,
                "wall_utc": "2026-08-26T11:01:01.508Z"
              },
              "state": "EXECUTING"
            },
            {
              "at": {
                "monotonic_s": 180472.019329,
                "wall_utc": "2026-08-26T11:01:03.512Z"
              },
              "state": "CANCEL_REQUEST_ACCEPTED"
            },
            {
              "at": {
                "monotonic_s": 180472.027963,
                "wall_utc": "2026-08-26T11:01:03.521Z"
              },
              "reason": "action_server_observed_cancel_request",
              "state": "CANCELED"
            }
          ],
          "target_marker_x": 10.02,
          "terminal_at": {
            "monotonic_s": 180472.027963,
            "wall_utc": "2026-08-26T11:01:03.521Z"
          },
          "terminal_reason": "action_server_observed_cancel_request",
          "test_cleanup_requested_at": null
        }
      },
      "goal_records_final": {
        "98de8d4f09767a122c6d36846552e4b8": {
          "accepted_at": {
            "monotonic_s": 180470.014729,
            "wall_utc": "2026-08-26T11:01:01.508Z"
          },
          "active_duration_s": 2.012888,
          "cancel_callbacks": [
            {
              "callback_at": {
                "monotonic_s": 180472.019329,
                "wall_utc": "2026-08-26T11:01:03.512Z"
              },
              "cancel_goal_id": "98de8d4f09767a122c6d36846552e4b8"
            }
          ],
          "execute_started_at": {
            "monotonic_s": 180470.015075,
            "wall_utc": "2026-08-26T11:01:01.508Z"
          },
          "feedback_count": 8,
          "feedback_errors": [],
          "first_feedback_at": {
            "monotonic_s": 180470.015213,
            "wall_utc": "2026-08-26T11:01:01.508Z"
          },
          "goal_id": "98de8d4f09767a122c6d36846552e4b8",
          "last_feedback_at": {
            "monotonic_s": 180471.987831,
            "wall_utc": "2026-08-26T11:01:03.481Z"
          },
          "last_feedback_navigation_s": 1.972489,
          "last_feedback_simulated_progress_m": 0.197249,
          "simulated_distance_at_terminal_m": 0.201289,
          "state": "CANCELED",
          "state_history": [
            {
              "at": {
                "monotonic_s": 180470.014729,
                "wall_utc": "2026-08-26T11:01:01.508Z"
              },
              "state": "ACCEPTED"
            },
            {
              "at": {
                "monotonic_s": 180470.015075,
                "wall_utc": "2026-08-26T11:01:01.508Z"
              },
              "state": "EXECUTING"
            },
            {
              "at": {
                "monotonic_s": 180472.019329,
                "wall_utc": "2026-08-26T11:01:03.512Z"
              },
              "state": "CANCEL_REQUEST_ACCEPTED"
            },
            {
              "at": {
                "monotonic_s": 180472.027963,
                "wall_utc": "2026-08-26T11:01:03.521Z"
              },
              "reason": "action_server_observed_cancel_request",
              "state": "CANCELED"
            }
          ],
          "target_marker_x": 10.02,
          "terminal_at": {
            "monotonic_s": 180472.027963,
            "wall_utc": "2026-08-26T11:01:03.521Z"
          },
          "terminal_reason": "action_server_observed_cancel_request",
          "test_cleanup_requested_at": null
        }
      },
      "goal_terminal_at": {
        "monotonic_s": 180472.027963,
        "wall_utc": "2026-08-26T11:01:03.521Z"
      },
      "heartbeat_counts": {
        "A": 9,
        "B": 0
      },
      "lease_holder": "A",
      "max_simultaneous_active_goals": 1,
      "measurement_completed_at": {
        "monotonic_s": 180472.04354,
        "wall_utc": "2026-08-26T11:01:03.537Z"
      },
      "observed": "official cancel callback and CANCELED terminal state observed",
      "outcome_class": "EXPLICIT_CANCEL_WORKS",
      "path": [
        "HorusLink client",
        "horus_unity_bridge",
        "ROS goal/cancel topic",
        "horus_backend Nav2ActionAdapter",
        "dummy NavigateToPose action server"
      ],
      "revision": "eca75cbf559f09ff793d8993338b2f1ffed1adfd",
      "runtime_label": "fixed-unmodified",
      "setup": {
        "catalog_event": {
          "payload": {
            "event": "snapshot",
            "lease_ttl_ms": 1200,
            "lease_version": 10,
            "leases": [],
            "session_id": "horus-long-action-probe"
          },
          "received_at": {
            "monotonic_s": 180469.962034,
            "wall_utc": "2026-08-26T11:01:01.455Z"
          }
        },
        "fresh_trial_state_verified": true,
        "goal_accepted_at": {
          "monotonic_s": 180470.014729,
          "wall_utc": "2026-08-26T11:01:01.508Z"
        },
        "goal_id": "98de8d4f09767a122c6d36846552e4b8",
        "goal_marker_x": 10.02,
        "goal_publish_sent_at": {
          "monotonic_s": 180470.013131,
          "wall_utc": "2026-08-26T11:01:01.506Z"
        },
        "lease_acquire_event": {
          "payload": {
            "event": "lease_granted",
            "holder_app_id": "long-probe-A",
            "lease_ttl_ms": 1200,
            "lease_version": 11,
            "leases": [
              {
                "acquired_at_ms": 180470002,
                "holder_app_id": "long-probe-A",
                "holder_role": "operator",
                "last_heartbeat_ms": 180470002,
                "lease_version": 11,
                "panel_open": true,
                "robot_name": "robot1",
                "session_id": "A1_EXPLICIT_CANCEL-T02-session-A",
                "task_active": true,
                "task_kind": "navigation",
                "teleop_active": true
              }
            ],
            "request_id": "A1_EXPLICIT_CANCEL-T02-A-acquire",
            "robot_name": "robot1",
            "session_id": "A1_EXPLICIT_CANCEL-T02-session-A"
          },
          "received_at": {
            "monotonic_s": 180470.002592,
            "wall_utc": "2026-08-26T11:01:01.496Z"
          }
        },
        "lease_holder": "A",
        "lease_state_after_acquire": [
          {
            "acquired_at_ms": 180470002,
            "holder_app_id": "long-probe-A",
            "holder_role": "operator",
            "last_heartbeat_ms": 180470002,
            "lease_version": 11,
            "panel_open": true,
            "robot_name": "robot1",
            "session_id": "A1_EXPLICIT_CANCEL-T02-session-A",
            "task_active": true,
            "task_kind": "navigation",
            "teleop_active": true
          }
        ]
      },
      "started_at": {
        "monotonic_s": 180469.958991,
        "wall_utc": "2026-08-26T11:01:01.452Z"
      },
      "test_id": "A1_EXPLICIT_CANCEL",
      "trial_complete": true,
      "trial_id": "A1_EXPLICIT_CANCEL-T02",
      "trial_number": 2,
      "verdict": "PASS"
    },
    {
      "cancel_callback_at": {
        "monotonic_s": 180474.182555,
        "wall_utc": "2026-08-26T11:01:05.676Z"
      },
      "cancel_callback_latency_s": 0.001622,
      "cancel_goal_ids": [
        "95276ebe83dc3e4e4457b53be272941e"
      ],
      "cancel_request_count_at_measurement_end": 1,
      "cancel_sent_at": {
        "monotonic_s": 180474.180933,
        "wall_utc": "2026-08-26T11:01:05.674Z"
      },
      "cancel_to_terminal_latency_s": 0.015466,
      "cleanup": {
        "active_goal_ids_after_cleanup": [],
        "clean": true,
        "completed_at": {
          "monotonic_s": 180474.286533,
          "wall_utc": "2026-08-26T11:01:05.780Z"
        },
        "forced_goal_ids": [],
        "release_or_close_errors": [],
        "started_at": {
          "monotonic_s": 180474.20631,
          "wall_utc": "2026-08-26T11:01:05.699Z"
        },
        "terminal_wait_errors": []
      },
      "concurrency_events": [
        {
          "active_goal_count": 1,
          "active_goal_ids": [
            "95276ebe83dc3e4e4457b53be272941e"
          ],
          "at": {
            "monotonic_s": 180472.180893,
            "wall_utc": "2026-08-26T11:01:03.674Z"
          },
          "reason": "goal_accepted"
        },
        {
          "active_goal_count": 1,
          "active_goal_ids": [
            "95276ebe83dc3e4e4457b53be272941e"
          ],
          "at": {
            "monotonic_s": 180472.181285,
            "wall_utc": "2026-08-26T11:01:03.674Z"
          },
          "reason": "execute_started"
        },
        {
          "active_goal_count": 1,
          "active_goal_ids": [
            "95276ebe83dc3e4e4457b53be272941e"
          ],
          "at": {
            "monotonic_s": 180474.182581,
            "wall_utc": "2026-08-26T11:01:05.676Z"
          },
          "reason": "cancel_callback"
        },
        {
          "active_goal_count": 0,
          "active_goal_ids": [],
          "at": {
            "monotonic_s": 180474.196462,
            "wall_utc": "2026-08-26T11:01:05.690Z"
          },
          "reason": "goal_terminal"
        }
      ],
      "evidence_fields": {
        "active_goal_count_at_observation_end": 0,
        "b_goal_id": null,
        "b_goal_status_at_observation_end": "NOT_APPLICABLE",
        "cancel_goal_ids": [
          "95276ebe83dc3e4e4457b53be272941e"
        ],
        "cancel_request_times": [
          {
            "monotonic_s": 180474.182555,
            "wall_utc": "2026-08-26T11:01:05.676Z"
          }
        ],
        "cleanup_clean": true,
        "expected": "official HORUS cancel topic reaches Nav2 adapter; server cancel callback fires and goal terminates CANCELED",
        "feedback_count_at_observation_end": 8,
        "first_feedback_time": {
          "monotonic_s": 180472.181529,
          "wall_utc": "2026-08-26T11:01:03.675Z"
        },
        "goal_accepted_time": {
          "monotonic_s": 180472.180857,
          "wall_utc": "2026-08-26T11:01:03.674Z"
        },
        "goal_id": "95276ebe83dc3e4e4457b53be272941e",
        "goal_state_at_observation_end": "CANCELED",
        "goal_terminal_state": "CANCELED",
        "last_feedback_time_at_observation_end": {
          "monotonic_s": 180474.156148,
          "wall_utc": "2026-08-26T11:01:05.649Z"
        },
        "last_simulated_progress_m_at_observation_end": 0.197457,
        "lease_holder": "A",
        "max_simultaneous_active_goals": 1,
        "observed": "official cancel callback and CANCELED terminal state observed",
        "post_revocation_duration_s": null,
        "revision": "eca75cbf559f09ff793d8993338b2f1ffed1adfd",
        "revocation_time": null,
        "simulated_additional_distance_m": null,
        "terminal_time": {
          "monotonic_s": 180474.196399,
          "wall_utc": "2026-08-26T11:01:05.690Z"
        },
        "test_id": "A1_EXPLICIT_CANCEL",
        "trial_id": "A1_EXPLICIT_CANCEL-T03",
        "verdict": "PASS"
      },
      "expected": "official HORUS cancel topic reaches Nav2 adapter; server cancel callback fires and goal terminates CANCELED",
      "final_goal_state": "CANCELED",
      "goal_records_at_measurement_end": {
        "95276ebe83dc3e4e4457b53be272941e": {
          "accepted_at": {
            "monotonic_s": 180472.180857,
            "wall_utc": "2026-08-26T11:01:03.674Z"
          },
          "active_duration_s": 2.015123,
          "cancel_callbacks": [
            {
              "callback_at": {
                "monotonic_s": 180474.182555,
                "wall_utc": "2026-08-26T11:01:05.676Z"
              },
              "cancel_goal_id": "95276ebe83dc3e4e4457b53be272941e"
            }
          ],
          "execute_started_at": {
            "monotonic_s": 180472.181276,
            "wall_utc": "2026-08-26T11:01:03.674Z"
          },
          "feedback_count": 8,
          "feedback_errors": [],
          "first_feedback_at": {
            "monotonic_s": 180472.181529,
            "wall_utc": "2026-08-26T11:01:03.675Z"
          },
          "goal_id": "95276ebe83dc3e4e4457b53be272941e",
          "last_feedback_at": {
            "monotonic_s": 180474.156148,
            "wall_utc": "2026-08-26T11:01:05.649Z"
          },
          "last_feedback_navigation_s": 1.97457,
          "last_feedback_simulated_progress_m": 0.197457,
          "simulated_distance_at_terminal_m": 0.201512,
          "state": "CANCELED",
          "state_history": [
            {
              "at": {
                "monotonic_s": 180472.180857,
                "wall_utc": "2026-08-26T11:01:03.674Z"
              },
              "state": "ACCEPTED"
            },
            {
              "at": {
                "monotonic_s": 180472.181276,
                "wall_utc": "2026-08-26T11:01:03.674Z"
              },
              "state": "EXECUTING"
            },
            {
              "at": {
                "monotonic_s": 180474.182555,
                "wall_utc": "2026-08-26T11:01:05.676Z"
              },
              "state": "CANCEL_REQUEST_ACCEPTED"
            },
            {
              "at": {
                "monotonic_s": 180474.196399,
                "wall_utc": "2026-08-26T11:01:05.690Z"
              },
              "reason": "action_server_observed_cancel_request",
              "state": "CANCELED"
            }
          ],
          "target_marker_x": 10.03,
          "terminal_at": {
            "monotonic_s": 180474.196399,
            "wall_utc": "2026-08-26T11:01:05.690Z"
          },
          "terminal_reason": "action_server_observed_cancel_request",
          "test_cleanup_requested_at": null
        }
      },
      "goal_records_final": {
        "95276ebe83dc3e4e4457b53be272941e": {
          "accepted_at": {
            "monotonic_s": 180472.180857,
            "wall_utc": "2026-08-26T11:01:03.674Z"
          },
          "active_duration_s": 2.015123,
          "cancel_callbacks": [
            {
              "callback_at": {
                "monotonic_s": 180474.182555,
                "wall_utc": "2026-08-26T11:01:05.676Z"
              },
              "cancel_goal_id": "95276ebe83dc3e4e4457b53be272941e"
            }
          ],
          "execute_started_at": {
            "monotonic_s": 180472.181276,
            "wall_utc": "2026-08-26T11:01:03.674Z"
          },
          "feedback_count": 8,
          "feedback_errors": [],
          "first_feedback_at": {
            "monotonic_s": 180472.181529,
            "wall_utc": "2026-08-26T11:01:03.675Z"
          },
          "goal_id": "95276ebe83dc3e4e4457b53be272941e",
          "last_feedback_at": {
            "monotonic_s": 180474.156148,
            "wall_utc": "2026-08-26T11:01:05.649Z"
          },
          "last_feedback_navigation_s": 1.97457,
          "last_feedback_simulated_progress_m": 0.197457,
          "simulated_distance_at_terminal_m": 0.201512,
          "state": "CANCELED",
          "state_history": [
            {
              "at": {
                "monotonic_s": 180472.180857,
                "wall_utc": "2026-08-26T11:01:03.674Z"
              },
              "state": "ACCEPTED"
            },
            {
              "at": {
                "monotonic_s": 180472.181276,
                "wall_utc": "2026-08-26T11:01:03.674Z"
              },
              "state": "EXECUTING"
            },
            {
              "at": {
                "monotonic_s": 180474.182555,
                "wall_utc": "2026-08-26T11:01:05.676Z"
              },
              "state": "CANCEL_REQUEST_ACCEPTED"
            },
            {
              "at": {
                "monotonic_s": 180474.196399,
                "wall_utc": "2026-08-26T11:01:05.690Z"
              },
              "reason": "action_server_observed_cancel_request",
              "state": "CANCELED"
            }
          ],
          "target_marker_x": 10.03,
          "terminal_at": {
            "monotonic_s": 180474.196399,
            "wall_utc": "2026-08-26T11:01:05.690Z"
          },
          "terminal_reason": "action_server_observed_cancel_request",
          "test_cleanup_requested_at": null
        }
      },
      "goal_terminal_at": {
        "monotonic_s": 180474.196399,
        "wall_utc": "2026-08-26T11:01:05.690Z"
      },
      "heartbeat_counts": {
        "A": 9,
        "B": 0
      },
      "lease_holder": "A",
      "max_simultaneous_active_goals": 1,
      "measurement_completed_at": {
        "monotonic_s": 180474.206296,
        "wall_utc": "2026-08-26T11:01:05.699Z"
      },
      "observed": "official cancel callback and CANCELED terminal state observed",
      "outcome_class": "EXPLICIT_CANCEL_WORKS",
      "path": [
        "HorusLink client",
        "horus_unity_bridge",
        "ROS goal/cancel topic",
        "horus_backend Nav2ActionAdapter",
        "dummy NavigateToPose action server"
      ],
      "revision": "eca75cbf559f09ff793d8993338b2f1ffed1adfd",
      "runtime_label": "fixed-unmodified",
      "setup": {
        "catalog_event": {
          "payload": {
            "event": "snapshot",
            "lease_ttl_ms": 1200,
            "lease_version": 20,
            "leases": [],
            "session_id": "horus-long-action-probe"
          },
          "received_at": {
            "monotonic_s": 180472.126844,
            "wall_utc": "2026-08-26T11:01:03.620Z"
          }
        },
        "fresh_trial_state_verified": true,
        "goal_accepted_at": {
          "monotonic_s": 180472.180857,
          "wall_utc": "2026-08-26T11:01:03.674Z"
        },
        "goal_id": "95276ebe83dc3e4e4457b53be272941e",
        "goal_marker_x": 10.03,
        "goal_publish_sent_at": {
          "monotonic_s": 180472.176644,
          "wall_utc": "2026-08-26T11:01:03.670Z"
        },
        "lease_acquire_event": {
          "payload": {
            "event": "lease_granted",
            "holder_app_id": "long-probe-A",
            "lease_ttl_ms": 1200,
            "lease_version": 21,
            "leases": [
              {
                "acquired_at_ms": 180472167,
                "holder_app_id": "long-probe-A",
                "holder_role": "operator",
                "last_heartbeat_ms": 180472167,
                "lease_version": 21,
                "panel_open": true,
                "robot_name": "robot1",
                "session_id": "A1_EXPLICIT_CANCEL-T03-session-A",
                "task_active": true,
                "task_kind": "navigation",
                "teleop_active": true
              }
            ],
            "request_id": "A1_EXPLICIT_CANCEL-T03-A-acquire",
            "robot_name": "robot1",
            "session_id": "A1_EXPLICIT_CANCEL-T03-session-A"
          },
          "received_at": {
            "monotonic_s": 180472.167794,
            "wall_utc": "2026-08-26T11:01:03.661Z"
          }
        },
        "lease_holder": "A",
        "lease_state_after_acquire": [
          {
            "acquired_at_ms": 180472167,
            "holder_app_id": "long-probe-A",
            "holder_role": "operator",
            "last_heartbeat_ms": 180472167,
            "lease_version": 21,
            "panel_open": true,
            "robot_name": "robot1",
            "session_id": "A1_EXPLICIT_CANCEL-T03-session-A",
            "task_active": true,
            "task_kind": "navigation",
            "teleop_active": true
          }
        ]
      },
      "started_at": {
        "monotonic_s": 180472.124142,
        "wall_utc": "2026-08-26T11:01:03.617Z"
      },
      "test_id": "A1_EXPLICIT_CANCEL",
      "trial_complete": true,
      "trial_id": "A1_EXPLICIT_CANCEL-T03",
      "trial_number": 3,
      "verdict": "PASS"
    },
    {
      "cancel_callback_at": {
        "monotonic_s": 180476.386095,
        "wall_utc": "2026-08-26T11:01:07.879Z"
      },
      "cancel_callback_latency_s": 0.018571,
      "cancel_goal_ids": [
        "87976c7856f3cf42aba1d541d8cd7b54"
      ],
      "cancel_request_count_at_measurement_end": 1,
      "cancel_sent_at": {
        "monotonic_s": 180476.367524,
        "wall_utc": "2026-08-26T11:01:07.861Z"
      },
      "cancel_to_terminal_latency_s": 0.057937,
      "cleanup": {
        "active_goal_ids_after_cleanup": [],
        "clean": true,
        "completed_at": {
          "monotonic_s": 180476.526143,
          "wall_utc": "2026-08-26T11:01:08.019Z"
        },
        "forced_goal_ids": [],
        "release_or_close_errors": [],
        "started_at": {
          "monotonic_s": 180476.444187,
          "wall_utc": "2026-08-26T11:01:07.937Z"
        },
        "terminal_wait_errors": []
      },
      "concurrency_events": [
        {
          "active_goal_count": 1,
          "active_goal_ids": [
            "87976c7856f3cf42aba1d541d8cd7b54"
          ],
          "at": {
            "monotonic_s": 180474.367474,
            "wall_utc": "2026-08-26T11:01:05.861Z"
          },
          "reason": "goal_accepted"
        },
        {
          "active_goal_count": 1,
          "active_goal_ids": [
            "87976c7856f3cf42aba1d541d8cd7b54"
          ],
          "at": {
            "monotonic_s": 180474.367876,
            "wall_utc": "2026-08-26T11:01:05.861Z"
          },
          "reason": "execute_started"
        },
        {
          "active_goal_count": 1,
          "active_goal_ids": [
            "87976c7856f3cf42aba1d541d8cd7b54"
          ],
          "at": {
            "monotonic_s": 180476.386129,
            "wall_utc": "2026-08-26T11:01:07.879Z"
          },
          "reason": "cancel_callback"
        },
        {
          "active_goal_count": 0,
          "active_goal_ids": [],
          "at": {
            "monotonic_s": 180476.425508,
            "wall_utc": "2026-08-26T11:01:07.919Z"
          },
          "reason": "goal_terminal"
        }
      ],
      "evidence_fields": {
        "active_goal_count_at_observation_end": 0,
        "b_goal_id": null,
        "b_goal_status_at_observation_end": "NOT_APPLICABLE",
        "cancel_goal_ids": [
          "87976c7856f3cf42aba1d541d8cd7b54"
        ],
        "cancel_request_times": [
          {
            "monotonic_s": 180476.386095,
            "wall_utc": "2026-08-26T11:01:07.879Z"
          }
        ],
        "cleanup_clean": true,
        "expected": "official HORUS cancel topic reaches Nav2 adapter; server cancel callback fires and goal terminates CANCELED",
        "feedback_count_at_observation_end": 8,
        "first_feedback_time": {
          "monotonic_s": 180474.36802,
          "wall_utc": "2026-08-26T11:01:05.861Z"
        },
        "goal_accepted_time": {
          "monotonic_s": 180474.367447,
          "wall_utc": "2026-08-26T11:01:05.861Z"
        },
        "goal_id": "87976c7856f3cf42aba1d541d8cd7b54",
        "goal_state_at_observation_end": "CANCELED",
        "goal_terminal_state": "CANCELED",
        "last_feedback_time_at_observation_end": {
          "monotonic_s": 180476.343478,
          "wall_utc": "2026-08-26T11:01:07.837Z"
        },
        "last_simulated_progress_m_at_observation_end": 0.197541,
        "lease_holder": "A",
        "max_simultaneous_active_goals": 1,
        "observed": "official cancel callback and CANCELED terminal state observed",
        "post_revocation_duration_s": null,
        "revision": "eca75cbf559f09ff793d8993338b2f1ffed1adfd",
        "revocation_time": null,
        "simulated_additional_distance_m": null,
        "terminal_time": {
          "monotonic_s": 180476.425461,
          "wall_utc": "2026-08-26T11:01:07.919Z"
        },
        "test_id": "A1_EXPLICIT_CANCEL",
        "trial_id": "A1_EXPLICIT_CANCEL-T04",
        "verdict": "PASS"
      },
      "expected": "official HORUS cancel topic reaches Nav2 adapter; server cancel callback fires and goal terminates CANCELED",
      "final_goal_state": "CANCELED",
      "goal_records_at_measurement_end": {
        "87976c7856f3cf42aba1d541d8cd7b54": {
          "accepted_at": {
            "monotonic_s": 180474.367447,
            "wall_utc": "2026-08-26T11:01:05.861Z"
          },
          "active_duration_s": 2.057598,
          "cancel_callbacks": [
            {
              "callback_at": {
                "monotonic_s": 180476.386095,
                "wall_utc": "2026-08-26T11:01:07.879Z"
              },
              "cancel_goal_id": "87976c7856f3cf42aba1d541d8cd7b54"
            }
          ],
          "execute_started_at": {
            "monotonic_s": 180474.367863,
            "wall_utc": "2026-08-26T11:01:05.861Z"
          },
          "feedback_count": 8,
          "feedback_errors": [],
          "first_feedback_at": {
            "monotonic_s": 180474.36802,
            "wall_utc": "2026-08-26T11:01:05.861Z"
          },
          "goal_id": "87976c7856f3cf42aba1d541d8cd7b54",
          "last_feedback_at": {
            "monotonic_s": 180476.343478,
            "wall_utc": "2026-08-26T11:01:07.837Z"
          },
          "last_feedback_navigation_s": 1.975413,
          "last_feedback_simulated_progress_m": 0.197541,
          "simulated_distance_at_terminal_m": 0.20576,
          "state": "CANCELED",
          "state_history": [
            {
              "at": {
                "monotonic_s": 180474.367447,
                "wall_utc": "2026-08-26T11:01:05.861Z"
              },
              "state": "ACCEPTED"
            },
            {
              "at": {
                "monotonic_s": 180474.367863,
                "wall_utc": "2026-08-26T11:01:05.861Z"
              },
              "state": "EXECUTING"
            },
            {
              "at": {
                "monotonic_s": 180476.386095,
                "wall_utc": "2026-08-26T11:01:07.879Z"
              },
              "state": "CANCEL_REQUEST_ACCEPTED"
            },
            {
              "at": {
                "monotonic_s": 180476.425461,
                "wall_utc": "2026-08-26T11:01:07.919Z"
              },
              "reason": "action_server_observed_cancel_request",
              "state": "CANCELED"
            }
          ],
          "target_marker_x": 10.04,
          "terminal_at": {
            "monotonic_s": 180476.425461,
            "wall_utc": "2026-08-26T11:01:07.919Z"
          },
          "terminal_reason": "action_server_observed_cancel_request",
          "test_cleanup_requested_at": null
        }
      },
      "goal_records_final": {
        "87976c7856f3cf42aba1d541d8cd7b54": {
          "accepted_at": {
            "monotonic_s": 180474.367447,
            "wall_utc": "2026-08-26T11:01:05.861Z"
          },
          "active_duration_s": 2.057598,
          "cancel_callbacks": [
            {
              "callback_at": {
                "monotonic_s": 180476.386095,
                "wall_utc": "2026-08-26T11:01:07.879Z"
              },
              "cancel_goal_id": "87976c7856f3cf42aba1d541d8cd7b54"
            }
          ],
          "execute_started_at": {
            "monotonic_s": 180474.367863,
            "wall_utc": "2026-08-26T11:01:05.861Z"
          },
          "feedback_count": 8,
          "feedback_errors": [],
          "first_feedback_at": {
            "monotonic_s": 180474.36802,
            "wall_utc": "2026-08-26T11:01:05.861Z"
          },
          "goal_id": "87976c7856f3cf42aba1d541d8cd7b54",
          "last_feedback_at": {
            "monotonic_s": 180476.343478,
            "wall_utc": "2026-08-26T11:01:07.837Z"
          },
          "last_feedback_navigation_s": 1.975413,
          "last_feedback_simulated_progress_m": 0.197541,
          "simulated_distance_at_terminal_m": 0.20576,
          "state": "CANCELED",
          "state_history": [
            {
              "at": {
                "monotonic_s": 180474.367447,
                "wall_utc": "2026-08-26T11:01:05.861Z"
              },
              "state": "ACCEPTED"
            },
            {
              "at": {
                "monotonic_s": 180474.367863,
                "wall_utc": "2026-08-26T11:01:05.861Z"
              },
              "state": "EXECUTING"
            },
            {
              "at": {
                "monotonic_s": 180476.386095,
                "wall_utc": "2026-08-26T11:01:07.879Z"
              },
              "state": "CANCEL_REQUEST_ACCEPTED"
            },
            {
              "at": {
                "monotonic_s": 180476.425461,
                "wall_utc": "2026-08-26T11:01:07.919Z"
              },
              "reason": "action_server_observed_cancel_request",
              "state": "CANCELED"
            }
          ],
          "target_marker_x": 10.04,
          "terminal_at": {
            "monotonic_s": 180476.425461,
            "wall_utc": "2026-08-26T11:01:07.919Z"
          },
          "terminal_reason": "action_server_observed_cancel_request",
          "test_cleanup_requested_at": null
        }
      },
      "goal_terminal_at": {
        "monotonic_s": 180476.425461,
        "wall_utc": "2026-08-26T11:01:07.919Z"
      },
      "heartbeat_counts": {
        "A": 9,
        "B": 0
      },
      "lease_holder": "A",
      "max_simultaneous_active_goals": 1,
      "measurement_completed_at": {
        "monotonic_s": 180476.444168,
        "wall_utc": "2026-08-26T11:01:07.937Z"
      },
      "observed": "official cancel callback and CANCELED terminal state observed",
      "outcome_class": "EXPLICIT_CANCEL_WORKS",
      "path": [
        "HorusLink client",
        "horus_unity_bridge",
        "ROS goal/cancel topic",
        "horus_backend Nav2ActionAdapter",
        "dummy NavigateToPose action server"
      ],
      "revision": "eca75cbf559f09ff793d8993338b2f1ffed1adfd",
      "runtime_label": "fixed-unmodified",
      "setup": {
        "catalog_event": {
          "payload": {
            "event": "snapshot",
            "lease_ttl_ms": 1200,
            "lease_version": 30,
            "leases": [],
            "session_id": "horus-long-action-probe"
          },
          "received_at": {
            "monotonic_s": 180474.29036,
            "wall_utc": "2026-08-26T11:01:05.784Z"
          }
        },
        "fresh_trial_state_verified": true,
        "goal_accepted_at": {
          "monotonic_s": 180474.367447,
          "wall_utc": "2026-08-26T11:01:05.861Z"
        },
        "goal_id": "87976c7856f3cf42aba1d541d8cd7b54",
        "goal_marker_x": 10.04,
        "goal_publish_sent_at": {
          "monotonic_s": 180474.340184,
          "wall_utc": "2026-08-26T11:01:05.833Z"
        },
        "lease_acquire_event": {
          "payload": {
            "event": "lease_granted",
            "holder_app_id": "long-probe-A",
            "lease_ttl_ms": 1200,
            "lease_version": 31,
            "leases": [
              {
                "acquired_at_ms": 180474330,
                "holder_app_id": "long-probe-A",
                "holder_role": "operator",
                "last_heartbeat_ms": 180474330,
                "lease_version": 31,
                "panel_open": true,
                "robot_name": "robot1",
                "session_id": "A1_EXPLICIT_CANCEL-T04-session-A",
                "task_active": true,
                "task_kind": "navigation",
                "teleop_active": true
              }
            ],
            "request_id": "A1_EXPLICIT_CANCEL-T04-A-acquire",
            "robot_name": "robot1",
            "session_id": "A1_EXPLICIT_CANCEL-T04-session-A"
          },
          "received_at": {
            "monotonic_s": 180474.330698,
            "wall_utc": "2026-08-26T11:01:05.824Z"
          }
        },
        "lease_holder": "A",
        "lease_state_after_acquire": [
          {
            "acquired_at_ms": 180474330,
            "holder_app_id": "long-probe-A",
            "holder_role": "operator",
            "last_heartbeat_ms": 180474330,
            "lease_version": 31,
            "panel_open": true,
            "robot_name": "robot1",
            "session_id": "A1_EXPLICIT_CANCEL-T04-session-A",
            "task_active": true,
            "task_kind": "navigation",
            "teleop_active": true
          }
        ]
      },
      "started_at": {
        "monotonic_s": 180474.286697,
        "wall_utc": "2026-08-26T11:01:05.780Z"
      },
      "test_id": "A1_EXPLICIT_CANCEL",
      "trial_complete": true,
      "trial_id": "A1_EXPLICIT_CANCEL-T04",
      "trial_number": 4,
      "verdict": "PASS"
    },
    {
      "cancel_callback_at": {
        "monotonic_s": 180478.581367,
        "wall_utc": "2026-08-26T11:01:10.075Z"
      },
      "cancel_callback_latency_s": 0.001403,
      "cancel_goal_ids": [
        "6f0632495a4af95e044ea9c6d3e7108a"
      ],
      "cancel_request_count_at_measurement_end": 1,
      "cancel_sent_at": {
        "monotonic_s": 180478.579964,
        "wall_utc": "2026-08-26T11:01:10.073Z"
      },
      "cancel_to_terminal_latency_s": 0.016013,
      "cleanup": {
        "active_goal_ids_after_cleanup": [],
        "clean": true,
        "completed_at": {
          "monotonic_s": 180478.685723,
          "wall_utc": "2026-08-26T11:01:10.179Z"
        },
        "forced_goal_ids": [],
        "release_or_close_errors": [],
        "started_at": {
          "monotonic_s": 180478.605462,
          "wall_utc": "2026-08-26T11:01:10.099Z"
        },
        "terminal_wait_errors": []
      },
      "concurrency_events": [
        {
          "active_goal_count": 1,
          "active_goal_ids": [
            "6f0632495a4af95e044ea9c6d3e7108a"
          ],
          "at": {
            "monotonic_s": 180476.579929,
            "wall_utc": "2026-08-26T11:01:08.073Z"
          },
          "reason": "goal_accepted"
        },
        {
          "active_goal_count": 1,
          "active_goal_ids": [
            "6f0632495a4af95e044ea9c6d3e7108a"
          ],
          "at": {
            "monotonic_s": 180476.580423,
            "wall_utc": "2026-08-26T11:01:08.074Z"
          },
          "reason": "execute_started"
        },
        {
          "active_goal_count": 1,
          "active_goal_ids": [
            "6f0632495a4af95e044ea9c6d3e7108a"
          ],
          "at": {
            "monotonic_s": 180478.581392,
            "wall_utc": "2026-08-26T11:01:10.075Z"
          },
          "reason": "cancel_callback"
        },
        {
          "active_goal_count": 0,
          "active_goal_ids": [],
          "at": {
            "monotonic_s": 180478.596021,
            "wall_utc": "2026-08-26T11:01:10.089Z"
          },
          "reason": "goal_terminal"
        }
      ],
      "evidence_fields": {
        "active_goal_count_at_observation_end": 0,
        "b_goal_id": null,
        "b_goal_status_at_observation_end": "NOT_APPLICABLE",
        "cancel_goal_ids": [
          "6f0632495a4af95e044ea9c6d3e7108a"
        ],
        "cancel_request_times": [
          {
            "monotonic_s": 180478.581367,
            "wall_utc": "2026-08-26T11:01:10.075Z"
          }
        ],
        "cleanup_clean": true,
        "expected": "official HORUS cancel topic reaches Nav2 adapter; server cancel callback fires and goal terminates CANCELED",
        "feedback_count_at_observation_end": 8,
        "first_feedback_time": {
          "monotonic_s": 180476.580744,
          "wall_utc": "2026-08-26T11:01:08.074Z"
        },
        "goal_accepted_time": {
          "monotonic_s": 180476.579888,
          "wall_utc": "2026-08-26T11:01:08.073Z"
        },
        "goal_id": "6f0632495a4af95e044ea9c6d3e7108a",
        "goal_state_at_observation_end": "CANCELED",
        "goal_terminal_state": "CANCELED",
        "last_feedback_time_at_observation_end": {
          "monotonic_s": 180478.555779,
          "wall_utc": "2026-08-26T11:01:10.049Z"
        },
        "last_simulated_progress_m_at_observation_end": 0.197511,
        "lease_holder": "A",
        "max_simultaneous_active_goals": 1,
        "observed": "official cancel callback and CANCELED terminal state observed",
        "post_revocation_duration_s": null,
        "revision": "eca75cbf559f09ff793d8993338b2f1ffed1adfd",
        "revocation_time": null,
        "simulated_additional_distance_m": null,
        "terminal_time": {
          "monotonic_s": 180478.595977,
          "wall_utc": "2026-08-26T11:01:10.089Z"
        },
        "test_id": "A1_EXPLICIT_CANCEL",
        "trial_id": "A1_EXPLICIT_CANCEL-T05",
        "verdict": "PASS"
      },
      "expected": "official HORUS cancel topic reaches Nav2 adapter; server cancel callback fires and goal terminates CANCELED",
      "final_goal_state": "CANCELED",
      "goal_records_at_measurement_end": {
        "6f0632495a4af95e044ea9c6d3e7108a": {
          "accepted_at": {
            "monotonic_s": 180476.579888,
            "wall_utc": "2026-08-26T11:01:08.073Z"
          },
          "active_duration_s": 2.015586,
          "cancel_callbacks": [
            {
              "callback_at": {
                "monotonic_s": 180478.581367,
                "wall_utc": "2026-08-26T11:01:10.075Z"
              },
              "cancel_goal_id": "6f0632495a4af95e044ea9c6d3e7108a"
            }
          ],
          "execute_started_at": {
            "monotonic_s": 180476.580391,
            "wall_utc": "2026-08-26T11:01:08.074Z"
          },
          "feedback_count": 8,
          "feedback_errors": [],
          "first_feedback_at": {
            "monotonic_s": 180476.580744,
            "wall_utc": "2026-08-26T11:01:08.074Z"
          },
          "goal_id": "6f0632495a4af95e044ea9c6d3e7108a",
          "last_feedback_at": {
            "monotonic_s": 180478.555779,
            "wall_utc": "2026-08-26T11:01:10.049Z"
          },
          "last_feedback_navigation_s": 1.975112,
          "last_feedback_simulated_progress_m": 0.197511,
          "simulated_distance_at_terminal_m": 0.201559,
          "state": "CANCELED",
          "state_history": [
            {
              "at": {
                "monotonic_s": 180476.579888,
                "wall_utc": "2026-08-26T11:01:08.073Z"
              },
              "state": "ACCEPTED"
            },
            {
              "at": {
                "monotonic_s": 180476.580391,
                "wall_utc": "2026-08-26T11:01:08.074Z"
              },
              "state": "EXECUTING"
            },
            {
              "at": {
                "monotonic_s": 180478.581367,
                "wall_utc": "2026-08-26T11:01:10.075Z"
              },
              "state": "CANCEL_REQUEST_ACCEPTED"
            },
            {
              "at": {
                "monotonic_s": 180478.595977,
                "wall_utc": "2026-08-26T11:01:10.089Z"
              },
              "reason": "action_server_observed_cancel_request",
              "state": "CANCELED"
            }
          ],
          "target_marker_x": 10.05,
          "terminal_at": {
            "monotonic_s": 180478.595977,
            "wall_utc": "2026-08-26T11:01:10.089Z"
          },
          "terminal_reason": "action_server_observed_cancel_request",
          "test_cleanup_requested_at": null
        }
      },
      "goal_records_final": {
        "6f0632495a4af95e044ea9c6d3e7108a": {
          "accepted_at": {
            "monotonic_s": 180476.579888,
            "wall_utc": "2026-08-26T11:01:08.073Z"
          },
          "active_duration_s": 2.015586,
          "cancel_callbacks": [
            {
              "callback_at": {
                "monotonic_s": 180478.581367,
                "wall_utc": "2026-08-26T11:01:10.075Z"
              },
              "cancel_goal_id": "6f0632495a4af95e044ea9c6d3e7108a"
            }
          ],
          "execute_started_at": {
            "monotonic_s": 180476.580391,
            "wall_utc": "2026-08-26T11:01:08.074Z"
          },
          "feedback_count": 8,
          "feedback_errors": [],
          "first_feedback_at": {
            "monotonic_s": 180476.580744,
            "wall_utc": "2026-08-26T11:01:08.074Z"
          },
          "goal_id": "6f0632495a4af95e044ea9c6d3e7108a",
          "last_feedback_at": {
            "monotonic_s": 180478.555779,
            "wall_utc": "2026-08-26T11:01:10.049Z"
          },
          "last_feedback_navigation_s": 1.975112,
          "last_feedback_simulated_progress_m": 0.197511,
          "simulated_distance_at_terminal_m": 0.201559,
          "state": "CANCELED",
          "state_history": [
            {
              "at": {
                "monotonic_s": 180476.579888,
                "wall_utc": "2026-08-26T11:01:08.073Z"
              },
              "state": "ACCEPTED"
            },
            {
              "at": {
                "monotonic_s": 180476.580391,
                "wall_utc": "2026-08-26T11:01:08.074Z"
              },
              "state": "EXECUTING"
            },
            {
              "at": {
                "monotonic_s": 180478.581367,
                "wall_utc": "2026-08-26T11:01:10.075Z"
              },
              "state": "CANCEL_REQUEST_ACCEPTED"
            },
            {
              "at": {
                "monotonic_s": 180478.595977,
                "wall_utc": "2026-08-26T11:01:10.089Z"
              },
              "reason": "action_server_observed_cancel_request",
              "state": "CANCELED"
            }
          ],
          "target_marker_x": 10.05,
          "terminal_at": {
            "monotonic_s": 180478.595977,
            "wall_utc": "2026-08-26T11:01:10.089Z"
          },
          "terminal_reason": "action_server_observed_cancel_request",
          "test_cleanup_requested_at": null
        }
      },
      "goal_terminal_at": {
        "monotonic_s": 180478.595977,
        "wall_utc": "2026-08-26T11:01:10.089Z"
      },
      "heartbeat_counts": {
        "A": 9,
        "B": 0
      },
      "lease_holder": "A",
      "max_simultaneous_active_goals": 1,
      "measurement_completed_at": {
        "monotonic_s": 180478.605445,
        "wall_utc": "2026-08-26T11:01:10.099Z"
      },
      "observed": "official cancel callback and CANCELED terminal state observed",
      "outcome_class": "EXPLICIT_CANCEL_WORKS",
      "path": [
        "HorusLink client",
        "horus_unity_bridge",
        "ROS goal/cancel topic",
        "horus_backend Nav2ActionAdapter",
        "dummy NavigateToPose action server"
      ],
      "revision": "eca75cbf559f09ff793d8993338b2f1ffed1adfd",
      "runtime_label": "fixed-unmodified",
      "setup": {
        "catalog_event": {
          "payload": {
            "event": "snapshot",
            "lease_ttl_ms": 1200,
            "lease_version": 40,
            "leases": [],
            "session_id": "horus-long-action-probe"
          },
          "received_at": {
            "monotonic_s": 180476.528488,
            "wall_utc": "2026-08-26T11:01:08.022Z"
          }
        },
        "fresh_trial_state_verified": true,
        "goal_accepted_at": {
          "monotonic_s": 180476.579888,
          "wall_utc": "2026-08-26T11:01:08.073Z"
        },
        "goal_id": "6f0632495a4af95e044ea9c6d3e7108a",
        "goal_marker_x": 10.05,
        "goal_publish_sent_at": {
          "monotonic_s": 180476.578471,
          "wall_utc": "2026-08-26T11:01:08.072Z"
        },
        "lease_acquire_event": {
          "payload": {
            "event": "lease_granted",
            "holder_app_id": "long-probe-A",
            "lease_ttl_ms": 1200,
            "lease_version": 41,
            "leases": [
              {
                "acquired_at_ms": 180476569,
                "holder_app_id": "long-probe-A",
                "holder_role": "operator",
                "last_heartbeat_ms": 180476569,
                "lease_version": 41,
                "panel_open": true,
                "robot_name": "robot1",
                "session_id": "A1_EXPLICIT_CANCEL-T05-session-A",
                "task_active": true,
                "task_kind": "navigation",
                "teleop_active": true
              }
            ],
            "request_id": "A1_EXPLICIT_CANCEL-T05-A-acquire",
            "robot_name": "robot1",
            "session_id": "A1_EXPLICIT_CANCEL-T05-session-A"
          },
          "received_at": {
            "monotonic_s": 180476.569674,
            "wall_utc": "2026-08-26T11:01:08.063Z"
          }
        },
        "lease_holder": "A",
        "lease_state_after_acquire": [
          {
            "acquired_at_ms": 180476569,
            "holder_app_id": "long-probe-A",
            "holder_role": "operator",
            "last_heartbeat_ms": 180476569,
            "lease_version": 41,
            "panel_open": true,
            "robot_name": "robot1",
            "session_id": "A1_EXPLICIT_CANCEL-T05-session-A",
            "task_active": true,
            "task_kind": "navigation",
            "teleop_active": true
          }
        ]
      },
      "started_at": {
        "monotonic_s": 180476.526238,
        "wall_utc": "2026-08-26T11:01:08.019Z"
      },
      "test_id": "A1_EXPLICIT_CANCEL",
      "trial_complete": true,
      "trial_id": "A1_EXPLICIT_CANCEL-T05",
      "trial_number": 5,
      "verdict": "PASS"
    },
    {
      "cancel_callback_latency_from_lease_state_observation_s": null,
      "cancel_callback_latency_from_revocation_initiation_s": null,
      "cancel_goal_ids": [],
      "cancel_request_count": 0,
      "cancel_request_count_at_measurement_end": 0,
      "checkpoints": [
        {
          "active_goal_count": 1,
          "active_goal_ids": [
            "70f2ef94508e5d3a0fe5cd4aef7c3d86"
          ],
          "goals": {
            "70f2ef94508e5d3a0fe5cd4aef7c3d86": {
              "cancel_request_count": 0,
              "feedback_count": 9,
              "goal_id": "70f2ef94508e5d3a0fe5cd4aef7c3d86",
              "last_feedback_navigation_s": 2.257637,
              "last_feedback_simulated_progress_m": 0.225764,
              "state": "EXECUTING",
              "target_marker_x": 20.01,
              "terminal_at": null
            }
          },
          "lease_state": {
            "event": "lease_released",
            "holder_app_id": "long-probe-A",
            "lease_ttl_ms": 1200,
            "lease_version": 59,
            "leases": [],
            "request_id": "R1_RELEASE-T01-release",
            "robot_name": "robot1",
            "session_id": "R1_RELEASE-T01-session-A"
          },
          "observed_at": {
            "monotonic_s": 180481.24707,
            "wall_utc": "2026-08-26T11:01:12.740Z"
          },
          "observed_offset_s": 0.500072,
          "scheduled_offset_s": 0.5
        },
        {
          "active_goal_count": 1,
          "active_goal_ids": [
            "70f2ef94508e5d3a0fe5cd4aef7c3d86"
          ],
          "goals": {
            "70f2ef94508e5d3a0fe5cd4aef7c3d86": {
              "cancel_request_count": 0,
              "feedback_count": 11,
              "goal_id": "70f2ef94508e5d3a0fe5cd4aef7c3d86",
              "last_feedback_navigation_s": 2.821181,
              "last_feedback_simulated_progress_m": 0.282118,
              "state": "EXECUTING",
              "target_marker_x": 20.01,
              "terminal_at": null
            }
          },
          "lease_state": {
            "event": "lease_released",
            "holder_app_id": "long-probe-A",
            "lease_ttl_ms": 1200,
            "lease_version": 59,
            "leases": [],
            "request_id": "R1_RELEASE-T01-release",
            "robot_name": "robot1",
            "session_id": "R1_RELEASE-T01-session-A"
          },
          "observed_at": {
            "monotonic_s": 180481.74707,
            "wall_utc": "2026-08-26T11:01:13.240Z"
          },
          "observed_offset_s": 1.000072,
          "scheduled_offset_s": 1.0
        },
        {
          "active_goal_count": 1,
          "active_goal_ids": [
            "70f2ef94508e5d3a0fe5cd4aef7c3d86"
          ],
          "goals": {
            "70f2ef94508e5d3a0fe5cd4aef7c3d86": {
              "cancel_request_count": 0,
              "feedback_count": 18,
              "goal_id": "70f2ef94508e5d3a0fe5cd4aef7c3d86",
              "last_feedback_navigation_s": 4.795572,
              "last_feedback_simulated_progress_m": 0.479557,
              "state": "EXECUTING",
              "target_marker_x": 20.01,
              "terminal_at": null
            }
          },
          "lease_state": {
            "event": "lease_released",
            "holder_app_id": "long-probe-A",
            "lease_ttl_ms": 1200,
            "lease_version": 59,
            "leases": [],
            "request_id": "R1_RELEASE-T01-release",
            "robot_name": "robot1",
            "session_id": "R1_RELEASE-T01-session-A"
          },
          "observed_at": {
            "monotonic_s": 180483.747066,
            "wall_utc": "2026-08-26T11:01:15.240Z"
          },
          "observed_offset_s": 3.000068,
          "scheduled_offset_s": 3.0
        },
        {
          "active_goal_count": 1,
          "active_goal_ids": [
            "70f2ef94508e5d3a0fe5cd4aef7c3d86"
          ],
          "goals": {
            "70f2ef94508e5d3a0fe5cd4aef7c3d86": {
              "cancel_request_count": 0,
              "feedback_count": 25,
              "goal_id": "70f2ef94508e5d3a0fe5cd4aef7c3d86",
              "last_feedback_navigation_s": 6.768249,
              "last_feedback_simulated_progress_m": 0.676825,
              "state": "EXECUTING",
              "target_marker_x": 20.01,
              "terminal_at": null
            }
          },
          "lease_state": {
            "event": "lease_released",
            "holder_app_id": "long-probe-A",
            "lease_ttl_ms": 1200,
            "lease_version": 59,
            "leases": [],
            "request_id": "R1_RELEASE-T01-release",
            "robot_name": "robot1",
            "session_id": "R1_RELEASE-T01-session-A"
          },
          "observed_at": {
            "monotonic_s": 180485.747078,
            "wall_utc": "2026-08-26T11:01:17.240Z"
          },
          "observed_offset_s": 5.00008,
          "scheduled_offset_s": 5.0
        },
        {
          "active_goal_count": 1,
          "active_goal_ids": [
            "70f2ef94508e5d3a0fe5cd4aef7c3d86"
          ],
          "goals": {
            "70f2ef94508e5d3a0fe5cd4aef7c3d86": {
              "cancel_request_count": 0,
              "feedback_count": 43,
              "goal_id": "70f2ef94508e5d3a0fe5cd4aef7c3d86",
              "last_feedback_navigation_s": 11.859288,
              "last_feedback_simulated_progress_m": 1.185929,
              "state": "EXECUTING",
              "target_marker_x": 20.01,
              "terminal_at": null
            }
          },
          "lease_state": {
            "event": "lease_released",
            "holder_app_id": "long-probe-A",
            "lease_ttl_ms": 1200,
            "lease_version": 59,
            "leases": [],
            "request_id": "R1_RELEASE-T01-release",
            "robot_name": "robot1",
            "session_id": "R1_RELEASE-T01-session-A"
          },
          "observed_at": {
            "monotonic_s": 180490.747086,
            "wall_utc": "2026-08-26T11:01:22.240Z"
          },
          "observed_offset_s": 10.000088,
          "scheduled_offset_s": 10.0
        }
      ],
      "cleanup": {
        "active_goal_ids_after_cleanup": [],
        "clean": true,
        "completed_at": {
          "monotonic_s": 180490.855167,
          "wall_utc": "2026-08-26T11:01:22.348Z"
        },
        "forced_goal_ids": [
          "70f2ef94508e5d3a0fe5cd4aef7c3d86"
        ],
        "release_or_close_errors": [],
        "started_at": {
          "monotonic_s": 180490.747355,
          "wall_utc": "2026-08-26T11:01:22.241Z"
        },
        "terminal_wait_errors": []
      },
      "concurrency_events": [
        {
          "active_goal_count": 1,
          "active_goal_ids": [
            "70f2ef94508e5d3a0fe5cd4aef7c3d86"
          ],
          "at": {
            "monotonic_s": 180478.746219,
            "wall_utc": "2026-08-26T11:01:10.239Z"
          },
          "reason": "goal_accepted"
        },
        {
          "active_goal_count": 1,
          "active_goal_ids": [
            "70f2ef94508e5d3a0fe5cd4aef7c3d86"
          ],
          "at": {
            "monotonic_s": 180478.746541,
            "wall_utc": "2026-08-26T11:01:10.240Z"
          },
          "reason": "execute_started"
        }
      ],
      "distance_model": "constant 0.1 m/s; not physical motion",
      "duration_basis": "active_at_observation_end_lower_bound",
      "duration_is_right_censored_lower_bound": true,
      "evidence_fields": {
        "active_goal_count_at_observation_end": 1,
        "b_goal_id": null,
        "b_goal_status_at_observation_end": "NOT_APPLICABLE",
        "cancel_goal_ids": [],
        "cancel_request_times": [],
        "cleanup_clean": true,
        "expected": "A lease release is observed; measure whether the accepted goal is canceled or remains active",
        "feedback_count_at_observation_end": 43,
        "first_feedback_time": {
          "monotonic_s": 180478.746668,
          "wall_utc": "2026-08-26T11:01:10.240Z"
        },
        "goal_accepted_time": {
          "monotonic_s": 180478.746191,
          "wall_utc": "2026-08-26T11:01:10.239Z"
        },
        "goal_id": "70f2ef94508e5d3a0fe5cd4aef7c3d86",
        "goal_state_at_observation_end": "EXECUTING",
        "goal_terminal_state": "ABORTED_BY_TEST_CLEANUP",
        "last_feedback_time_at_observation_end": {
          "monotonic_s": 180490.606125,
          "wall_utc": "2026-08-26T11:01:22.099Z"
        },
        "last_simulated_progress_m_at_observation_end": 1.185929,
        "lease_holder": "A",
        "max_simultaneous_active_goals": 1,
        "observed": "GOAL_CONTINUED_THROUGH_OBSERVATION",
        "post_revocation_duration_s": 10.000088,
        "revision": "eca75cbf559f09ff793d8993338b2f1ffed1adfd",
        "revocation_time": {
          "monotonic_s": 180480.746998,
          "wall_utc": "2026-08-26T11:01:12.240Z"
        },
        "simulated_additional_distance_m": 1.000009,
        "terminal_time": {
          "monotonic_s": 180490.747724,
          "wall_utc": "2026-08-26T11:01:22.241Z"
        },
        "test_id": "R1_RELEASE",
        "trial_id": "R1_RELEASE-T01",
        "verdict": "MEASURED"
      },
      "expected": "A lease release is observed; measure whether the accepted goal is canceled or remains active",
      "first_cancel_callback_at": null,
      "goal_records_at_measurement_end": {
        "70f2ef94508e5d3a0fe5cd4aef7c3d86": {
          "accepted_at": {
            "monotonic_s": 180478.746191,
            "wall_utc": "2026-08-26T11:01:10.239Z"
          },
          "cancel_callbacks": [],
          "execute_started_at": {
            "monotonic_s": 180478.746527,
            "wall_utc": "2026-08-26T11:01:10.240Z"
          },
          "feedback_count": 43,
          "feedback_errors": [],
          "first_feedback_at": {
            "monotonic_s": 180478.746668,
            "wall_utc": "2026-08-26T11:01:10.240Z"
          },
          "goal_id": "70f2ef94508e5d3a0fe5cd4aef7c3d86",
          "last_feedback_at": {
            "monotonic_s": 180490.606125,
            "wall_utc": "2026-08-26T11:01:22.099Z"
          },
          "last_feedback_navigation_s": 11.859288,
          "last_feedback_simulated_progress_m": 1.185929,
          "state": "EXECUTING",
          "state_history": [
            {
              "at": {
                "monotonic_s": 180478.746191,
                "wall_utc": "2026-08-26T11:01:10.239Z"
              },
              "state": "ACCEPTED"
            },
            {
              "at": {
                "monotonic_s": 180478.746527,
                "wall_utc": "2026-08-26T11:01:10.240Z"
              },
              "state": "EXECUTING"
            }
          ],
          "target_marker_x": 20.01,
          "terminal_at": null,
          "terminal_reason": null,
          "test_cleanup_requested_at": null
        }
      },
      "goal_records_final": {
        "70f2ef94508e5d3a0fe5cd4aef7c3d86": {
          "accepted_at": {
            "monotonic_s": 180478.746191,
            "wall_utc": "2026-08-26T11:01:10.239Z"
          },
          "active_duration_s": 12.001197,
          "cancel_callbacks": [],
          "execute_started_at": {
            "monotonic_s": 180478.746527,
            "wall_utc": "2026-08-26T11:01:10.240Z"
          },
          "feedback_count": 43,
          "feedback_errors": [],
          "first_feedback_at": {
            "monotonic_s": 180478.746668,
            "wall_utc": "2026-08-26T11:01:10.240Z"
          },
          "goal_id": "70f2ef94508e5d3a0fe5cd4aef7c3d86",
          "last_feedback_at": {
            "monotonic_s": 180490.606125,
            "wall_utc": "2026-08-26T11:01:22.099Z"
          },
          "last_feedback_navigation_s": 11.859288,
          "last_feedback_simulated_progress_m": 1.185929,
          "simulated_distance_at_terminal_m": 1.20012,
          "state": "ABORTED_BY_TEST_CLEANUP",
          "state_history": [
            {
              "at": {
                "monotonic_s": 180478.746191,
                "wall_utc": "2026-08-26T11:01:10.239Z"
              },
              "state": "ACCEPTED"
            },
            {
              "at": {
                "monotonic_s": 180478.746527,
                "wall_utc": "2026-08-26T11:01:10.240Z"
              },
              "state": "EXECUTING"
            },
            {
              "at": {
                "monotonic_s": 180490.747724,
                "wall_utc": "2026-08-26T11:01:22.241Z"
              },
              "reason": "forced_cleanup_after_measurement",
              "state": "ABORTED_BY_TEST_CLEANUP"
            }
          ],
          "target_marker_x": 20.01,
          "terminal_at": {
            "monotonic_s": 180490.747724,
            "wall_utc": "2026-08-26T11:01:22.241Z"
          },
          "terminal_reason": "forced_cleanup_after_measurement",
          "test_cleanup_requested_at": {
            "monotonic_s": 180490.747363,
            "wall_utc": "2026-08-26T11:01:22.241Z"
          }
        }
      },
      "goal_state_at_observation_end": "EXECUTING",
      "heartbeat_counts": {
        "A": 8,
        "B": 0
      },
      "lease_holder": "A",
      "lease_state_after_revocation": [],
      "max_simultaneous_active_goals": 1,
      "measurement_completed_at": {
        "monotonic_s": 180490.747344,
        "wall_utc": "2026-08-26T11:01:22.241Z"
      },
      "observed": "GOAL_CONTINUED_THROUGH_OBSERVATION",
      "outcome_class": "GOAL_CONTINUED_THROUGH_OBSERVATION",
      "path": [
        "HorusLink client",
        "horus_unity_bridge",
        "ROS goal/cancel topic",
        "horus_backend Nav2ActionAdapter",
        "dummy NavigateToPose action server"
      ],
      "post_revocation_active_duration_s": 10.000088,
      "revision": "eca75cbf559f09ff793d8993338b2f1ffed1adfd",
      "revocation_event": {
        "payload": {
          "event": "lease_released",
          "holder_app_id": "long-probe-A",
          "lease_ttl_ms": 1200,
          "lease_version": 59,
          "leases": [],
          "request_id": "R1_RELEASE-T01-release",
          "robot_name": "robot1",
          "session_id": "R1_RELEASE-T01-session-A"
        },
        "received_at": {
          "monotonic_s": 180480.746998,
          "wall_utc": "2026-08-26T11:01:12.240Z"
        }
      },
      "revocation_event_timestamp": {
        "monotonic_s": 180480.746998,
        "wall_utc": "2026-08-26T11:01:12.240Z"
      },
      "revocation_initiated_at": {
        "monotonic_s": 180480.746294,
        "wall_utc": "2026-08-26T11:01:12.239Z"
      },
      "runtime_label": "fixed-unmodified",
      "setup": {
        "catalog_event": {
          "payload": {
            "event": "snapshot",
            "lease_ttl_ms": 1200,
            "lease_version": 50,
            "leases": [],
            "session_id": "horus-long-action-probe"
          },
          "received_at": {
            "monotonic_s": 180478.688836,
            "wall_utc": "2026-08-26T11:01:10.182Z"
          }
        },
        "fresh_trial_state_verified": true,
        "goal_accepted_at": {
          "monotonic_s": 180478.746191,
          "wall_utc": "2026-08-26T11:01:10.239Z"
        },
        "goal_id": "70f2ef94508e5d3a0fe5cd4aef7c3d86",
        "goal_marker_x": 20.01,
        "goal_publish_sent_at": {
          "monotonic_s": 180478.74145,
          "wall_utc": "2026-08-26T11:01:10.235Z"
        },
        "lease_acquire_event": {
          "payload": {
            "event": "lease_granted",
            "holder_app_id": "long-probe-A",
            "lease_ttl_ms": 1200,
            "lease_version": 51,
            "leases": [
              {
                "acquired_at_ms": 180478729,
                "holder_app_id": "long-probe-A",
                "holder_role": "operator",
                "last_heartbeat_ms": 180478729,
                "lease_version": 51,
                "panel_open": true,
                "robot_name": "robot1",
                "session_id": "R1_RELEASE-T01-session-A",
                "task_active": true,
                "task_kind": "navigation",
                "teleop_active": true
              }
            ],
            "request_id": "R1_RELEASE-T01-A-acquire",
            "robot_name": "robot1",
            "session_id": "R1_RELEASE-T01-session-A"
          },
          "received_at": {
            "monotonic_s": 180478.731239,
            "wall_utc": "2026-08-26T11:01:10.224Z"
          }
        },
        "lease_holder": "A",
        "lease_state_after_acquire": [
          {
            "acquired_at_ms": 180478729,
            "holder_app_id": "long-probe-A",
            "holder_role": "operator",
            "last_heartbeat_ms": 180478729,
            "lease_version": 51,
            "panel_open": true,
            "robot_name": "robot1",
            "session_id": "R1_RELEASE-T01-session-A",
            "task_active": true,
            "task_kind": "navigation",
            "teleop_active": true
          }
        ]
      },
      "simulated_additional_distance_m": 1.000009,
      "started_at": {
        "monotonic_s": 180478.685844,
        "wall_utc": "2026-08-26T11:01:10.179Z"
      },
      "test_id": "R1_RELEASE",
      "trial_complete": true,
      "trial_id": "R1_RELEASE-T01",
      "trial_number": 1,
      "verdict": "MEASURED"
    },
    {
      "cancel_callback_latency_from_lease_state_observation_s": null,
      "cancel_callback_latency_from_revocation_initiation_s": null,
      "cancel_goal_ids": [],
      "cancel_request_count": 0,
      "cancel_request_count_at_measurement_end": 0,
      "checkpoints": [
        {
          "active_goal_count": 1,
          "active_goal_ids": [
            "ddf09dae05946c93c5515877ee7cffe8"
          ],
          "goals": {
            "ddf09dae05946c93c5515877ee7cffe8": {
              "cancel_request_count": 0,
              "feedback_count": 9,
              "goal_id": "ddf09dae05946c93c5515877ee7cffe8",
              "last_feedback_navigation_s": 2.273602,
              "last_feedback_simulated_progress_m": 0.22736,
              "state": "EXECUTING",
              "target_marker_x": 20.02,
              "terminal_at": null
            }
          },
          "lease_state": {
            "event": "lease_released",
            "holder_app_id": "long-probe-A",
            "lease_ttl_ms": 1200,
            "lease_version": 68,
            "leases": [],
            "request_id": "R1_RELEASE-T02-release",
            "robot_name": "robot1",
            "session_id": "R1_RELEASE-T02-session-A"
          },
          "observed_at": {
            "monotonic_s": 180493.419591,
            "wall_utc": "2026-08-26T11:01:24.913Z"
          },
          "observed_offset_s": 0.500087,
          "scheduled_offset_s": 0.5
        },
        {
          "active_goal_count": 1,
          "active_goal_ids": [
            "ddf09dae05946c93c5515877ee7cffe8"
          ],
          "goals": {
            "ddf09dae05946c93c5515877ee7cffe8": {
              "cancel_request_count": 0,
              "feedback_count": 11,
              "goal_id": "ddf09dae05946c93c5515877ee7cffe8",
              "last_feedback_navigation_s": 2.837685,
              "last_feedback_simulated_progress_m": 0.283769,
              "state": "EXECUTING",
              "target_marker_x": 20.02,
              "terminal_at": null
            }
          },
          "lease_state": {
            "event": "lease_released",
            "holder_app_id": "long-probe-A",
            "lease_ttl_ms": 1200,
            "lease_version": 68,
            "leases": [],
            "request_id": "R1_RELEASE-T02-release",
            "robot_name": "robot1",
            "session_id": "R1_RELEASE-T02-session-A"
          },
          "observed_at": {
            "monotonic_s": 180493.919588,
            "wall_utc": "2026-08-26T11:01:25.413Z"
          },
          "observed_offset_s": 1.000084,
          "scheduled_offset_s": 1.0
        },
        {
          "active_goal_count": 1,
          "active_goal_ids": [
            "ddf09dae05946c93c5515877ee7cffe8"
          ],
          "goals": {
            "ddf09dae05946c93c5515877ee7cffe8": {
              "cancel_request_count": 0,
              "feedback_count": 18,
              "goal_id": "ddf09dae05946c93c5515877ee7cffe8",
              "last_feedback_navigation_s": 4.820434,
              "last_feedback_simulated_progress_m": 0.482043,
              "state": "EXECUTING",
              "target_marker_x": 20.02,
              "terminal_at": null
            }
          },
          "lease_state": {
            "event": "lease_released",
            "holder_app_id": "long-probe-A",
            "lease_ttl_ms": 1200,
            "lease_version": 68,
            "leases": [],
            "request_id": "R1_RELEASE-T02-release",
            "robot_name": "robot1",
            "session_id": "R1_RELEASE-T02-session-A"
          },
          "observed_at": {
            "monotonic_s": 180495.919573,
            "wall_utc": "2026-08-26T11:01:27.413Z"
          },
          "observed_offset_s": 3.000069,
          "scheduled_offset_s": 3.0
        },
        {
          "active_goal_count": 1,
          "active_goal_ids": [
            "ddf09dae05946c93c5515877ee7cffe8"
          ],
          "goals": {
            "ddf09dae05946c93c5515877ee7cffe8": {
              "cancel_request_count": 0,
              "feedback_count": 25,
              "goal_id": "ddf09dae05946c93c5515877ee7cffe8",
              "last_feedback_navigation_s": 6.801638,
              "last_feedback_simulated_progress_m": 0.680164,
              "state": "EXECUTING",
              "target_marker_x": 20.02,
              "terminal_at": null
            }
          },
          "lease_state": {
            "event": "lease_released",
            "holder_app_id": "long-probe-A",
            "lease_ttl_ms": 1200,
            "lease_version": 68,
            "leases": [],
            "request_id": "R1_RELEASE-T02-release",
            "robot_name": "robot1",
            "session_id": "R1_RELEASE-T02-session-A"
          },
          "observed_at": {
            "monotonic_s": 180497.921943,
            "wall_utc": "2026-08-26T11:01:29.415Z"
          },
          "observed_offset_s": 5.002439,
          "scheduled_offset_s": 5.0
        },
        {
          "active_goal_count": 1,
          "active_goal_ids": [
            "ddf09dae05946c93c5515877ee7cffe8"
          ],
          "goals": {
            "ddf09dae05946c93c5515877ee7cffe8": {
              "cancel_request_count": 0,
              "feedback_count": 43,
              "goal_id": "ddf09dae05946c93c5515877ee7cffe8",
              "last_feedback_navigation_s": 11.882955,
              "last_feedback_simulated_progress_m": 1.188295,
              "state": "EXECUTING",
              "target_marker_x": 20.02,
              "terminal_at": null
            }
          },
          "lease_state": {
            "event": "lease_released",
            "holder_app_id": "long-probe-A",
            "lease_ttl_ms": 1200,
            "lease_version": 68,
            "leases": [],
            "request_id": "R1_RELEASE-T02-release",
            "robot_name": "robot1",
            "session_id": "R1_RELEASE-T02-session-A"
          },
          "observed_at": {
            "monotonic_s": 180502.919584,
            "wall_utc": "2026-08-26T11:01:34.413Z"
          },
          "observed_offset_s": 10.00008,
          "scheduled_offset_s": 10.0
        }
      ],
      "cleanup": {
        "active_goal_ids_after_cleanup": [],
        "clean": true,
        "completed_at": {
          "monotonic_s": 180503.027521,
          "wall_utc": "2026-08-26T11:01:34.521Z"
        },
        "forced_goal_ids": [
          "ddf09dae05946c93c5515877ee7cffe8"
        ],
        "release_or_close_errors": [],
        "started_at": {
          "monotonic_s": 180502.919858,
          "wall_utc": "2026-08-26T11:01:34.413Z"
        },
        "terminal_wait_errors": []
      },
      "concurrency_events": [
        {
          "active_goal_count": 1,
          "active_goal_ids": [
            "ddf09dae05946c93c5515877ee7cffe8"
          ],
          "at": {
            "monotonic_s": 180490.909346,
            "wall_utc": "2026-08-26T11:01:22.403Z"
          },
          "reason": "goal_accepted"
        },
        {
          "active_goal_count": 1,
          "active_goal_ids": [
            "ddf09dae05946c93c5515877ee7cffe8"
          ],
          "at": {
            "monotonic_s": 180490.909763,
            "wall_utc": "2026-08-26T11:01:22.403Z"
          },
          "reason": "execute_started"
        }
      ],
      "distance_model": "constant 0.1 m/s; not physical motion",
      "duration_basis": "active_at_observation_end_lower_bound",
      "duration_is_right_censored_lower_bound": true,
      "evidence_fields": {
        "active_goal_count_at_observation_end": 1,
        "b_goal_id": null,
        "b_goal_status_at_observation_end": "NOT_APPLICABLE",
        "cancel_goal_ids": [],
        "cancel_request_times": [],
        "cleanup_clean": true,
        "expected": "A lease release is observed; measure whether the accepted goal is canceled or remains active",
        "feedback_count_at_observation_end": 43,
        "first_feedback_time": {
          "monotonic_s": 180490.909867,
          "wall_utc": "2026-08-26T11:01:22.403Z"
        },
        "goal_accepted_time": {
          "monotonic_s": 180490.909311,
          "wall_utc": "2026-08-26T11:01:22.402Z"
        },
        "goal_id": "ddf09dae05946c93c5515877ee7cffe8",
        "goal_state_at_observation_end": "EXECUTING",
        "goal_terminal_state": "ABORTED_BY_TEST_CLEANUP",
        "last_feedback_time_at_observation_end": {
          "monotonic_s": 180502.793092,
          "wall_utc": "2026-08-26T11:01:34.286Z"
        },
        "last_simulated_progress_m_at_observation_end": 1.188295,
        "lease_holder": "A",
        "max_simultaneous_active_goals": 1,
        "observed": "GOAL_CONTINUED_THROUGH_OBSERVATION",
        "post_revocation_duration_s": 10.00008,
        "revision": "eca75cbf559f09ff793d8993338b2f1ffed1adfd",
        "revocation_time": {
          "monotonic_s": 180492.919504,
          "wall_utc": "2026-08-26T11:01:24.413Z"
        },
        "simulated_additional_distance_m": 1.000008,
        "terminal_time": {
          "monotonic_s": 180502.920057,
          "wall_utc": "2026-08-26T11:01:34.413Z"
        },
        "test_id": "R1_RELEASE",
        "trial_id": "R1_RELEASE-T02",
        "verdict": "MEASURED"
      },
      "expected": "A lease release is observed; measure whether the accepted goal is canceled or remains active",
      "first_cancel_callback_at": null,
      "goal_records_at_measurement_end": {
        "ddf09dae05946c93c5515877ee7cffe8": {
          "accepted_at": {
            "monotonic_s": 180490.909311,
            "wall_utc": "2026-08-26T11:01:22.402Z"
          },
          "cancel_callbacks": [],
          "execute_started_at": {
            "monotonic_s": 180490.909751,
            "wall_utc": "2026-08-26T11:01:22.403Z"
          },
          "feedback_count": 43,
          "feedback_errors": [],
          "first_feedback_at": {
            "monotonic_s": 180490.909867,
            "wall_utc": "2026-08-26T11:01:22.403Z"
          },
          "goal_id": "ddf09dae05946c93c5515877ee7cffe8",
          "last_feedback_at": {
            "monotonic_s": 180502.793092,
            "wall_utc": "2026-08-26T11:01:34.286Z"
          },
          "last_feedback_navigation_s": 11.882955,
          "last_feedback_simulated_progress_m": 1.188295,
          "state": "EXECUTING",
          "state_history": [
            {
              "at": {
                "monotonic_s": 180490.909311,
                "wall_utc": "2026-08-26T11:01:22.402Z"
              },
              "state": "ACCEPTED"
            },
            {
              "at": {
                "monotonic_s": 180490.909751,
                "wall_utc": "2026-08-26T11:01:22.403Z"
              },
              "state": "EXECUTING"
            }
          ],
          "target_marker_x": 20.02,
          "terminal_at": null,
          "terminal_reason": null,
          "test_cleanup_requested_at": null
        }
      },
      "goal_records_final": {
        "ddf09dae05946c93c5515877ee7cffe8": {
          "accepted_at": {
            "monotonic_s": 180490.909311,
            "wall_utc": "2026-08-26T11:01:22.402Z"
          },
          "active_duration_s": 12.010306,
          "cancel_callbacks": [],
          "execute_started_at": {
            "monotonic_s": 180490.909751,
            "wall_utc": "2026-08-26T11:01:22.403Z"
          },
          "feedback_count": 43,
          "feedback_errors": [],
          "first_feedback_at": {
            "monotonic_s": 180490.909867,
            "wall_utc": "2026-08-26T11:01:22.403Z"
          },
          "goal_id": "ddf09dae05946c93c5515877ee7cffe8",
          "last_feedback_at": {
            "monotonic_s": 180502.793092,
            "wall_utc": "2026-08-26T11:01:34.286Z"
          },
          "last_feedback_navigation_s": 11.882955,
          "last_feedback_simulated_progress_m": 1.188295,
          "simulated_distance_at_terminal_m": 1.201031,
          "state": "ABORTED_BY_TEST_CLEANUP",
          "state_history": [
            {
              "at": {
                "monotonic_s": 180490.909311,
                "wall_utc": "2026-08-26T11:01:22.402Z"
              },
              "state": "ACCEPTED"
            },
            {
              "at": {
                "monotonic_s": 180490.909751,
                "wall_utc": "2026-08-26T11:01:22.403Z"
              },
              "state": "EXECUTING"
            },
            {
              "at": {
                "monotonic_s": 180502.920057,
                "wall_utc": "2026-08-26T11:01:34.413Z"
              },
              "reason": "forced_cleanup_after_measurement",
              "state": "ABORTED_BY_TEST_CLEANUP"
            }
          ],
          "target_marker_x": 20.02,
          "terminal_at": {
            "monotonic_s": 180502.920057,
            "wall_utc": "2026-08-26T11:01:34.413Z"
          },
          "terminal_reason": "forced_cleanup_after_measurement",
          "test_cleanup_requested_at": {
            "monotonic_s": 180502.919866,
            "wall_utc": "2026-08-26T11:01:34.413Z"
          }
        }
      },
      "goal_state_at_observation_end": "EXECUTING",
      "heartbeat_counts": {
        "A": 8,
        "B": 0
      },
      "lease_holder": "A",
      "lease_state_after_revocation": [],
      "max_simultaneous_active_goals": 1,
      "measurement_completed_at": {
        "monotonic_s": 180502.919849,
        "wall_utc": "2026-08-26T11:01:34.413Z"
      },
      "observed": "GOAL_CONTINUED_THROUGH_OBSERVATION",
      "outcome_class": "GOAL_CONTINUED_THROUGH_OBSERVATION",
      "path": [
        "HorusLink client",
        "horus_unity_bridge",
        "ROS goal/cancel topic",
        "horus_backend Nav2ActionAdapter",
        "dummy NavigateToPose action server"
      ],
      "post_revocation_active_duration_s": 10.00008,
      "revision": "eca75cbf559f09ff793d8993338b2f1ffed1adfd",
      "revocation_event": {
        "payload": {
          "event": "lease_released",
          "holder_app_id": "long-probe-A",
          "lease_ttl_ms": 1200,
          "lease_version": 68,
          "leases": [],
          "request_id": "R1_RELEASE-T02-release",
          "robot_name": "robot1",
          "session_id": "R1_RELEASE-T02-session-A"
        },
        "received_at": {
          "monotonic_s": 180492.919504,
          "wall_utc": "2026-08-26T11:01:24.413Z"
        }
      },
      "revocation_event_timestamp": {
        "monotonic_s": 180492.919504,
        "wall_utc": "2026-08-26T11:01:24.413Z"
      },
      "revocation_initiated_at": {
        "monotonic_s": 180492.909444,
        "wall_utc": "2026-08-26T11:01:24.403Z"
      },
      "runtime_label": "fixed-unmodified",
      "setup": {
        "catalog_event": {
          "payload": {
            "event": "snapshot",
            "lease_ttl_ms": 1200,
            "lease_version": 59,
            "leases": [],
            "session_id": "horus-long-action-probe"
          },
          "received_at": {
            "monotonic_s": 180490.857621,
            "wall_utc": "2026-08-26T11:01:22.351Z"
          }
        },
        "fresh_trial_state_verified": true,
        "goal_accepted_at": {
          "monotonic_s": 180490.909311,
          "wall_utc": "2026-08-26T11:01:22.402Z"
        },
        "goal_id": "ddf09dae05946c93c5515877ee7cffe8",
        "goal_marker_x": 20.02,
        "goal_publish_sent_at": {
          "monotonic_s": 180490.907595,
          "wall_utc": "2026-08-26T11:01:22.401Z"
        },
        "lease_acquire_event": {
          "payload": {
            "event": "lease_granted",
            "holder_app_id": "long-probe-A",
            "lease_ttl_ms": 1200,
            "lease_version": 60,
            "leases": [
              {
                "acquired_at_ms": 180490898,
                "holder_app_id": "long-probe-A",
                "holder_role": "operator",
                "last_heartbeat_ms": 180490898,
                "lease_version": 60,
                "panel_open": true,
                "robot_name": "robot1",
                "session_id": "R1_RELEASE-T02-session-A",
                "task_active": true,
                "task_kind": "navigation",
                "teleop_active": true
              }
            ],
            "request_id": "R1_RELEASE-T02-A-acquire",
            "robot_name": "robot1",
            "session_id": "R1_RELEASE-T02-session-A"
          },
          "received_at": {
            "monotonic_s": 180490.898735,
            "wall_utc": "2026-08-26T11:01:22.392Z"
          }
        },
        "lease_holder": "A",
        "lease_state_after_acquire": [
          {
            "acquired_at_ms": 180490898,
            "holder_app_id": "long-probe-A",
            "holder_role": "operator",
            "last_heartbeat_ms": 180490898,
            "lease_version": 60,
            "panel_open": true,
            "robot_name": "robot1",
            "session_id": "R1_RELEASE-T02-session-A",
            "task_active": true,
            "task_kind": "navigation",
            "teleop_active": true
          }
        ]
      },
      "simulated_additional_distance_m": 1.000008,
      "started_at": {
        "monotonic_s": 180490.855275,
        "wall_utc": "2026-08-26T11:01:22.348Z"
      },
      "test_id": "R1_RELEASE",
      "trial_complete": true,
      "trial_id": "R1_RELEASE-T02",
      "trial_number": 2,
      "verdict": "MEASURED"
    },
    {
      "cancel_callback_latency_from_lease_state_observation_s": null,
      "cancel_callback_latency_from_revocation_initiation_s": null,
      "cancel_goal_ids": [],
      "cancel_request_count": 0,
      "cancel_request_count_at_measurement_end": 0,
      "checkpoints": [
        {
          "active_goal_count": 1,
          "active_goal_ids": [
            "6dff5b65c9bfd00489140981c4f4387c"
          ],
          "goals": {
            "6dff5b65c9bfd00489140981c4f4387c": {
              "cancel_request_count": 0,
              "feedback_count": 9,
              "goal_id": "6dff5b65c9bfd00489140981c4f4387c",
              "last_feedback_navigation_s": 2.255117,
              "last_feedback_simulated_progress_m": 0.225512,
              "state": "EXECUTING",
              "target_marker_x": 20.03,
              "terminal_at": null
            }
          },
          "lease_state": {
            "event": "lease_released",
            "holder_app_id": "long-probe-A",
            "lease_ttl_ms": 1200,
            "lease_version": 77,
            "leases": [],
            "request_id": "R1_RELEASE-T03-release",
            "robot_name": "robot1",
            "session_id": "R1_RELEASE-T03-session-A"
          },
          "observed_at": {
            "monotonic_s": 180505.589795,
            "wall_utc": "2026-08-26T11:01:37.083Z"
          },
          "observed_offset_s": 0.500067,
          "scheduled_offset_s": 0.5
        },
        {
          "active_goal_count": 1,
          "active_goal_ids": [
            "6dff5b65c9bfd00489140981c4f4387c"
          ],
          "goals": {
            "6dff5b65c9bfd00489140981c4f4387c": {
              "cancel_request_count": 0,
              "feedback_count": 11,
              "goal_id": "6dff5b65c9bfd00489140981c4f4387c",
              "last_feedback_navigation_s": 2.825965,
              "last_feedback_simulated_progress_m": 0.282597,
              "state": "EXECUTING",
              "target_marker_x": 20.03,
              "terminal_at": null
            }
          },
          "lease_state": {
            "event": "lease_released",
            "holder_app_id": "long-probe-A",
            "lease_ttl_ms": 1200,
            "lease_version": 77,
            "leases": [],
            "request_id": "R1_RELEASE-T03-release",
            "robot_name": "robot1",
            "session_id": "R1_RELEASE-T03-session-A"
          },
          "observed_at": {
            "monotonic_s": 180506.08981,
            "wall_utc": "2026-08-26T11:01:37.583Z"
          },
          "observed_offset_s": 1.000082,
          "scheduled_offset_s": 1.0
        },
        {
          "active_goal_count": 1,
          "active_goal_ids": [
            "6dff5b65c9bfd00489140981c4f4387c"
          ],
          "goals": {
            "6dff5b65c9bfd00489140981c4f4387c": {
              "cancel_request_count": 0,
              "feedback_count": 18,
              "goal_id": "6dff5b65c9bfd00489140981c4f4387c",
              "last_feedback_navigation_s": 4.801677,
              "last_feedback_simulated_progress_m": 0.480168,
              "state": "EXECUTING",
              "target_marker_x": 20.03,
              "terminal_at": null
            }
          },
          "lease_state": {
            "event": "lease_released",
            "holder_app_id": "long-probe-A",
            "lease_ttl_ms": 1200,
            "lease_version": 77,
            "leases": [],
            "request_id": "R1_RELEASE-T03-release",
            "robot_name": "robot1",
            "session_id": "R1_RELEASE-T03-session-A"
          },
          "observed_at": {
            "monotonic_s": 180508.089799,
            "wall_utc": "2026-08-26T11:01:39.583Z"
          },
          "observed_offset_s": 3.000071,
          "scheduled_offset_s": 3.0
        },
        {
          "active_goal_count": 1,
          "active_goal_ids": [
            "6dff5b65c9bfd00489140981c4f4387c"
          ],
          "goals": {
            "6dff5b65c9bfd00489140981c4f4387c": {
              "cancel_request_count": 0,
              "feedback_count": 25,
              "goal_id": "6dff5b65c9bfd00489140981c4f4387c",
              "last_feedback_navigation_s": 6.774997,
              "last_feedback_simulated_progress_m": 0.6775,
              "state": "EXECUTING",
              "target_marker_x": 20.03,
              "terminal_at": null
            }
          },
          "lease_state": {
            "event": "lease_released",
            "holder_app_id": "long-probe-A",
            "lease_ttl_ms": 1200,
            "lease_version": 77,
            "leases": [],
            "request_id": "R1_RELEASE-T03-release",
            "robot_name": "robot1",
            "session_id": "R1_RELEASE-T03-session-A"
          },
          "observed_at": {
            "monotonic_s": 180510.089807,
            "wall_utc": "2026-08-26T11:01:41.583Z"
          },
          "observed_offset_s": 5.000079,
          "scheduled_offset_s": 5.0
        },
        {
          "active_goal_count": 1,
          "active_goal_ids": [
            "6dff5b65c9bfd00489140981c4f4387c"
          ],
          "goals": {
            "6dff5b65c9bfd00489140981c4f4387c": {
              "cancel_request_count": 0,
              "feedback_count": 43,
              "goal_id": "6dff5b65c9bfd00489140981c4f4387c",
              "last_feedback_navigation_s": 11.860478,
              "last_feedback_simulated_progress_m": 1.186048,
              "state": "EXECUTING",
              "target_marker_x": 20.03,
              "terminal_at": null
            }
          },
          "lease_state": {
            "event": "lease_released",
            "holder_app_id": "long-probe-A",
            "lease_ttl_ms": 1200,
            "lease_version": 77,
            "leases": [],
            "request_id": "R1_RELEASE-T03-release",
            "robot_name": "robot1",
            "session_id": "R1_RELEASE-T03-session-A"
          },
          "observed_at": {
            "monotonic_s": 180515.092024,
            "wall_utc": "2026-08-26T11:01:46.585Z"
          },
          "observed_offset_s": 10.002296,
          "scheduled_offset_s": 10.0
        }
      ],
      "cleanup": {
        "active_goal_ids_after_cleanup": [],
        "clean": true,
        "completed_at": {
          "monotonic_s": 180515.200151,
          "wall_utc": "2026-08-26T11:01:46.693Z"
        },
        "forced_goal_ids": [
          "6dff5b65c9bfd00489140981c4f4387c"
        ],
        "release_or_close_errors": [],
        "started_at": {
          "monotonic_s": 180515.092257,
          "wall_utc": "2026-08-26T11:01:46.585Z"
        },
        "terminal_wait_errors": []
      },
      "concurrency_events": [
        {
          "active_goal_count": 1,
          "active_goal_ids": [
            "6dff5b65c9bfd00489140981c4f4387c"
          ],
          "at": {
            "monotonic_s": 180503.089226,
            "wall_utc": "2026-08-26T11:01:34.582Z"
          },
          "reason": "goal_accepted"
        },
        {
          "active_goal_count": 1,
          "active_goal_ids": [
            "6dff5b65c9bfd00489140981c4f4387c"
          ],
          "at": {
            "monotonic_s": 180503.090401,
            "wall_utc": "2026-08-26T11:01:34.584Z"
          },
          "reason": "execute_started"
        }
      ],
      "distance_model": "constant 0.1 m/s; not physical motion",
      "duration_basis": "active_at_observation_end_lower_bound",
      "duration_is_right_censored_lower_bound": true,
      "evidence_fields": {
        "active_goal_count_at_observation_end": 1,
        "b_goal_id": null,
        "b_goal_status_at_observation_end": "NOT_APPLICABLE",
        "cancel_goal_ids": [],
        "cancel_request_times": [],
        "cleanup_clean": true,
        "expected": "A lease release is observed; measure whether the accepted goal is canceled or remains active",
        "feedback_count_at_observation_end": 43,
        "first_feedback_time": {
          "monotonic_s": 180503.090632,
          "wall_utc": "2026-08-26T11:01:34.584Z"
        },
        "goal_accepted_time": {
          "monotonic_s": 180503.089132,
          "wall_utc": "2026-08-26T11:01:34.582Z"
        },
        "goal_id": "6dff5b65c9bfd00489140981c4f4387c",
        "goal_state_at_observation_end": "EXECUTING",
        "goal_terminal_state": "ABORTED_BY_TEST_CLEANUP",
        "last_feedback_time_at_observation_end": {
          "monotonic_s": 180514.951047,
          "wall_utc": "2026-08-26T11:01:46.444Z"
        },
        "last_simulated_progress_m_at_observation_end": 1.186048,
        "lease_holder": "A",
        "max_simultaneous_active_goals": 1,
        "observed": "GOAL_CONTINUED_THROUGH_OBSERVATION",
        "post_revocation_duration_s": 10.002296,
        "revision": "eca75cbf559f09ff793d8993338b2f1ffed1adfd",
        "revocation_time": {
          "monotonic_s": 180505.089728,
          "wall_utc": "2026-08-26T11:01:36.583Z"
        },
        "simulated_additional_distance_m": 1.00023,
        "terminal_time": {
          "monotonic_s": 180515.092449,
          "wall_utc": "2026-08-26T11:01:46.586Z"
        },
        "test_id": "R1_RELEASE",
        "trial_id": "R1_RELEASE-T03",
        "verdict": "MEASURED"
      },
      "expected": "A lease release is observed; measure whether the accepted goal is canceled or remains active",
      "first_cancel_callback_at": null,
      "goal_records_at_measurement_end": {
        "6dff5b65c9bfd00489140981c4f4387c": {
          "accepted_at": {
            "monotonic_s": 180503.089132,
            "wall_utc": "2026-08-26T11:01:34.582Z"
          },
          "cancel_callbacks": [],
          "execute_started_at": {
            "monotonic_s": 180503.090367,
            "wall_utc": "2026-08-26T11:01:34.584Z"
          },
          "feedback_count": 43,
          "feedback_errors": [],
          "first_feedback_at": {
            "monotonic_s": 180503.090632,
            "wall_utc": "2026-08-26T11:01:34.584Z"
          },
          "goal_id": "6dff5b65c9bfd00489140981c4f4387c",
          "last_feedback_at": {
            "monotonic_s": 180514.951047,
            "wall_utc": "2026-08-26T11:01:46.444Z"
          },
          "last_feedback_navigation_s": 11.860478,
          "last_feedback_simulated_progress_m": 1.186048,
          "state": "EXECUTING",
          "state_history": [
            {
              "at": {
                "monotonic_s": 180503.089132,
                "wall_utc": "2026-08-26T11:01:34.582Z"
              },
              "state": "ACCEPTED"
            },
            {
              "at": {
                "monotonic_s": 180503.090367,
                "wall_utc": "2026-08-26T11:01:34.584Z"
              },
              "state": "EXECUTING"
            }
          ],
          "target_marker_x": 20.03,
          "terminal_at": null,
          "terminal_reason": null,
          "test_cleanup_requested_at": null
        }
      },
      "goal_records_final": {
        "6dff5b65c9bfd00489140981c4f4387c": {
          "accepted_at": {
            "monotonic_s": 180503.089132,
            "wall_utc": "2026-08-26T11:01:34.582Z"
          },
          "active_duration_s": 12.002082,
          "cancel_callbacks": [],
          "execute_started_at": {
            "monotonic_s": 180503.090367,
            "wall_utc": "2026-08-26T11:01:34.584Z"
          },
          "feedback_count": 43,
          "feedback_errors": [],
          "first_feedback_at": {
            "monotonic_s": 180503.090632,
            "wall_utc": "2026-08-26T11:01:34.584Z"
          },
          "goal_id": "6dff5b65c9bfd00489140981c4f4387c",
          "last_feedback_at": {
            "monotonic_s": 180514.951047,
            "wall_utc": "2026-08-26T11:01:46.444Z"
          },
          "last_feedback_navigation_s": 11.860478,
          "last_feedback_simulated_progress_m": 1.186048,
          "simulated_distance_at_terminal_m": 1.200208,
          "state": "ABORTED_BY_TEST_CLEANUP",
          "state_history": [
            {
              "at": {
                "monotonic_s": 180503.089132,
                "wall_utc": "2026-08-26T11:01:34.582Z"
              },
              "state": "ACCEPTED"
            },
            {
              "at": {
                "monotonic_s": 180503.090367,
                "wall_utc": "2026-08-26T11:01:34.584Z"
              },
              "state": "EXECUTING"
            },
            {
              "at": {
                "monotonic_s": 180515.092449,
                "wall_utc": "2026-08-26T11:01:46.586Z"
              },
              "reason": "forced_cleanup_after_measurement",
              "state": "ABORTED_BY_TEST_CLEANUP"
            }
          ],
          "target_marker_x": 20.03,
          "terminal_at": {
            "monotonic_s": 180515.092449,
            "wall_utc": "2026-08-26T11:01:46.586Z"
          },
          "terminal_reason": "forced_cleanup_after_measurement",
          "test_cleanup_requested_at": {
            "monotonic_s": 180515.092262,
            "wall_utc": "2026-08-26T11:01:46.585Z"
          }
        }
      },
      "goal_state_at_observation_end": "EXECUTING",
      "heartbeat_counts": {
        "A": 8,
        "B": 0
      },
      "lease_holder": "A",
      "lease_state_after_revocation": [],
      "max_simultaneous_active_goals": 1,
      "measurement_completed_at": {
        "monotonic_s": 180515.092251,
        "wall_utc": "2026-08-26T11:01:46.585Z"
      },
      "observed": "GOAL_CONTINUED_THROUGH_OBSERVATION",
      "outcome_class": "GOAL_CONTINUED_THROUGH_OBSERVATION",
      "path": [
        "HorusLink client",
        "horus_unity_bridge",
        "ROS goal/cancel topic",
        "horus_backend Nav2ActionAdapter",
        "dummy NavigateToPose action server"
      ],
      "post_revocation_active_duration_s": 10.002296,
      "revision": "eca75cbf559f09ff793d8993338b2f1ffed1adfd",
      "revocation_event": {
        "payload": {
          "event": "lease_released",
          "holder_app_id": "long-probe-A",
          "lease_ttl_ms": 1200,
          "lease_version": 77,
          "leases": [],
          "request_id": "R1_RELEASE-T03-release",
          "robot_name": "robot1",
          "session_id": "R1_RELEASE-T03-session-A"
        },
        "received_at": {
          "monotonic_s": 180505.089728,
          "wall_utc": "2026-08-26T11:01:36.583Z"
        }
      },
      "revocation_event_timestamp": {
        "monotonic_s": 180505.089728,
        "wall_utc": "2026-08-26T11:01:36.583Z"
      },
      "revocation_initiated_at": {
        "monotonic_s": 180505.089214,
        "wall_utc": "2026-08-26T11:01:36.582Z"
      },
      "runtime_label": "fixed-unmodified",
      "setup": {
        "catalog_event": {
          "payload": {
            "event": "snapshot",
            "lease_ttl_ms": 1200,
            "lease_version": 68,
            "leases": [],
            "session_id": "horus-long-action-probe"
          },
          "received_at": {
            "monotonic_s": 180503.029738,
            "wall_utc": "2026-08-26T11:01:34.523Z"
          }
        },
        "fresh_trial_state_verified": true,
        "goal_accepted_at": {
          "monotonic_s": 180503.089132,
          "wall_utc": "2026-08-26T11:01:34.582Z"
        },
        "goal_id": "6dff5b65c9bfd00489140981c4f4387c",
        "goal_marker_x": 20.03,
        "goal_publish_sent_at": {
          "monotonic_s": 180503.079767,
          "wall_utc": "2026-08-26T11:01:34.573Z"
        },
        "lease_acquire_event": {
          "payload": {
            "event": "lease_granted",
            "holder_app_id": "long-probe-A",
            "lease_ttl_ms": 1200,
            "lease_version": 69,
            "leases": [
              {
                "acquired_at_ms": 180503070,
                "holder_app_id": "long-probe-A",
                "holder_role": "operator",
                "last_heartbeat_ms": 180503070,
                "lease_version": 69,
                "panel_open": true,
                "robot_name": "robot1",
                "session_id": "R1_RELEASE-T03-session-A",
                "task_active": true,
                "task_kind": "navigation",
                "teleop_active": true
              }
            ],
            "request_id": "R1_RELEASE-T03-A-acquire",
            "robot_name": "robot1",
            "session_id": "R1_RELEASE-T03-session-A"
          },
          "received_at": {
            "monotonic_s": 180503.070844,
            "wall_utc": "2026-08-26T11:01:34.564Z"
          }
        },
        "lease_holder": "A",
        "lease_state_after_acquire": [
          {
            "acquired_at_ms": 180503070,
            "holder_app_id": "long-probe-A",
            "holder_role": "operator",
            "last_heartbeat_ms": 180503070,
            "lease_version": 69,
            "panel_open": true,
            "robot_name": "robot1",
            "session_id": "R1_RELEASE-T03-session-A",
            "task_active": true,
            "task_kind": "navigation",
            "teleop_active": true
          }
        ]
      },
      "simulated_additional_distance_m": 1.00023,
      "started_at": {
        "monotonic_s": 180503.02763,
        "wall_utc": "2026-08-26T11:01:34.521Z"
      },
      "test_id": "R1_RELEASE",
      "trial_complete": true,
      "trial_id": "R1_RELEASE-T03",
      "trial_number": 3,
      "verdict": "MEASURED"
    },
    {
      "cancel_callback_latency_from_lease_state_observation_s": null,
      "cancel_callback_latency_from_revocation_initiation_s": null,
      "cancel_goal_ids": [],
      "cancel_request_count": 0,
      "cancel_request_count_at_measurement_end": 0,
      "checkpoints": [
        {
          "active_goal_count": 1,
          "active_goal_ids": [
            "28de81512b6e5dc4922d8ca671f030f1"
          ],
          "goals": {
            "28de81512b6e5dc4922d8ca671f030f1": {
              "cancel_request_count": 0,
              "feedback_count": 9,
              "goal_id": "28de81512b6e5dc4922d8ca671f030f1",
              "last_feedback_navigation_s": 2.260651,
              "last_feedback_simulated_progress_m": 0.226065,
              "state": "EXECUTING",
              "target_marker_x": 20.04,
              "terminal_at": null
            }
          },
          "lease_state": {
            "event": "lease_released",
            "holder_app_id": "long-probe-A",
            "lease_ttl_ms": 1200,
            "lease_version": 86,
            "leases": [],
            "request_id": "R1_RELEASE-T04-release",
            "robot_name": "robot1",
            "session_id": "R1_RELEASE-T04-session-A"
          },
          "observed_at": {
            "monotonic_s": 180517.754501,
            "wall_utc": "2026-08-26T11:01:49.248Z"
          },
          "observed_offset_s": 0.500069,
          "scheduled_offset_s": 0.5
        },
        {
          "active_goal_count": 1,
          "active_goal_ids": [
            "28de81512b6e5dc4922d8ca671f030f1"
          ],
          "goals": {
            "28de81512b6e5dc4922d8ca671f030f1": {
              "cancel_request_count": 0,
              "feedback_count": 11,
              "goal_id": "28de81512b6e5dc4922d8ca671f030f1",
              "last_feedback_navigation_s": 2.824022,
              "last_feedback_simulated_progress_m": 0.282402,
              "state": "EXECUTING",
              "target_marker_x": 20.04,
              "terminal_at": null
            }
          },
          "lease_state": {
            "event": "lease_released",
            "holder_app_id": "long-probe-A",
            "lease_ttl_ms": 1200,
            "lease_version": 86,
            "leases": [],
            "request_id": "R1_RELEASE-T04-release",
            "robot_name": "robot1",
            "session_id": "R1_RELEASE-T04-session-A"
          },
          "observed_at": {
            "monotonic_s": 180518.255015,
            "wall_utc": "2026-08-26T11:01:49.748Z"
          },
          "observed_offset_s": 1.000583,
          "scheduled_offset_s": 1.0
        },
        {
          "active_goal_count": 1,
          "active_goal_ids": [
            "28de81512b6e5dc4922d8ca671f030f1"
          ],
          "goals": {
            "28de81512b6e5dc4922d8ca671f030f1": {
              "cancel_request_count": 0,
              "feedback_count": 18,
              "goal_id": "28de81512b6e5dc4922d8ca671f030f1",
              "last_feedback_navigation_s": 4.802425,
              "last_feedback_simulated_progress_m": 0.480242,
              "state": "EXECUTING",
              "target_marker_x": 20.04,
              "terminal_at": null
            }
          },
          "lease_state": {
            "event": "lease_released",
            "holder_app_id": "long-probe-A",
            "lease_ttl_ms": 1200,
            "lease_version": 86,
            "leases": [],
            "request_id": "R1_RELEASE-T04-release",
            "robot_name": "robot1",
            "session_id": "R1_RELEASE-T04-session-A"
          },
          "observed_at": {
            "monotonic_s": 180520.254506,
            "wall_utc": "2026-08-26T11:01:51.748Z"
          },
          "observed_offset_s": 3.000074,
          "scheduled_offset_s": 3.0
        },
        {
          "active_goal_count": 1,
          "active_goal_ids": [
            "28de81512b6e5dc4922d8ca671f030f1"
          ],
          "goals": {
            "28de81512b6e5dc4922d8ca671f030f1": {
              "cancel_request_count": 0,
              "feedback_count": 25,
              "goal_id": "28de81512b6e5dc4922d8ca671f030f1",
              "last_feedback_navigation_s": 6.779529,
              "last_feedback_simulated_progress_m": 0.677953,
              "state": "EXECUTING",
              "target_marker_x": 20.04,
              "terminal_at": null
            }
          },
          "lease_state": {
            "event": "lease_released",
            "holder_app_id": "long-probe-A",
            "lease_ttl_ms": 1200,
            "lease_version": 86,
            "leases": [],
            "request_id": "R1_RELEASE-T04-release",
            "robot_name": "robot1",
            "session_id": "R1_RELEASE-T04-session-A"
          },
          "observed_at": {
            "monotonic_s": 180522.254521,
            "wall_utc": "2026-08-26T11:01:53.748Z"
          },
          "observed_offset_s": 5.000089,
          "scheduled_offset_s": 5.0
        },
        {
          "active_goal_count": 1,
          "active_goal_ids": [
            "28de81512b6e5dc4922d8ca671f030f1"
          ],
          "goals": {
            "28de81512b6e5dc4922d8ca671f030f1": {
              "cancel_request_count": 0,
              "feedback_count": 43,
              "goal_id": "28de81512b6e5dc4922d8ca671f030f1",
              "last_feedback_navigation_s": 11.873336,
              "last_feedback_simulated_progress_m": 1.187334,
              "state": "EXECUTING",
              "target_marker_x": 20.04,
              "terminal_at": null
            }
          },
          "lease_state": {
            "event": "lease_released",
            "holder_app_id": "long-probe-A",
            "lease_ttl_ms": 1200,
            "lease_version": 86,
            "leases": [],
            "request_id": "R1_RELEASE-T04-release",
            "robot_name": "robot1",
            "session_id": "R1_RELEASE-T04-session-A"
          },
          "observed_at": {
            "monotonic_s": 180527.254504,
            "wall_utc": "2026-08-26T11:01:58.748Z"
          },
          "observed_offset_s": 10.000072,
          "scheduled_offset_s": 10.0
        }
      ],
      "cleanup": {
        "active_goal_ids_after_cleanup": [],
        "clean": true,
        "completed_at": {
          "monotonic_s": 180527.360199,
          "wall_utc": "2026-08-26T11:01:58.853Z"
        },
        "forced_goal_ids": [
          "28de81512b6e5dc4922d8ca671f030f1"
        ],
        "release_or_close_errors": [],
        "started_at": {
          "monotonic_s": 180527.254714,
          "wall_utc": "2026-08-26T11:01:58.748Z"
        },
        "terminal_wait_errors": []
      },
      "concurrency_events": [
        {
          "active_goal_count": 1,
          "active_goal_ids": [
            "28de81512b6e5dc4922d8ca671f030f1"
          ],
          "at": {
            "monotonic_s": 180515.253579,
            "wall_utc": "2026-08-26T11:01:46.747Z"
          },
          "reason": "goal_accepted"
        },
        {
          "active_goal_count": 1,
          "active_goal_ids": [
            "28de81512b6e5dc4922d8ca671f030f1"
          ],
          "at": {
            "monotonic_s": 180515.25386,
            "wall_utc": "2026-08-26T11:01:46.747Z"
          },
          "reason": "execute_started"
        }
      ],
      "distance_model": "constant 0.1 m/s; not physical motion",
      "duration_basis": "active_at_observation_end_lower_bound",
      "duration_is_right_censored_lower_bound": true,
      "evidence_fields": {
        "active_goal_count_at_observation_end": 1,
        "b_goal_id": null,
        "b_goal_status_at_observation_end": "NOT_APPLICABLE",
        "cancel_goal_ids": [],
        "cancel_request_times": [],
        "cleanup_clean": true,
        "expected": "A lease release is observed; measure whether the accepted goal is canceled or remains active",
        "feedback_count_at_observation_end": 43,
        "first_feedback_time": {
          "monotonic_s": 180515.253983,
          "wall_utc": "2026-08-26T11:01:46.747Z"
        },
        "goal_accepted_time": {
          "monotonic_s": 180515.253553,
          "wall_utc": "2026-08-26T11:01:46.747Z"
        },
        "goal_id": "28de81512b6e5dc4922d8ca671f030f1",
        "goal_state_at_observation_end": "EXECUTING",
        "goal_terminal_state": "ABORTED_BY_TEST_CLEANUP",
        "last_feedback_time_at_observation_end": {
          "monotonic_s": 180527.127389,
          "wall_utc": "2026-08-26T11:01:58.621Z"
        },
        "last_simulated_progress_m_at_observation_end": 1.187334,
        "lease_holder": "A",
        "max_simultaneous_active_goals": 1,
        "observed": "GOAL_CONTINUED_THROUGH_OBSERVATION",
        "post_revocation_duration_s": 10.000072,
        "revision": "eca75cbf559f09ff793d8993338b2f1ffed1adfd",
        "revocation_time": {
          "monotonic_s": 180517.254432,
          "wall_utc": "2026-08-26T11:01:48.748Z"
        },
        "simulated_additional_distance_m": 1.000007,
        "terminal_time": {
          "monotonic_s": 180527.254901,
          "wall_utc": "2026-08-26T11:01:58.748Z"
        },
        "test_id": "R1_RELEASE",
        "trial_id": "R1_RELEASE-T04",
        "verdict": "MEASURED"
      },
      "expected": "A lease release is observed; measure whether the accepted goal is canceled or remains active",
      "first_cancel_callback_at": null,
      "goal_records_at_measurement_end": {
        "28de81512b6e5dc4922d8ca671f030f1": {
          "accepted_at": {
            "monotonic_s": 180515.253553,
            "wall_utc": "2026-08-26T11:01:46.747Z"
          },
          "cancel_callbacks": [],
          "execute_started_at": {
            "monotonic_s": 180515.253847,
            "wall_utc": "2026-08-26T11:01:46.747Z"
          },
          "feedback_count": 43,
          "feedback_errors": [],
          "first_feedback_at": {
            "monotonic_s": 180515.253983,
            "wall_utc": "2026-08-26T11:01:46.747Z"
          },
          "goal_id": "28de81512b6e5dc4922d8ca671f030f1",
          "last_feedback_at": {
            "monotonic_s": 180527.127389,
            "wall_utc": "2026-08-26T11:01:58.621Z"
          },
          "last_feedback_navigation_s": 11.873336,
          "last_feedback_simulated_progress_m": 1.187334,
          "state": "EXECUTING",
          "state_history": [
            {
              "at": {
                "monotonic_s": 180515.253553,
                "wall_utc": "2026-08-26T11:01:46.747Z"
              },
              "state": "ACCEPTED"
            },
            {
              "at": {
                "monotonic_s": 180515.253847,
                "wall_utc": "2026-08-26T11:01:46.747Z"
              },
              "state": "EXECUTING"
            }
          ],
          "target_marker_x": 20.04,
          "terminal_at": null,
          "terminal_reason": null,
          "test_cleanup_requested_at": null
        }
      },
      "goal_records_final": {
        "28de81512b6e5dc4922d8ca671f030f1": {
          "accepted_at": {
            "monotonic_s": 180515.253553,
            "wall_utc": "2026-08-26T11:01:46.747Z"
          },
          "active_duration_s": 12.001054,
          "cancel_callbacks": [],
          "execute_started_at": {
            "monotonic_s": 180515.253847,
            "wall_utc": "2026-08-26T11:01:46.747Z"
          },
          "feedback_count": 43,
          "feedback_errors": [],
          "first_feedback_at": {
            "monotonic_s": 180515.253983,
            "wall_utc": "2026-08-26T11:01:46.747Z"
          },
          "goal_id": "28de81512b6e5dc4922d8ca671f030f1",
          "last_feedback_at": {
            "monotonic_s": 180527.127389,
            "wall_utc": "2026-08-26T11:01:58.621Z"
          },
          "last_feedback_navigation_s": 11.873336,
          "last_feedback_simulated_progress_m": 1.187334,
          "simulated_distance_at_terminal_m": 1.200105,
          "state": "ABORTED_BY_TEST_CLEANUP",
          "state_history": [
            {
              "at": {
                "monotonic_s": 180515.253553,
                "wall_utc": "2026-08-26T11:01:46.747Z"
              },
              "state": "ACCEPTED"
            },
            {
              "at": {
                "monotonic_s": 180515.253847,
                "wall_utc": "2026-08-26T11:01:46.747Z"
              },
              "state": "EXECUTING"
            },
            {
              "at": {
                "monotonic_s": 180527.254901,
                "wall_utc": "2026-08-26T11:01:58.748Z"
              },
              "reason": "forced_cleanup_after_measurement",
              "state": "ABORTED_BY_TEST_CLEANUP"
            }
          ],
          "target_marker_x": 20.04,
          "terminal_at": {
            "monotonic_s": 180527.254901,
            "wall_utc": "2026-08-26T11:01:58.748Z"
          },
          "terminal_reason": "forced_cleanup_after_measurement",
          "test_cleanup_requested_at": {
            "monotonic_s": 180527.254719,
            "wall_utc": "2026-08-26T11:01:58.748Z"
          }
        }
      },
      "goal_state_at_observation_end": "EXECUTING",
      "heartbeat_counts": {
        "A": 8,
        "B": 0
      },
      "lease_holder": "A",
      "lease_state_after_revocation": [],
      "max_simultaneous_active_goals": 1,
      "measurement_completed_at": {
        "monotonic_s": 180527.254708,
        "wall_utc": "2026-08-26T11:01:58.748Z"
      },
      "observed": "GOAL_CONTINUED_THROUGH_OBSERVATION",
      "outcome_class": "GOAL_CONTINUED_THROUGH_OBSERVATION",
      "path": [
        "HorusLink client",
        "horus_unity_bridge",
        "ROS goal/cancel topic",
        "horus_backend Nav2ActionAdapter",
        "dummy NavigateToPose action server"
      ],
      "post_revocation_active_duration_s": 10.000072,
      "revision": "eca75cbf559f09ff793d8993338b2f1ffed1adfd",
      "revocation_event": {
        "payload": {
          "event": "lease_released",
          "holder_app_id": "long-probe-A",
          "lease_ttl_ms": 1200,
          "lease_version": 86,
          "leases": [],
          "request_id": "R1_RELEASE-T04-release",
          "robot_name": "robot1",
          "session_id": "R1_RELEASE-T04-session-A"
        },
        "received_at": {
          "monotonic_s": 180517.254432,
          "wall_utc": "2026-08-26T11:01:48.748Z"
        }
      },
      "revocation_event_timestamp": {
        "monotonic_s": 180517.254432,
        "wall_utc": "2026-08-26T11:01:48.748Z"
      },
      "revocation_initiated_at": {
        "monotonic_s": 180517.253658,
        "wall_utc": "2026-08-26T11:01:48.747Z"
      },
      "runtime_label": "fixed-unmodified",
      "setup": {
        "catalog_event": {
          "payload": {
            "event": "snapshot",
            "lease_ttl_ms": 1200,
            "lease_version": 77,
            "leases": [],
            "session_id": "horus-long-action-probe"
          },
          "received_at": {
            "monotonic_s": 180515.202385,
            "wall_utc": "2026-08-26T11:01:46.696Z"
          }
        },
        "fresh_trial_state_verified": true,
        "goal_accepted_at": {
          "monotonic_s": 180515.253553,
          "wall_utc": "2026-08-26T11:01:46.747Z"
        },
        "goal_id": "28de81512b6e5dc4922d8ca671f030f1",
        "goal_marker_x": 20.04,
        "goal_publish_sent_at": {
          "monotonic_s": 180515.2523,
          "wall_utc": "2026-08-26T11:01:46.745Z"
        },
        "lease_acquire_event": {
          "payload": {
            "event": "lease_granted",
            "holder_app_id": "long-probe-A",
            "lease_ttl_ms": 1200,
            "lease_version": 78,
            "leases": [
              {
                "acquired_at_ms": 180515242,
                "holder_app_id": "long-probe-A",
                "holder_role": "operator",
                "last_heartbeat_ms": 180515242,
                "lease_version": 78,
                "panel_open": true,
                "robot_name": "robot1",
                "session_id": "R1_RELEASE-T04-session-A",
                "task_active": true,
                "task_kind": "navigation",
                "teleop_active": true
              }
            ],
            "request_id": "R1_RELEASE-T04-A-acquire",
            "robot_name": "robot1",
            "session_id": "R1_RELEASE-T04-session-A"
          },
          "received_at": {
            "monotonic_s": 180515.242697,
            "wall_utc": "2026-08-26T11:01:46.736Z"
          }
        },
        "lease_holder": "A",
        "lease_state_after_acquire": [
          {
            "acquired_at_ms": 180515242,
            "holder_app_id": "long-probe-A",
            "holder_role": "operator",
            "last_heartbeat_ms": 180515242,
            "lease_version": 78,
            "panel_open": true,
            "robot_name": "robot1",
            "session_id": "R1_RELEASE-T04-session-A",
            "task_active": true,
            "task_kind": "navigation",
            "teleop_active": true
          }
        ]
      },
      "simulated_additional_distance_m": 1.000007,
      "started_at": {
        "monotonic_s": 180515.200249,
        "wall_utc": "2026-08-26T11:01:46.693Z"
      },
      "test_id": "R1_RELEASE",
      "trial_complete": true,
      "trial_id": "R1_RELEASE-T04",
      "trial_number": 4,
      "verdict": "MEASURED"
    },
    {
      "cancel_callback_latency_from_lease_state_observation_s": null,
      "cancel_callback_latency_from_revocation_initiation_s": null,
      "cancel_goal_ids": [],
      "cancel_request_count": 0,
      "cancel_request_count_at_measurement_end": 0,
      "checkpoints": [
        {
          "active_goal_count": 1,
          "active_goal_ids": [
            "533006cb62c829087cbd7b213a3dd244"
          ],
          "goals": {
            "533006cb62c829087cbd7b213a3dd244": {
              "cancel_request_count": 0,
              "feedback_count": 9,
              "goal_id": "533006cb62c829087cbd7b213a3dd244",
              "last_feedback_navigation_s": 2.266239,
              "last_feedback_simulated_progress_m": 0.226624,
              "state": "EXECUTING",
              "target_marker_x": 20.05,
              "terminal_at": null
            }
          },
          "lease_state": {
            "event": "lease_released",
            "holder_app_id": "long-probe-A",
            "lease_ttl_ms": 1200,
            "lease_version": 95,
            "leases": [],
            "request_id": "R1_RELEASE-T05-release",
            "robot_name": "robot1",
            "session_id": "R1_RELEASE-T05-session-A"
          },
          "observed_at": {
            "monotonic_s": 180529.94176,
            "wall_utc": "2026-08-26T11:02:01.435Z"
          },
          "observed_offset_s": 0.500094,
          "scheduled_offset_s": 0.5
        },
        {
          "active_goal_count": 1,
          "active_goal_ids": [
            "533006cb62c829087cbd7b213a3dd244"
          ],
          "goals": {
            "533006cb62c829087cbd7b213a3dd244": {
              "cancel_request_count": 0,
              "feedback_count": 11,
              "goal_id": "533006cb62c829087cbd7b213a3dd244",
              "last_feedback_navigation_s": 2.833095,
              "last_feedback_simulated_progress_m": 0.28331,
              "state": "EXECUTING",
              "target_marker_x": 20.05,
              "terminal_at": null
            }
          },
          "lease_state": {
            "event": "lease_released",
            "holder_app_id": "long-probe-A",
            "lease_ttl_ms": 1200,
            "lease_version": 95,
            "leases": [],
            "request_id": "R1_RELEASE-T05-release",
            "robot_name": "robot1",
            "session_id": "R1_RELEASE-T05-session-A"
          },
          "observed_at": {
            "monotonic_s": 180530.441744,
            "wall_utc": "2026-08-26T11:02:01.935Z"
          },
          "observed_offset_s": 1.000078,
          "scheduled_offset_s": 1.0
        },
        {
          "active_goal_count": 1,
          "active_goal_ids": [
            "533006cb62c829087cbd7b213a3dd244"
          ],
          "goals": {
            "533006cb62c829087cbd7b213a3dd244": {
              "cancel_request_count": 0,
              "feedback_count": 18,
              "goal_id": "533006cb62c829087cbd7b213a3dd244",
              "last_feedback_navigation_s": 4.822245,
              "last_feedback_simulated_progress_m": 0.482224,
              "state": "EXECUTING",
              "target_marker_x": 20.05,
              "terminal_at": null
            }
          },
          "lease_state": {
            "event": "lease_released",
            "holder_app_id": "long-probe-A",
            "lease_ttl_ms": 1200,
            "lease_version": 95,
            "leases": [],
            "request_id": "R1_RELEASE-T05-release",
            "robot_name": "robot1",
            "session_id": "R1_RELEASE-T05-session-A"
          },
          "observed_at": {
            "monotonic_s": 180532.441744,
            "wall_utc": "2026-08-26T11:02:03.935Z"
          },
          "observed_offset_s": 3.000078,
          "scheduled_offset_s": 3.0
        },
        {
          "active_goal_count": 1,
          "active_goal_ids": [
            "533006cb62c829087cbd7b213a3dd244"
          ],
          "goals": {
            "533006cb62c829087cbd7b213a3dd244": {
              "cancel_request_count": 0,
              "feedback_count": 25,
              "goal_id": "533006cb62c829087cbd7b213a3dd244",
              "last_feedback_navigation_s": 6.807231,
              "last_feedback_simulated_progress_m": 0.680723,
              "state": "EXECUTING",
              "target_marker_x": 20.05,
              "terminal_at": null
            }
          },
          "lease_state": {
            "event": "lease_released",
            "holder_app_id": "long-probe-A",
            "lease_ttl_ms": 1200,
            "lease_version": 95,
            "leases": [],
            "request_id": "R1_RELEASE-T05-release",
            "robot_name": "robot1",
            "session_id": "R1_RELEASE-T05-session-A"
          },
          "observed_at": {
            "monotonic_s": 180534.441747,
            "wall_utc": "2026-08-26T11:02:05.935Z"
          },
          "observed_offset_s": 5.000081,
          "scheduled_offset_s": 5.0
        },
        {
          "active_goal_count": 1,
          "active_goal_ids": [
            "533006cb62c829087cbd7b213a3dd244"
          ],
          "goals": {
            "533006cb62c829087cbd7b213a3dd244": {
              "cancel_request_count": 0,
              "feedback_count": 43,
              "goal_id": "533006cb62c829087cbd7b213a3dd244",
              "last_feedback_navigation_s": 11.890226,
              "last_feedback_simulated_progress_m": 1.189023,
              "state": "EXECUTING",
              "target_marker_x": 20.05,
              "terminal_at": null
            }
          },
          "lease_state": {
            "event": "lease_released",
            "holder_app_id": "long-probe-A",
            "lease_ttl_ms": 1200,
            "lease_version": 95,
            "leases": [],
            "request_id": "R1_RELEASE-T05-release",
            "robot_name": "robot1",
            "session_id": "R1_RELEASE-T05-session-A"
          },
          "observed_at": {
            "monotonic_s": 180539.441729,
            "wall_utc": "2026-08-26T11:02:10.935Z"
          },
          "observed_offset_s": 10.000063,
          "scheduled_offset_s": 10.0
        }
      ],
      "cleanup": {
        "active_goal_ids_after_cleanup": [],
        "clean": true,
        "completed_at": {
          "monotonic_s": 180539.547427,
          "wall_utc": "2026-08-26T11:02:11.041Z"
        },
        "forced_goal_ids": [
          "533006cb62c829087cbd7b213a3dd244"
        ],
        "release_or_close_errors": [],
        "started_at": {
          "monotonic_s": 180539.441914,
          "wall_utc": "2026-08-26T11:02:10.935Z"
        },
        "terminal_wait_errors": []
      },
      "concurrency_events": [
        {
          "active_goal_count": 1,
          "active_goal_ids": [
            "533006cb62c829087cbd7b213a3dd244"
          ],
          "at": {
            "monotonic_s": 180527.43941,
            "wall_utc": "2026-08-26T11:01:58.933Z"
          },
          "reason": "goal_accepted"
        },
        {
          "active_goal_count": 1,
          "active_goal_ids": [
            "533006cb62c829087cbd7b213a3dd244"
          ],
          "at": {
            "monotonic_s": 180527.439666,
            "wall_utc": "2026-08-26T11:01:58.933Z"
          },
          "reason": "execute_started"
        }
      ],
      "distance_model": "constant 0.1 m/s; not physical motion",
      "duration_basis": "active_at_observation_end_lower_bound",
      "duration_is_right_censored_lower_bound": true,
      "evidence_fields": {
        "active_goal_count_at_observation_end": 1,
        "b_goal_id": null,
        "b_goal_status_at_observation_end": "NOT_APPLICABLE",
        "cancel_goal_ids": [],
        "cancel_request_times": [],
        "cleanup_clean": true,
        "expected": "A lease release is observed; measure whether the accepted goal is canceled or remains active",
        "feedback_count_at_observation_end": 43,
        "first_feedback_time": {
          "monotonic_s": 180527.439754,
          "wall_utc": "2026-08-26T11:01:58.933Z"
        },
        "goal_accepted_time": {
          "monotonic_s": 180527.439388,
          "wall_utc": "2026-08-26T11:01:58.933Z"
        },
        "goal_id": "533006cb62c829087cbd7b213a3dd244",
        "goal_state_at_observation_end": "EXECUTING",
        "goal_terminal_state": "ABORTED_BY_TEST_CLEANUP",
        "last_feedback_time_at_observation_end": {
          "monotonic_s": 180539.330188,
          "wall_utc": "2026-08-26T11:02:10.823Z"
        },
        "last_simulated_progress_m_at_observation_end": 1.189023,
        "lease_holder": "A",
        "max_simultaneous_active_goals": 1,
        "observed": "GOAL_CONTINUED_THROUGH_OBSERVATION",
        "post_revocation_duration_s": 10.000063,
        "revision": "eca75cbf559f09ff793d8993338b2f1ffed1adfd",
        "revocation_time": {
          "monotonic_s": 180529.441666,
          "wall_utc": "2026-08-26T11:02:00.935Z"
        },
        "simulated_additional_distance_m": 1.000006,
        "terminal_time": {
          "monotonic_s": 180539.442097,
          "wall_utc": "2026-08-26T11:02:10.935Z"
        },
        "test_id": "R1_RELEASE",
        "trial_id": "R1_RELEASE-T05",
        "verdict": "MEASURED"
      },
      "expected": "A lease release is observed; measure whether the accepted goal is canceled or remains active",
      "first_cancel_callback_at": null,
      "goal_records_at_measurement_end": {
        "533006cb62c829087cbd7b213a3dd244": {
          "accepted_at": {
            "monotonic_s": 180527.439388,
            "wall_utc": "2026-08-26T11:01:58.933Z"
          },
          "cancel_callbacks": [],
          "execute_started_at": {
            "monotonic_s": 180527.439659,
            "wall_utc": "2026-08-26T11:01:58.933Z"
          },
          "feedback_count": 43,
          "feedback_errors": [],
          "first_feedback_at": {
            "monotonic_s": 180527.439754,
            "wall_utc": "2026-08-26T11:01:58.933Z"
          },
          "goal_id": "533006cb62c829087cbd7b213a3dd244",
          "last_feedback_at": {
            "monotonic_s": 180539.330188,
            "wall_utc": "2026-08-26T11:02:10.823Z"
          },
          "last_feedback_navigation_s": 11.890226,
          "last_feedback_simulated_progress_m": 1.189023,
          "state": "EXECUTING",
          "state_history": [
            {
              "at": {
                "monotonic_s": 180527.439388,
                "wall_utc": "2026-08-26T11:01:58.933Z"
              },
              "state": "ACCEPTED"
            },
            {
              "at": {
                "monotonic_s": 180527.439659,
                "wall_utc": "2026-08-26T11:01:58.933Z"
              },
              "state": "EXECUTING"
            }
          ],
          "target_marker_x": 20.05,
          "terminal_at": null,
          "terminal_reason": null,
          "test_cleanup_requested_at": null
        }
      },
      "goal_records_final": {
        "533006cb62c829087cbd7b213a3dd244": {
          "accepted_at": {
            "monotonic_s": 180527.439388,
            "wall_utc": "2026-08-26T11:01:58.933Z"
          },
          "active_duration_s": 12.002438,
          "cancel_callbacks": [],
          "execute_started_at": {
            "monotonic_s": 180527.439659,
            "wall_utc": "2026-08-26T11:01:58.933Z"
          },
          "feedback_count": 43,
          "feedback_errors": [],
          "first_feedback_at": {
            "monotonic_s": 180527.439754,
            "wall_utc": "2026-08-26T11:01:58.933Z"
          },
          "goal_id": "533006cb62c829087cbd7b213a3dd244",
          "last_feedback_at": {
            "monotonic_s": 180539.330188,
            "wall_utc": "2026-08-26T11:02:10.823Z"
          },
          "last_feedback_navigation_s": 11.890226,
          "last_feedback_simulated_progress_m": 1.189023,
          "simulated_distance_at_terminal_m": 1.200244,
          "state": "ABORTED_BY_TEST_CLEANUP",
          "state_history": [
            {
              "at": {
                "monotonic_s": 180527.439388,
                "wall_utc": "2026-08-26T11:01:58.933Z"
              },
              "state": "ACCEPTED"
            },
            {
              "at": {
                "monotonic_s": 180527.439659,
                "wall_utc": "2026-08-26T11:01:58.933Z"
              },
              "state": "EXECUTING"
            },
            {
              "at": {
                "monotonic_s": 180539.442097,
                "wall_utc": "2026-08-26T11:02:10.935Z"
              },
              "reason": "forced_cleanup_after_measurement",
              "state": "ABORTED_BY_TEST_CLEANUP"
            }
          ],
          "target_marker_x": 20.05,
          "terminal_at": {
            "monotonic_s": 180539.442097,
            "wall_utc": "2026-08-26T11:02:10.935Z"
          },
          "terminal_reason": "forced_cleanup_after_measurement",
          "test_cleanup_requested_at": {
            "monotonic_s": 180539.441917,
            "wall_utc": "2026-08-26T11:02:10.935Z"
          }
        }
      },
      "goal_state_at_observation_end": "EXECUTING",
      "heartbeat_counts": {
        "A": 8,
        "B": 0
      },
      "lease_holder": "A",
      "lease_state_after_revocation": [],
      "max_simultaneous_active_goals": 1,
      "measurement_completed_at": {
        "monotonic_s": 180539.441909,
        "wall_utc": "2026-08-26T11:02:10.935Z"
      },
      "observed": "GOAL_CONTINUED_THROUGH_OBSERVATION",
      "outcome_class": "GOAL_CONTINUED_THROUGH_OBSERVATION",
      "path": [
        "HorusLink client",
        "horus_unity_bridge",
        "ROS goal/cancel topic",
        "horus_backend Nav2ActionAdapter",
        "dummy NavigateToPose action server"
      ],
      "post_revocation_active_duration_s": 10.000063,
      "revision": "eca75cbf559f09ff793d8993338b2f1ffed1adfd",
      "revocation_event": {
        "payload": {
          "event": "lease_released",
          "holder_app_id": "long-probe-A",
          "lease_ttl_ms": 1200,
          "lease_version": 95,
          "leases": [],
          "request_id": "R1_RELEASE-T05-release",
          "robot_name": "robot1",
          "session_id": "R1_RELEASE-T05-session-A"
        },
        "received_at": {
          "monotonic_s": 180529.441666,
          "wall_utc": "2026-08-26T11:02:00.935Z"
        }
      },
      "revocation_event_timestamp": {
        "monotonic_s": 180529.441666,
        "wall_utc": "2026-08-26T11:02:00.935Z"
      },
      "revocation_initiated_at": {
        "monotonic_s": 180529.440048,
        "wall_utc": "2026-08-26T11:02:00.933Z"
      },
      "runtime_label": "fixed-unmodified",
      "setup": {
        "catalog_event": {
          "payload": {
            "event": "snapshot",
            "lease_ttl_ms": 1200,
            "lease_version": 86,
            "leases": [],
            "session_id": "horus-long-action-probe"
          },
          "received_at": {
            "monotonic_s": 180527.362896,
            "wall_utc": "2026-08-26T11:01:58.856Z"
          }
        },
        "fresh_trial_state_verified": true,
        "goal_accepted_at": {
          "monotonic_s": 180527.439388,
          "wall_utc": "2026-08-26T11:01:58.933Z"
        },
        "goal_id": "533006cb62c829087cbd7b213a3dd244",
        "goal_marker_x": 20.05,
        "goal_publish_sent_at": {
          "monotonic_s": 180527.438054,
          "wall_utc": "2026-08-26T11:01:58.931Z"
        },
        "lease_acquire_event": {
          "payload": {
            "event": "lease_granted",
            "holder_app_id": "long-probe-A",
            "lease_ttl_ms": 1200,
            "lease_version": 87,
            "leases": [
              {
                "acquired_at_ms": 180527403,
                "holder_app_id": "long-probe-A",
                "holder_role": "operator",
                "last_heartbeat_ms": 180527403,
                "lease_version": 87,
                "panel_open": true,
                "robot_name": "robot1",
                "session_id": "R1_RELEASE-T05-session-A",
                "task_active": true,
                "task_kind": "navigation",
                "teleop_active": true
              }
            ],
            "request_id": "R1_RELEASE-T05-A-acquire",
            "robot_name": "robot1",
            "session_id": "R1_RELEASE-T05-session-A"
          },
          "received_at": {
            "monotonic_s": 180527.413146,
            "wall_utc": "2026-08-26T11:01:58.906Z"
          }
        },
        "lease_holder": "A",
        "lease_state_after_acquire": [
          {
            "acquired_at_ms": 180527403,
            "holder_app_id": "long-probe-A",
            "holder_role": "operator",
            "last_heartbeat_ms": 180527403,
            "lease_version": 87,
            "panel_open": true,
            "robot_name": "robot1",
            "session_id": "R1_RELEASE-T05-session-A",
            "task_active": true,
            "task_kind": "navigation",
            "teleop_active": true
          }
        ]
      },
      "simulated_additional_distance_m": 1.000006,
      "started_at": {
        "monotonic_s": 180527.360303,
        "wall_utc": "2026-08-26T11:01:58.853Z"
      },
      "test_id": "R1_RELEASE",
      "trial_complete": true,
      "trial_id": "R1_RELEASE-T05",
      "trial_number": 5,
      "verdict": "MEASURED"
    },
    {
      "cancel_callback_latency_from_lease_state_observation_s": null,
      "cancel_callback_latency_from_revocation_initiation_s": null,
      "cancel_goal_ids": [],
      "cancel_request_count": 0,
      "cancel_request_count_at_measurement_end": 0,
      "checkpoints": [
        {
          "active_goal_count": 1,
          "active_goal_ids": [
            "6417b6c7da57c7bae85056c57c4ff745"
          ],
          "goals": {
            "6417b6c7da57c7bae85056c57c4ff745": {
              "cancel_request_count": 0,
              "feedback_count": 14,
              "goal_id": "6417b6c7da57c7bae85056c57c4ff745",
              "last_feedback_navigation_s": 3.674323,
              "last_feedback_simulated_progress_m": 0.367432,
              "state": "EXECUTING",
              "target_marker_x": 30.01,
              "terminal_at": null
            }
          },
          "lease_state": {
            "event": "lease_expired",
            "lease_ttl_ms": 1200,
            "lease_version": 104,
            "leases": [],
            "session_id": "R2_TTL_EXPIRY-T01-session-A"
          },
          "observed_at": {
            "monotonic_s": 180543.491808,
            "wall_utc": "2026-08-26T11:02:14.985Z"
          },
          "observed_offset_s": 0.503167,
          "scheduled_offset_s": 0.5
        },
        {
          "active_goal_count": 1,
          "active_goal_ids": [
            "6417b6c7da57c7bae85056c57c4ff745"
          ],
          "goals": {
            "6417b6c7da57c7bae85056c57c4ff745": {
              "cancel_request_count": 0,
              "feedback_count": 16,
              "goal_id": "6417b6c7da57c7bae85056c57c4ff745",
              "last_feedback_navigation_s": 4.236584,
              "last_feedback_simulated_progress_m": 0.423658,
              "state": "EXECUTING",
              "target_marker_x": 30.01,
              "terminal_at": null
            }
          },
          "lease_state": {
            "event": "lease_expired",
            "lease_ttl_ms": 1200,
            "lease_version": 104,
            "leases": [],
            "session_id": "R2_TTL_EXPIRY-T01-session-A"
          },
          "observed_at": {
            "monotonic_s": 180543.988712,
            "wall_utc": "2026-08-26T11:02:15.482Z"
          },
          "observed_offset_s": 1.000071,
          "scheduled_offset_s": 1.0
        },
        {
          "active_goal_count": 1,
          "active_goal_ids": [
            "6417b6c7da57c7bae85056c57c4ff745"
          ],
          "goals": {
            "6417b6c7da57c7bae85056c57c4ff745": {
              "cancel_request_count": 0,
              "feedback_count": 23,
              "goal_id": "6417b6c7da57c7bae85056c57c4ff745",
              "last_feedback_navigation_s": 6.213927,
              "last_feedback_simulated_progress_m": 0.621393,
              "state": "EXECUTING",
              "target_marker_x": 30.01,
              "terminal_at": null
            }
          },
          "lease_state": {
            "event": "lease_expired",
            "lease_ttl_ms": 1200,
            "lease_version": 104,
            "leases": [],
            "session_id": "R2_TTL_EXPIRY-T01-session-A"
          },
          "observed_at": {
            "monotonic_s": 180545.98871,
            "wall_utc": "2026-08-26T11:02:17.482Z"
          },
          "observed_offset_s": 3.000069,
          "scheduled_offset_s": 3.0
        },
        {
          "active_goal_count": 1,
          "active_goal_ids": [
            "6417b6c7da57c7bae85056c57c4ff745"
          ],
          "goals": {
            "6417b6c7da57c7bae85056c57c4ff745": {
              "cancel_request_count": 0,
              "feedback_count": 30,
              "goal_id": "6417b6c7da57c7bae85056c57c4ff745",
              "last_feedback_navigation_s": 8.193108,
              "last_feedback_simulated_progress_m": 0.819311,
              "state": "EXECUTING",
              "target_marker_x": 30.01,
              "terminal_at": null
            }
          },
          "lease_state": {
            "event": "lease_expired",
            "lease_ttl_ms": 1200,
            "lease_version": 104,
            "leases": [],
            "session_id": "R2_TTL_EXPIRY-T01-session-A"
          },
          "observed_at": {
            "monotonic_s": 180547.988718,
            "wall_utc": "2026-08-26T11:02:19.482Z"
          },
          "observed_offset_s": 5.000077,
          "scheduled_offset_s": 5.0
        },
        {
          "active_goal_count": 1,
          "active_goal_ids": [
            "6417b6c7da57c7bae85056c57c4ff745"
          ],
          "goals": {
            "6417b6c7da57c7bae85056c57c4ff745": {
              "cancel_request_count": 0,
              "feedback_count": 48,
              "goal_id": "6417b6c7da57c7bae85056c57c4ff745",
              "last_feedback_navigation_s": 13.281282,
              "last_feedback_simulated_progress_m": 1.328128,
              "state": "EXECUTING",
              "target_marker_x": 30.01,
              "terminal_at": null
            }
          },
          "lease_state": {
            "event": "lease_expired",
            "lease_ttl_ms": 1200,
            "lease_version": 104,
            "leases": [],
            "session_id": "R2_TTL_EXPIRY-T01-session-A"
          },
          "observed_at": {
            "monotonic_s": 180552.98872,
            "wall_utc": "2026-08-26T11:02:24.482Z"
          },
          "observed_offset_s": 10.000079,
          "scheduled_offset_s": 10.0
        }
      ],
      "cleanup": {
        "active_goal_ids_after_cleanup": [],
        "clean": true,
        "completed_at": {
          "monotonic_s": 180553.095215,
          "wall_utc": "2026-08-26T11:02:24.588Z"
        },
        "forced_goal_ids": [
          "6417b6c7da57c7bae85056c57c4ff745"
        ],
        "release_or_close_errors": [],
        "started_at": {
          "monotonic_s": 180552.989004,
          "wall_utc": "2026-08-26T11:02:24.482Z"
        },
        "terminal_wait_errors": []
      },
      "concurrency_events": [
        {
          "active_goal_count": 1,
          "active_goal_ids": [
            "6417b6c7da57c7bae85056c57c4ff745"
          ],
          "at": {
            "monotonic_s": 180539.607414,
            "wall_utc": "2026-08-26T11:02:11.101Z"
          },
          "reason": "goal_accepted"
        },
        {
          "active_goal_count": 1,
          "active_goal_ids": [
            "6417b6c7da57c7bae85056c57c4ff745"
          ],
          "at": {
            "monotonic_s": 180539.607991,
            "wall_utc": "2026-08-26T11:02:11.101Z"
          },
          "reason": "execute_started"
        }
      ],
      "distance_model": "constant 0.1 m/s; not physical motion",
      "duration_basis": "active_at_observation_end_lower_bound",
      "duration_is_right_censored_lower_bound": true,
      "evidence_fields": {
        "active_goal_count_at_observation_end": 1,
        "b_goal_id": null,
        "b_goal_status_at_observation_end": "NOT_APPLICABLE",
        "cancel_goal_ids": [],
        "cancel_request_times": [],
        "cleanup_clean": true,
        "expected": "A heartbeat stops and lease expiry is observed; measure accepted-goal lifecycle",
        "feedback_count_at_observation_end": 48,
        "first_feedback_time": {
          "monotonic_s": 180539.608304,
          "wall_utc": "2026-08-26T11:02:11.101Z"
        },
        "goal_accepted_time": {
          "monotonic_s": 180539.607386,
          "wall_utc": "2026-08-26T11:02:11.101Z"
        },
        "goal_id": "6417b6c7da57c7bae85056c57c4ff745",
        "goal_state_at_observation_end": "EXECUTING",
        "goal_terminal_state": "ABORTED_BY_TEST_CLEANUP",
        "last_feedback_time_at_observation_end": {
          "monotonic_s": 180552.889533,
          "wall_utc": "2026-08-26T11:02:24.383Z"
        },
        "last_simulated_progress_m_at_observation_end": 1.328128,
        "lease_holder": "A",
        "max_simultaneous_active_goals": 1,
        "observed": "GOAL_CONTINUED_THROUGH_OBSERVATION",
        "post_revocation_duration_s": 10.000079,
        "revision": "eca75cbf559f09ff793d8993338b2f1ffed1adfd",
        "revocation_time": {
          "monotonic_s": 180542.988641,
          "wall_utc": "2026-08-26T11:02:14.482Z"
        },
        "simulated_additional_distance_m": 1.000008,
        "terminal_time": {
          "monotonic_s": 180552.989197,
          "wall_utc": "2026-08-26T11:02:24.482Z"
        },
        "test_id": "R2_TTL_EXPIRY",
        "trial_id": "R2_TTL_EXPIRY-T01",
        "verdict": "MEASURED"
      },
      "expected": "A heartbeat stops and lease expiry is observed; measure accepted-goal lifecycle",
      "first_cancel_callback_at": null,
      "goal_records_at_measurement_end": {
        "6417b6c7da57c7bae85056c57c4ff745": {
          "accepted_at": {
            "monotonic_s": 180539.607386,
            "wall_utc": "2026-08-26T11:02:11.101Z"
          },
          "cancel_callbacks": [],
          "execute_started_at": {
            "monotonic_s": 180539.607957,
            "wall_utc": "2026-08-26T11:02:11.101Z"
          },
          "feedback_count": 48,
          "feedback_errors": [],
          "first_feedback_at": {
            "monotonic_s": 180539.608304,
            "wall_utc": "2026-08-26T11:02:11.101Z"
          },
          "goal_id": "6417b6c7da57c7bae85056c57c4ff745",
          "last_feedback_at": {
            "monotonic_s": 180552.889533,
            "wall_utc": "2026-08-26T11:02:24.383Z"
          },
          "last_feedback_navigation_s": 13.281282,
          "last_feedback_simulated_progress_m": 1.328128,
          "state": "EXECUTING",
          "state_history": [
            {
              "at": {
                "monotonic_s": 180539.607386,
                "wall_utc": "2026-08-26T11:02:11.101Z"
              },
              "state": "ACCEPTED"
            },
            {
              "at": {
                "monotonic_s": 180539.607957,
                "wall_utc": "2026-08-26T11:02:11.101Z"
              },
              "state": "EXECUTING"
            }
          ],
          "target_marker_x": 30.01,
          "terminal_at": null,
          "terminal_reason": null,
          "test_cleanup_requested_at": null
        }
      },
      "goal_records_final": {
        "6417b6c7da57c7bae85056c57c4ff745": {
          "accepted_at": {
            "monotonic_s": 180539.607386,
            "wall_utc": "2026-08-26T11:02:11.101Z"
          },
          "active_duration_s": 13.38124,
          "cancel_callbacks": [],
          "execute_started_at": {
            "monotonic_s": 180539.607957,
            "wall_utc": "2026-08-26T11:02:11.101Z"
          },
          "feedback_count": 48,
          "feedback_errors": [],
          "first_feedback_at": {
            "monotonic_s": 180539.608304,
            "wall_utc": "2026-08-26T11:02:11.101Z"
          },
          "goal_id": "6417b6c7da57c7bae85056c57c4ff745",
          "last_feedback_at": {
            "monotonic_s": 180552.889533,
            "wall_utc": "2026-08-26T11:02:24.383Z"
          },
          "last_feedback_navigation_s": 13.281282,
          "last_feedback_simulated_progress_m": 1.328128,
          "simulated_distance_at_terminal_m": 1.338124,
          "state": "ABORTED_BY_TEST_CLEANUP",
          "state_history": [
            {
              "at": {
                "monotonic_s": 180539.607386,
                "wall_utc": "2026-08-26T11:02:11.101Z"
              },
              "state": "ACCEPTED"
            },
            {
              "at": {
                "monotonic_s": 180539.607957,
                "wall_utc": "2026-08-26T11:02:11.101Z"
              },
              "state": "EXECUTING"
            },
            {
              "at": {
                "monotonic_s": 180552.989197,
                "wall_utc": "2026-08-26T11:02:24.482Z"
              },
              "reason": "forced_cleanup_after_measurement",
              "state": "ABORTED_BY_TEST_CLEANUP"
            }
          ],
          "target_marker_x": 30.01,
          "terminal_at": {
            "monotonic_s": 180552.989197,
            "wall_utc": "2026-08-26T11:02:24.482Z"
          },
          "terminal_reason": "forced_cleanup_after_measurement",
          "test_cleanup_requested_at": {
            "monotonic_s": 180552.989011,
            "wall_utc": "2026-08-26T11:02:24.482Z"
          }
        }
      },
      "goal_state_at_observation_end": "EXECUTING",
      "heartbeat_counts": {
        "A": 8,
        "B": 0
      },
      "lease_holder": "A",
      "lease_state_after_revocation": [],
      "max_simultaneous_active_goals": 1,
      "measurement_completed_at": {
        "monotonic_s": 180552.988987,
        "wall_utc": "2026-08-26T11:02:24.482Z"
      },
      "observed": "GOAL_CONTINUED_THROUGH_OBSERVATION",
      "outcome_class": "GOAL_CONTINUED_THROUGH_OBSERVATION",
      "path": [
        "HorusLink client",
        "horus_unity_bridge",
        "ROS goal/cancel topic",
        "horus_backend Nav2ActionAdapter",
        "dummy NavigateToPose action server"
      ],
      "post_revocation_active_duration_s": 10.000079,
      "revision": "eca75cbf559f09ff793d8993338b2f1ffed1adfd",
      "revocation_event": {
        "payload": {
          "event": "lease_expired",
          "lease_ttl_ms": 1200,
          "lease_version": 104,
          "leases": [],
          "session_id": "R2_TTL_EXPIRY-T01-session-A"
        },
        "received_at": {
          "monotonic_s": 180542.988641,
          "wall_utc": "2026-08-26T11:02:14.482Z"
        }
      },
      "revocation_event_timestamp": {
        "monotonic_s": 180542.988641,
        "wall_utc": "2026-08-26T11:02:14.482Z"
      },
      "revocation_initiated_at": {
        "monotonic_s": 180541.607884,
        "wall_utc": "2026-08-26T11:02:13.101Z"
      },
      "runtime_label": "fixed-unmodified",
      "setup": {
        "catalog_event": {
          "payload": {
            "event": "snapshot",
            "lease_ttl_ms": 1200,
            "lease_version": 95,
            "leases": [],
            "session_id": "horus-long-action-probe"
          },
          "received_at": {
            "monotonic_s": 180539.552415,
            "wall_utc": "2026-08-26T11:02:11.046Z"
          }
        },
        "fresh_trial_state_verified": true,
        "goal_accepted_at": {
          "monotonic_s": 180539.607386,
          "wall_utc": "2026-08-26T11:02:11.101Z"
        },
        "goal_id": "6417b6c7da57c7bae85056c57c4ff745",
        "goal_marker_x": 30.01,
        "goal_publish_sent_at": {
          "monotonic_s": 180539.602252,
          "wall_utc": "2026-08-26T11:02:11.095Z"
        },
        "lease_acquire_event": {
          "payload": {
            "event": "lease_granted",
            "holder_app_id": "long-probe-A",
            "lease_ttl_ms": 1200,
            "lease_version": 96,
            "leases": [
              {
                "acquired_at_ms": 180539592,
                "holder_app_id": "long-probe-A",
                "holder_role": "operator",
                "last_heartbeat_ms": 180539592,
                "lease_version": 96,
                "panel_open": true,
                "robot_name": "robot1",
                "session_id": "R2_TTL_EXPIRY-T01-session-A",
                "task_active": true,
                "task_kind": "navigation",
                "teleop_active": true
              }
            ],
            "request_id": "R2_TTL_EXPIRY-T01-A-acquire",
            "robot_name": "robot1",
            "session_id": "R2_TTL_EXPIRY-T01-session-A"
          },
          "received_at": {
            "monotonic_s": 180539.593517,
            "wall_utc": "2026-08-26T11:02:11.087Z"
          }
        },
        "lease_holder": "A",
        "lease_state_after_acquire": [
          {
            "acquired_at_ms": 180539592,
            "holder_app_id": "long-probe-A",
            "holder_role": "operator",
            "last_heartbeat_ms": 180539592,
            "lease_version": 96,
            "panel_open": true,
            "robot_name": "robot1",
            "session_id": "R2_TTL_EXPIRY-T01-session-A",
            "task_active": true,
            "task_kind": "navigation",
            "teleop_active": true
          }
        ]
      },
      "simulated_additional_distance_m": 1.000008,
      "started_at": {
        "monotonic_s": 180539.547602,
        "wall_utc": "2026-08-26T11:02:11.041Z"
      },
      "test_id": "R2_TTL_EXPIRY",
      "trial_complete": true,
      "trial_id": "R2_TTL_EXPIRY-T01",
      "trial_number": 1,
      "verdict": "MEASURED"
    },
    {
      "cancel_callback_latency_from_lease_state_observation_s": null,
      "cancel_callback_latency_from_revocation_initiation_s": null,
      "cancel_goal_ids": [],
      "cancel_request_count": 0,
      "cancel_request_count_at_measurement_end": 0,
      "checkpoints": [
        {
          "active_goal_count": 1,
          "active_goal_ids": [
            "96fab56068ebb34ff4255c6f6af71863"
          ],
          "goals": {
            "96fab56068ebb34ff4255c6f6af71863": {
              "cancel_request_count": 0,
              "feedback_count": 14,
              "goal_id": "96fab56068ebb34ff4255c6f6af71863",
              "last_feedback_navigation_s": 3.671224,
              "last_feedback_simulated_progress_m": 0.367122,
              "state": "EXECUTING",
              "target_marker_x": 30.02,
              "terminal_at": null
            }
          },
          "lease_state": {
            "event": "lease_expired",
            "lease_ttl_ms": 1200,
            "lease_version": 113,
            "leases": [],
            "session_id": "R2_TTL_EXPIRY-T02-session-A"
          },
          "observed_at": {
            "monotonic_s": 180556.989019,
            "wall_utc": "2026-08-26T11:02:28.482Z"
          },
          "observed_offset_s": 0.50008,
          "scheduled_offset_s": 0.5
        },
        {
          "active_goal_count": 1,
          "active_goal_ids": [
            "96fab56068ebb34ff4255c6f6af71863"
          ],
          "goals": {
            "96fab56068ebb34ff4255c6f6af71863": {
              "cancel_request_count": 0,
              "feedback_count": 16,
              "goal_id": "96fab56068ebb34ff4255c6f6af71863",
              "last_feedback_navigation_s": 4.237143,
              "last_feedback_simulated_progress_m": 0.423714,
              "state": "EXECUTING",
              "target_marker_x": 30.02,
              "terminal_at": null
            }
          },
          "lease_state": {
            "event": "lease_expired",
            "lease_ttl_ms": 1200,
            "lease_version": 113,
            "leases": [],
            "session_id": "R2_TTL_EXPIRY-T02-session-A"
          },
          "observed_at": {
            "monotonic_s": 180557.489178,
            "wall_utc": "2026-08-26T11:02:28.982Z"
          },
          "observed_offset_s": 1.000239,
          "scheduled_offset_s": 1.0
        },
        {
          "active_goal_count": 1,
          "active_goal_ids": [
            "96fab56068ebb34ff4255c6f6af71863"
          ],
          "goals": {
            "96fab56068ebb34ff4255c6f6af71863": {
              "cancel_request_count": 0,
              "feedback_count": 23,
              "goal_id": "96fab56068ebb34ff4255c6f6af71863",
              "last_feedback_navigation_s": 6.218382,
              "last_feedback_simulated_progress_m": 0.621838,
              "state": "EXECUTING",
              "target_marker_x": 30.02,
              "terminal_at": null
            }
          },
          "lease_state": {
            "event": "lease_expired",
            "lease_ttl_ms": 1200,
            "lease_version": 113,
            "leases": [],
            "session_id": "R2_TTL_EXPIRY-T02-session-A"
          },
          "observed_at": {
            "monotonic_s": 180559.489022,
            "wall_utc": "2026-08-26T11:02:30.982Z"
          },
          "observed_offset_s": 3.000083,
          "scheduled_offset_s": 3.0
        },
        {
          "active_goal_count": 1,
          "active_goal_ids": [
            "96fab56068ebb34ff4255c6f6af71863"
          ],
          "goals": {
            "96fab56068ebb34ff4255c6f6af71863": {
              "cancel_request_count": 0,
              "feedback_count": 30,
              "goal_id": "96fab56068ebb34ff4255c6f6af71863",
              "last_feedback_navigation_s": 8.20044,
              "last_feedback_simulated_progress_m": 0.820044,
              "state": "EXECUTING",
              "target_marker_x": 30.02,
              "terminal_at": null
            }
          },
          "lease_state": {
            "event": "lease_expired",
            "lease_ttl_ms": 1200,
            "lease_version": 113,
            "leases": [],
            "session_id": "R2_TTL_EXPIRY-T02-session-A"
          },
          "observed_at": {
            "monotonic_s": 180561.489191,
            "wall_utc": "2026-08-26T11:02:32.982Z"
          },
          "observed_offset_s": 5.000252,
          "scheduled_offset_s": 5.0
        },
        {
          "active_goal_count": 1,
          "active_goal_ids": [
            "96fab56068ebb34ff4255c6f6af71863"
          ],
          "goals": {
            "96fab56068ebb34ff4255c6f6af71863": {
              "cancel_request_count": 0,
              "feedback_count": 48,
              "goal_id": "96fab56068ebb34ff4255c6f6af71863",
              "last_feedback_navigation_s": 13.288489,
              "last_feedback_simulated_progress_m": 1.328849,
              "state": "EXECUTING",
              "target_marker_x": 30.02,
              "terminal_at": null
            }
          },
          "lease_state": {
            "event": "lease_expired",
            "lease_ttl_ms": 1200,
            "lease_version": 113,
            "leases": [],
            "session_id": "R2_TTL_EXPIRY-T02-session-A"
          },
          "observed_at": {
            "monotonic_s": 180566.489065,
            "wall_utc": "2026-08-26T11:02:37.982Z"
          },
          "observed_offset_s": 10.000126,
          "scheduled_offset_s": 10.0
        }
      ],
      "cleanup": {
        "active_goal_ids_after_cleanup": [],
        "clean": true,
        "completed_at": {
          "monotonic_s": 180566.594825,
          "wall_utc": "2026-08-26T11:02:38.088Z"
        },
        "forced_goal_ids": [
          "96fab56068ebb34ff4255c6f6af71863"
        ],
        "release_or_close_errors": [],
        "started_at": {
          "monotonic_s": 180566.489376,
          "wall_utc": "2026-08-26T11:02:37.983Z"
        },
        "terminal_wait_errors": []
      },
      "concurrency_events": [
        {
          "active_goal_count": 1,
          "active_goal_ids": [
            "96fab56068ebb34ff4255c6f6af71863"
          ],
          "at": {
            "monotonic_s": 180553.150389,
            "wall_utc": "2026-08-26T11:02:24.644Z"
          },
          "reason": "goal_accepted"
        },
        {
          "active_goal_count": 1,
          "active_goal_ids": [
            "96fab56068ebb34ff4255c6f6af71863"
          ],
          "at": {
            "monotonic_s": 180553.150722,
            "wall_utc": "2026-08-26T11:02:24.644Z"
          },
          "reason": "execute_started"
        }
      ],
      "distance_model": "constant 0.1 m/s; not physical motion",
      "duration_basis": "active_at_observation_end_lower_bound",
      "duration_is_right_censored_lower_bound": true,
      "evidence_fields": {
        "active_goal_count_at_observation_end": 1,
        "b_goal_id": null,
        "b_goal_status_at_observation_end": "NOT_APPLICABLE",
        "cancel_goal_ids": [],
        "cancel_request_times": [],
        "cleanup_clean": true,
        "expected": "A heartbeat stops and lease expiry is observed; measure accepted-goal lifecycle",
        "feedback_count_at_observation_end": 48,
        "first_feedback_time": {
          "monotonic_s": 180553.150866,
          "wall_utc": "2026-08-26T11:02:24.644Z"
        },
        "goal_accepted_time": {
          "monotonic_s": 180553.15036,
          "wall_utc": "2026-08-26T11:02:24.644Z"
        },
        "goal_id": "96fab56068ebb34ff4255c6f6af71863",
        "goal_state_at_observation_end": "EXECUTING",
        "goal_terminal_state": "ABORTED_BY_TEST_CLEANUP",
        "last_feedback_time_at_observation_end": {
          "monotonic_s": 180566.439456,
          "wall_utc": "2026-08-26T11:02:37.933Z"
        },
        "last_simulated_progress_m_at_observation_end": 1.328849,
        "lease_holder": "A",
        "max_simultaneous_active_goals": 1,
        "observed": "GOAL_CONTINUED_THROUGH_OBSERVATION",
        "post_revocation_duration_s": 10.000126,
        "revision": "eca75cbf559f09ff793d8993338b2f1ffed1adfd",
        "revocation_time": {
          "monotonic_s": 180556.488939,
          "wall_utc": "2026-08-26T11:02:27.982Z"
        },
        "simulated_additional_distance_m": 1.000013,
        "terminal_time": {
          "monotonic_s": 180566.48962,
          "wall_utc": "2026-08-26T11:02:37.983Z"
        },
        "test_id": "R2_TTL_EXPIRY",
        "trial_id": "R2_TTL_EXPIRY-T02",
        "verdict": "MEASURED"
      },
      "expected": "A heartbeat stops and lease expiry is observed; measure accepted-goal lifecycle",
      "first_cancel_callback_at": null,
      "goal_records_at_measurement_end": {
        "96fab56068ebb34ff4255c6f6af71863": {
          "accepted_at": {
            "monotonic_s": 180553.15036,
            "wall_utc": "2026-08-26T11:02:24.644Z"
          },
          "cancel_callbacks": [],
          "execute_started_at": {
            "monotonic_s": 180553.150705,
            "wall_utc": "2026-08-26T11:02:24.644Z"
          },
          "feedback_count": 48,
          "feedback_errors": [],
          "first_feedback_at": {
            "monotonic_s": 180553.150866,
            "wall_utc": "2026-08-26T11:02:24.644Z"
          },
          "goal_id": "96fab56068ebb34ff4255c6f6af71863",
          "last_feedback_at": {
            "monotonic_s": 180566.439456,
            "wall_utc": "2026-08-26T11:02:37.933Z"
          },
          "last_feedback_navigation_s": 13.288489,
          "last_feedback_simulated_progress_m": 1.328849,
          "state": "EXECUTING",
          "state_history": [
            {
              "at": {
                "monotonic_s": 180553.15036,
                "wall_utc": "2026-08-26T11:02:24.644Z"
              },
              "state": "ACCEPTED"
            },
            {
              "at": {
                "monotonic_s": 180553.150705,
                "wall_utc": "2026-08-26T11:02:24.644Z"
              },
              "state": "EXECUTING"
            }
          ],
          "target_marker_x": 30.02,
          "terminal_at": null,
          "terminal_reason": null,
          "test_cleanup_requested_at": null
        }
      },
      "goal_records_final": {
        "96fab56068ebb34ff4255c6f6af71863": {
          "accepted_at": {
            "monotonic_s": 180553.15036,
            "wall_utc": "2026-08-26T11:02:24.644Z"
          },
          "active_duration_s": 13.338915,
          "cancel_callbacks": [],
          "execute_started_at": {
            "monotonic_s": 180553.150705,
            "wall_utc": "2026-08-26T11:02:24.644Z"
          },
          "feedback_count": 48,
          "feedback_errors": [],
          "first_feedback_at": {
            "monotonic_s": 180553.150866,
            "wall_utc": "2026-08-26T11:02:24.644Z"
          },
          "goal_id": "96fab56068ebb34ff4255c6f6af71863",
          "last_feedback_at": {
            "monotonic_s": 180566.439456,
            "wall_utc": "2026-08-26T11:02:37.933Z"
          },
          "last_feedback_navigation_s": 13.288489,
          "last_feedback_simulated_progress_m": 1.328849,
          "simulated_distance_at_terminal_m": 1.333892,
          "state": "ABORTED_BY_TEST_CLEANUP",
          "state_history": [
            {
              "at": {
                "monotonic_s": 180553.15036,
                "wall_utc": "2026-08-26T11:02:24.644Z"
              },
              "state": "ACCEPTED"
            },
            {
              "at": {
                "monotonic_s": 180553.150705,
                "wall_utc": "2026-08-26T11:02:24.644Z"
              },
              "state": "EXECUTING"
            },
            {
              "at": {
                "monotonic_s": 180566.48962,
                "wall_utc": "2026-08-26T11:02:37.983Z"
              },
              "reason": "forced_cleanup_after_measurement",
              "state": "ABORTED_BY_TEST_CLEANUP"
            }
          ],
          "target_marker_x": 30.02,
          "terminal_at": {
            "monotonic_s": 180566.48962,
            "wall_utc": "2026-08-26T11:02:37.983Z"
          },
          "terminal_reason": "forced_cleanup_after_measurement",
          "test_cleanup_requested_at": {
            "monotonic_s": 180566.489383,
            "wall_utc": "2026-08-26T11:02:37.983Z"
          }
        }
      },
      "goal_state_at_observation_end": "EXECUTING",
      "heartbeat_counts": {
        "A": 8,
        "B": 0
      },
      "lease_holder": "A",
      "lease_state_after_revocation": [],
      "max_simultaneous_active_goals": 1,
      "measurement_completed_at": {
        "monotonic_s": 180566.489369,
        "wall_utc": "2026-08-26T11:02:37.983Z"
      },
      "observed": "GOAL_CONTINUED_THROUGH_OBSERVATION",
      "outcome_class": "GOAL_CONTINUED_THROUGH_OBSERVATION",
      "path": [
        "HorusLink client",
        "horus_unity_bridge",
        "ROS goal/cancel topic",
        "horus_backend Nav2ActionAdapter",
        "dummy NavigateToPose action server"
      ],
      "post_revocation_active_duration_s": 10.000126,
      "revision": "eca75cbf559f09ff793d8993338b2f1ffed1adfd",
      "revocation_event": {
        "payload": {
          "event": "lease_expired",
          "lease_ttl_ms": 1200,
          "lease_version": 113,
          "leases": [],
          "session_id": "R2_TTL_EXPIRY-T02-session-A"
        },
        "received_at": {
          "monotonic_s": 180556.488939,
          "wall_utc": "2026-08-26T11:02:27.982Z"
        }
      },
      "revocation_event_timestamp": {
        "monotonic_s": 180556.488939,
        "wall_utc": "2026-08-26T11:02:27.982Z"
      },
      "revocation_initiated_at": {
        "monotonic_s": 180555.150474,
        "wall_utc": "2026-08-26T11:02:26.644Z"
      },
      "runtime_label": "fixed-unmodified",
      "setup": {
        "catalog_event": {
          "payload": {
            "event": "snapshot",
            "lease_ttl_ms": 1200,
            "lease_version": 104,
            "leases": [],
            "session_id": "horus-long-action-probe"
          },
          "received_at": {
            "monotonic_s": 180553.108216,
            "wall_utc": "2026-08-26T11:02:24.601Z"
          }
        },
        "fresh_trial_state_verified": true,
        "goal_accepted_at": {
          "monotonic_s": 180553.15036,
          "wall_utc": "2026-08-26T11:02:24.644Z"
        },
        "goal_id": "96fab56068ebb34ff4255c6f6af71863",
        "goal_marker_x": 30.02,
        "goal_publish_sent_at": {
          "monotonic_s": 180553.149144,
          "wall_utc": "2026-08-26T11:02:24.642Z"
        },
        "lease_acquire_event": {
          "payload": {
            "event": "lease_granted",
            "holder_app_id": "long-probe-A",
            "lease_ttl_ms": 1200,
            "lease_version": 105,
            "leases": [
              {
                "acquired_at_ms": 180553140,
                "holder_app_id": "long-probe-A",
                "holder_role": "operator",
                "last_heartbeat_ms": 180553140,
                "lease_version": 105,
                "panel_open": true,
                "robot_name": "robot1",
                "session_id": "R2_TTL_EXPIRY-T02-session-A",
                "task_active": true,
                "task_kind": "navigation",
                "teleop_active": true
              }
            ],
            "request_id": "R2_TTL_EXPIRY-T02-A-acquire",
            "robot_name": "robot1",
            "session_id": "R2_TTL_EXPIRY-T02-session-A"
          },
          "received_at": {
            "monotonic_s": 180553.140654,
            "wall_utc": "2026-08-26T11:02:24.634Z"
          }
        },
        "lease_holder": "A",
        "lease_state_after_acquire": [
          {
            "acquired_at_ms": 180553140,
            "holder_app_id": "long-probe-A",
            "holder_role": "operator",
            "last_heartbeat_ms": 180553140,
            "lease_version": 105,
            "panel_open": true,
            "robot_name": "robot1",
            "session_id": "R2_TTL_EXPIRY-T02-session-A",
            "task_active": true,
            "task_kind": "navigation",
            "teleop_active": true
          }
        ]
      },
      "simulated_additional_distance_m": 1.000013,
      "started_at": {
        "monotonic_s": 180553.095357,
        "wall_utc": "2026-08-26T11:02:24.589Z"
      },
      "test_id": "R2_TTL_EXPIRY",
      "trial_complete": true,
      "trial_id": "R2_TTL_EXPIRY-T02",
      "trial_number": 2,
      "verdict": "MEASURED"
    },
    {
      "cancel_callback_latency_from_lease_state_observation_s": null,
      "cancel_callback_latency_from_revocation_initiation_s": null,
      "cancel_goal_ids": [],
      "cancel_request_count": 0,
      "cancel_request_count_at_measurement_end": 0,
      "checkpoints": [
        {
          "active_goal_count": 1,
          "active_goal_ids": [
            "4ba925aabb6fe2004cc1ada673f77445"
          ],
          "goals": {
            "4ba925aabb6fe2004cc1ada673f77445": {
              "cancel_request_count": 0,
              "feedback_count": 14,
              "goal_id": "4ba925aabb6fe2004cc1ada673f77445",
              "last_feedback_navigation_s": 3.664544,
              "last_feedback_simulated_progress_m": 0.366454,
              "state": "EXECUTING",
              "target_marker_x": 30.03,
              "terminal_at": null
            }
          },
          "lease_state": {
            "event": "lease_expired",
            "lease_ttl_ms": 1200,
            "lease_version": 122,
            "leases": [],
            "session_id": "R2_TTL_EXPIRY-T03-session-A"
          },
          "observed_at": {
            "monotonic_s": 180570.488582,
            "wall_utc": "2026-08-26T11:02:41.982Z"
          },
          "observed_offset_s": 0.500087,
          "scheduled_offset_s": 0.5
        },
        {
          "active_goal_count": 1,
          "active_goal_ids": [
            "4ba925aabb6fe2004cc1ada673f77445"
          ],
          "goals": {
            "4ba925aabb6fe2004cc1ada673f77445": {
              "cancel_request_count": 0,
              "feedback_count": 16,
              "goal_id": "4ba925aabb6fe2004cc1ada673f77445",
              "last_feedback_navigation_s": 4.231359,
              "last_feedback_simulated_progress_m": 0.423136,
              "state": "EXECUTING",
              "target_marker_x": 30.03,
              "terminal_at": null
            }
          },
          "lease_state": {
            "event": "lease_expired",
            "lease_ttl_ms": 1200,
            "lease_version": 122,
            "leases": [],
            "session_id": "R2_TTL_EXPIRY-T03-session-A"
          },
          "observed_at": {
            "monotonic_s": 180570.988571,
            "wall_utc": "2026-08-26T11:02:42.482Z"
          },
          "observed_offset_s": 1.000076,
          "scheduled_offset_s": 1.0
        },
        {
          "active_goal_count": 1,
          "active_goal_ids": [
            "4ba925aabb6fe2004cc1ada673f77445"
          ],
          "goals": {
            "4ba925aabb6fe2004cc1ada673f77445": {
              "cancel_request_count": 0,
              "feedback_count": 23,
              "goal_id": "4ba925aabb6fe2004cc1ada673f77445",
              "last_feedback_navigation_s": 6.215387,
              "last_feedback_simulated_progress_m": 0.621539,
              "state": "EXECUTING",
              "target_marker_x": 30.03,
              "terminal_at": null
            }
          },
          "lease_state": {
            "event": "lease_expired",
            "lease_ttl_ms": 1200,
            "lease_version": 122,
            "leases": [],
            "session_id": "R2_TTL_EXPIRY-T03-session-A"
          },
          "observed_at": {
            "monotonic_s": 180572.988569,
            "wall_utc": "2026-08-26T11:02:44.482Z"
          },
          "observed_offset_s": 3.000074,
          "scheduled_offset_s": 3.0
        },
        {
          "active_goal_count": 1,
          "active_goal_ids": [
            "4ba925aabb6fe2004cc1ada673f77445"
          ],
          "goals": {
            "4ba925aabb6fe2004cc1ada673f77445": {
              "cancel_request_count": 0,
              "feedback_count": 30,
              "goal_id": "4ba925aabb6fe2004cc1ada673f77445",
              "last_feedback_navigation_s": 8.195017,
              "last_feedback_simulated_progress_m": 0.819502,
              "state": "EXECUTING",
              "target_marker_x": 30.03,
              "terminal_at": null
            }
          },
          "lease_state": {
            "event": "lease_expired",
            "lease_ttl_ms": 1200,
            "lease_version": 122,
            "leases": [],
            "session_id": "R2_TTL_EXPIRY-T03-session-A"
          },
          "observed_at": {
            "monotonic_s": 180574.988565,
            "wall_utc": "2026-08-26T11:02:46.482Z"
          },
          "observed_offset_s": 5.00007,
          "scheduled_offset_s": 5.0
        },
        {
          "active_goal_count": 1,
          "active_goal_ids": [
            "4ba925aabb6fe2004cc1ada673f77445"
          ],
          "goals": {
            "4ba925aabb6fe2004cc1ada673f77445": {
              "cancel_request_count": 0,
              "feedback_count": 48,
              "goal_id": "4ba925aabb6fe2004cc1ada673f77445",
              "last_feedback_navigation_s": 13.275545,
              "last_feedback_simulated_progress_m": 1.327555,
              "state": "EXECUTING",
              "target_marker_x": 30.03,
              "terminal_at": null
            }
          },
          "lease_state": {
            "event": "lease_expired",
            "lease_ttl_ms": 1200,
            "lease_version": 122,
            "leases": [],
            "session_id": "R2_TTL_EXPIRY-T03-session-A"
          },
          "observed_at": {
            "monotonic_s": 180579.988583,
            "wall_utc": "2026-08-26T11:02:51.482Z"
          },
          "observed_offset_s": 10.000088,
          "scheduled_offset_s": 10.0
        }
      ],
      "cleanup": {
        "active_goal_ids_after_cleanup": [],
        "clean": true,
        "completed_at": {
          "monotonic_s": 180580.094316,
          "wall_utc": "2026-08-26T11:02:51.587Z"
        },
        "forced_goal_ids": [
          "4ba925aabb6fe2004cc1ada673f77445"
        ],
        "release_or_close_errors": [],
        "started_at": {
          "monotonic_s": 180579.988838,
          "wall_utc": "2026-08-26T11:02:51.482Z"
        },
        "terminal_wait_errors": []
      },
      "concurrency_events": [
        {
          "active_goal_count": 1,
          "active_goal_ids": [
            "4ba925aabb6fe2004cc1ada673f77445"
          ],
          "at": {
            "monotonic_s": 180566.65318,
            "wall_utc": "2026-08-26T11:02:38.146Z"
          },
          "reason": "goal_accepted"
        },
        {
          "active_goal_count": 1,
          "active_goal_ids": [
            "4ba925aabb6fe2004cc1ada673f77445"
          ],
          "at": {
            "monotonic_s": 180566.65349,
            "wall_utc": "2026-08-26T11:02:38.147Z"
          },
          "reason": "execute_started"
        }
      ],
      "distance_model": "constant 0.1 m/s; not physical motion",
      "duration_basis": "active_at_observation_end_lower_bound",
      "duration_is_right_censored_lower_bound": true,
      "evidence_fields": {
        "active_goal_count_at_observation_end": 1,
        "b_goal_id": null,
        "b_goal_status_at_observation_end": "NOT_APPLICABLE",
        "cancel_goal_ids": [],
        "cancel_request_times": [],
        "cleanup_clean": true,
        "expected": "A heartbeat stops and lease expiry is observed; measure accepted-goal lifecycle",
        "feedback_count_at_observation_end": 48,
        "first_feedback_time": {
          "monotonic_s": 180566.653643,
          "wall_utc": "2026-08-26T11:02:38.147Z"
        },
        "goal_accepted_time": {
          "monotonic_s": 180566.653146,
          "wall_utc": "2026-08-26T11:02:38.146Z"
        },
        "goal_id": "4ba925aabb6fe2004cc1ada673f77445",
        "goal_state_at_observation_end": "EXECUTING",
        "goal_terminal_state": "ABORTED_BY_TEST_CLEANUP",
        "last_feedback_time_at_observation_end": {
          "monotonic_s": 180579.929314,
          "wall_utc": "2026-08-26T11:02:51.422Z"
        },
        "last_simulated_progress_m_at_observation_end": 1.327555,
        "lease_holder": "A",
        "max_simultaneous_active_goals": 1,
        "observed": "GOAL_CONTINUED_THROUGH_OBSERVATION",
        "post_revocation_duration_s": 10.000088,
        "revision": "eca75cbf559f09ff793d8993338b2f1ffed1adfd",
        "revocation_time": {
          "monotonic_s": 180569.988495,
          "wall_utc": "2026-08-26T11:02:41.482Z"
        },
        "simulated_additional_distance_m": 1.000009,
        "terminal_time": {
          "monotonic_s": 180579.989064,
          "wall_utc": "2026-08-26T11:02:51.482Z"
        },
        "test_id": "R2_TTL_EXPIRY",
        "trial_id": "R2_TTL_EXPIRY-T03",
        "verdict": "MEASURED"
      },
      "expected": "A heartbeat stops and lease expiry is observed; measure accepted-goal lifecycle",
      "first_cancel_callback_at": null,
      "goal_records_at_measurement_end": {
        "4ba925aabb6fe2004cc1ada673f77445": {
          "accepted_at": {
            "monotonic_s": 180566.653146,
            "wall_utc": "2026-08-26T11:02:38.146Z"
          },
          "cancel_callbacks": [],
          "execute_started_at": {
            "monotonic_s": 180566.653479,
            "wall_utc": "2026-08-26T11:02:38.147Z"
          },
          "feedback_count": 48,
          "feedback_errors": [],
          "first_feedback_at": {
            "monotonic_s": 180566.653643,
            "wall_utc": "2026-08-26T11:02:38.147Z"
          },
          "goal_id": "4ba925aabb6fe2004cc1ada673f77445",
          "last_feedback_at": {
            "monotonic_s": 180579.929314,
            "wall_utc": "2026-08-26T11:02:51.422Z"
          },
          "last_feedback_navigation_s": 13.275545,
          "last_feedback_simulated_progress_m": 1.327555,
          "state": "EXECUTING",
          "state_history": [
            {
              "at": {
                "monotonic_s": 180566.653146,
                "wall_utc": "2026-08-26T11:02:38.146Z"
              },
              "state": "ACCEPTED"
            },
            {
              "at": {
                "monotonic_s": 180566.653479,
                "wall_utc": "2026-08-26T11:02:38.147Z"
              },
              "state": "EXECUTING"
            }
          ],
          "target_marker_x": 30.03,
          "terminal_at": null,
          "terminal_reason": null,
          "test_cleanup_requested_at": null
        }
      },
      "goal_records_final": {
        "4ba925aabb6fe2004cc1ada673f77445": {
          "accepted_at": {
            "monotonic_s": 180566.653146,
            "wall_utc": "2026-08-26T11:02:38.146Z"
          },
          "active_duration_s": 13.335585,
          "cancel_callbacks": [],
          "execute_started_at": {
            "monotonic_s": 180566.653479,
            "wall_utc": "2026-08-26T11:02:38.147Z"
          },
          "feedback_count": 48,
          "feedback_errors": [],
          "first_feedback_at": {
            "monotonic_s": 180566.653643,
            "wall_utc": "2026-08-26T11:02:38.147Z"
          },
          "goal_id": "4ba925aabb6fe2004cc1ada673f77445",
          "last_feedback_at": {
            "monotonic_s": 180579.929314,
            "wall_utc": "2026-08-26T11:02:51.422Z"
          },
          "last_feedback_navigation_s": 13.275545,
          "last_feedback_simulated_progress_m": 1.327555,
          "simulated_distance_at_terminal_m": 1.333559,
          "state": "ABORTED_BY_TEST_CLEANUP",
          "state_history": [
            {
              "at": {
                "monotonic_s": 180566.653146,
                "wall_utc": "2026-08-26T11:02:38.146Z"
              },
              "state": "ACCEPTED"
            },
            {
              "at": {
                "monotonic_s": 180566.653479,
                "wall_utc": "2026-08-26T11:02:38.147Z"
              },
              "state": "EXECUTING"
            },
            {
              "at": {
                "monotonic_s": 180579.989064,
                "wall_utc": "2026-08-26T11:02:51.482Z"
              },
              "reason": "forced_cleanup_after_measurement",
              "state": "ABORTED_BY_TEST_CLEANUP"
            }
          ],
          "target_marker_x": 30.03,
          "terminal_at": {
            "monotonic_s": 180579.989064,
            "wall_utc": "2026-08-26T11:02:51.482Z"
          },
          "terminal_reason": "forced_cleanup_after_measurement",
          "test_cleanup_requested_at": {
            "monotonic_s": 180579.988847,
            "wall_utc": "2026-08-26T11:02:51.482Z"
          }
        }
      },
      "goal_state_at_observation_end": "EXECUTING",
      "heartbeat_counts": {
        "A": 8,
        "B": 0
      },
      "lease_holder": "A",
      "lease_state_after_revocation": [],
      "max_simultaneous_active_goals": 1,
      "measurement_completed_at": {
        "monotonic_s": 180579.98883,
        "wall_utc": "2026-08-26T11:02:51.482Z"
      },
      "observed": "GOAL_CONTINUED_THROUGH_OBSERVATION",
      "outcome_class": "GOAL_CONTINUED_THROUGH_OBSERVATION",
      "path": [
        "HorusLink client",
        "horus_unity_bridge",
        "ROS goal/cancel topic",
        "horus_backend Nav2ActionAdapter",
        "dummy NavigateToPose action server"
      ],
      "post_revocation_active_duration_s": 10.000088,
      "revision": "eca75cbf559f09ff793d8993338b2f1ffed1adfd",
      "revocation_event": {
        "payload": {
          "event": "lease_expired",
          "lease_ttl_ms": 1200,
          "lease_version": 122,
          "leases": [],
          "session_id": "R2_TTL_EXPIRY-T03-session-A"
        },
        "received_at": {
          "monotonic_s": 180569.988495,
          "wall_utc": "2026-08-26T11:02:41.482Z"
        }
      },
      "revocation_event_timestamp": {
        "monotonic_s": 180569.988495,
        "wall_utc": "2026-08-26T11:02:41.482Z"
      },
      "revocation_initiated_at": {
        "monotonic_s": 180568.653251,
        "wall_utc": "2026-08-26T11:02:40.146Z"
      },
      "runtime_label": "fixed-unmodified",
      "setup": {
        "catalog_event": {
          "payload": {
            "event": "snapshot",
            "lease_ttl_ms": 1200,
            "lease_version": 113,
            "leases": [],
            "session_id": "horus-long-action-probe"
          },
          "received_at": {
            "monotonic_s": 180566.597834,
            "wall_utc": "2026-08-26T11:02:38.091Z"
          }
        },
        "fresh_trial_state_verified": true,
        "goal_accepted_at": {
          "monotonic_s": 180566.653146,
          "wall_utc": "2026-08-26T11:02:38.146Z"
        },
        "goal_id": "4ba925aabb6fe2004cc1ada673f77445",
        "goal_marker_x": 30.03,
        "goal_publish_sent_at": {
          "monotonic_s": 180566.651504,
          "wall_utc": "2026-08-26T11:02:38.145Z"
        },
        "lease_acquire_event": {
          "payload": {
            "event": "lease_granted",
            "holder_app_id": "long-probe-A",
            "lease_ttl_ms": 1200,
            "lease_version": 114,
            "leases": [
              {
                "acquired_at_ms": 180566638,
                "holder_app_id": "long-probe-A",
                "holder_role": "operator",
                "last_heartbeat_ms": 180566638,
                "lease_version": 114,
                "panel_open": true,
                "robot_name": "robot1",
                "session_id": "R2_TTL_EXPIRY-T03-session-A",
                "task_active": true,
                "task_kind": "navigation",
                "teleop_active": true
              }
            ],
            "request_id": "R2_TTL_EXPIRY-T03-A-acquire",
            "robot_name": "robot1",
            "session_id": "R2_TTL_EXPIRY-T03-session-A"
          },
          "received_at": {
            "monotonic_s": 180566.6514,
            "wall_utc": "2026-08-26T11:02:38.145Z"
          }
        },
        "lease_holder": "A",
        "lease_state_after_acquire": [
          {
            "acquired_at_ms": 180566638,
            "holder_app_id": "long-probe-A",
            "holder_role": "operator",
            "last_heartbeat_ms": 180566638,
            "lease_version": 114,
            "panel_open": true,
            "robot_name": "robot1",
            "session_id": "R2_TTL_EXPIRY-T03-session-A",
            "task_active": true,
            "task_kind": "navigation",
            "teleop_active": true
          }
        ]
      },
      "simulated_additional_distance_m": 1.000009,
      "started_at": {
        "monotonic_s": 180566.594916,
        "wall_utc": "2026-08-26T11:02:38.088Z"
      },
      "test_id": "R2_TTL_EXPIRY",
      "trial_complete": true,
      "trial_id": "R2_TTL_EXPIRY-T03",
      "trial_number": 3,
      "verdict": "MEASURED"
    },
    {
      "cancel_callback_latency_from_lease_state_observation_s": null,
      "cancel_callback_latency_from_revocation_initiation_s": null,
      "cancel_goal_ids": [],
      "cancel_request_count": 0,
      "cancel_request_count_at_measurement_end": 0,
      "checkpoints": [
        {
          "active_goal_count": 1,
          "active_goal_ids": [
            "867a2b780f2c3c9620062c7b10f4397b"
          ],
          "goals": {
            "867a2b780f2c3c9620062c7b10f4397b": {
              "cancel_request_count": 0,
              "feedback_count": 14,
              "goal_id": "867a2b780f2c3c9620062c7b10f4397b",
              "last_feedback_navigation_s": 3.682596,
              "last_feedback_simulated_progress_m": 0.36826,
              "state": "EXECUTING",
              "target_marker_x": 30.04,
              "terminal_at": null
            }
          },
          "lease_state": {
            "event": "lease_expired",
            "lease_ttl_ms": 1200,
            "lease_version": 131,
            "leases": [],
            "session_id": "R2_TTL_EXPIRY-T04-session-A"
          },
          "observed_at": {
            "monotonic_s": 180583.990362,
            "wall_utc": "2026-08-26T11:02:55.484Z"
          },
          "observed_offset_s": 0.501785,
          "scheduled_offset_s": 0.5
        },
        {
          "active_goal_count": 1,
          "active_goal_ids": [
            "867a2b780f2c3c9620062c7b10f4397b"
          ],
          "goals": {
            "867a2b780f2c3c9620062c7b10f4397b": {
              "cancel_request_count": 0,
              "feedback_count": 16,
              "goal_id": "867a2b780f2c3c9620062c7b10f4397b",
              "last_feedback_navigation_s": 4.250141,
              "last_feedback_simulated_progress_m": 0.425014,
              "state": "EXECUTING",
              "target_marker_x": 30.04,
              "terminal_at": null
            }
          },
          "lease_state": {
            "event": "lease_expired",
            "lease_ttl_ms": 1200,
            "lease_version": 131,
            "leases": [],
            "session_id": "R2_TTL_EXPIRY-T04-session-A"
          },
          "observed_at": {
            "monotonic_s": 180584.488678,
            "wall_utc": "2026-08-26T11:02:55.982Z"
          },
          "observed_offset_s": 1.000101,
          "scheduled_offset_s": 1.0
        },
        {
          "active_goal_count": 1,
          "active_goal_ids": [
            "867a2b780f2c3c9620062c7b10f4397b"
          ],
          "goals": {
            "867a2b780f2c3c9620062c7b10f4397b": {
              "cancel_request_count": 0,
              "feedback_count": 23,
              "goal_id": "867a2b780f2c3c9620062c7b10f4397b",
              "last_feedback_navigation_s": 6.228461,
              "last_feedback_simulated_progress_m": 0.622846,
              "state": "EXECUTING",
              "target_marker_x": 30.04,
              "terminal_at": null
            }
          },
          "lease_state": {
            "event": "lease_expired",
            "lease_ttl_ms": 1200,
            "lease_version": 131,
            "leases": [],
            "session_id": "R2_TTL_EXPIRY-T04-session-A"
          },
          "observed_at": {
            "monotonic_s": 180586.488648,
            "wall_utc": "2026-08-26T11:02:57.982Z"
          },
          "observed_offset_s": 3.000071,
          "scheduled_offset_s": 3.0
        },
        {
          "active_goal_count": 1,
          "active_goal_ids": [
            "867a2b780f2c3c9620062c7b10f4397b"
          ],
          "goals": {
            "867a2b780f2c3c9620062c7b10f4397b": {
              "cancel_request_count": 0,
              "feedback_count": 30,
              "goal_id": "867a2b780f2c3c9620062c7b10f4397b",
              "last_feedback_navigation_s": 8.206959,
              "last_feedback_simulated_progress_m": 0.820696,
              "state": "EXECUTING",
              "target_marker_x": 30.04,
              "terminal_at": null
            }
          },
          "lease_state": {
            "event": "lease_expired",
            "lease_ttl_ms": 1200,
            "lease_version": 131,
            "leases": [],
            "session_id": "R2_TTL_EXPIRY-T04-session-A"
          },
          "observed_at": {
            "monotonic_s": 180588.488649,
            "wall_utc": "2026-08-26T11:02:59.982Z"
          },
          "observed_offset_s": 5.000072,
          "scheduled_offset_s": 5.0
        },
        {
          "active_goal_count": 1,
          "active_goal_ids": [
            "867a2b780f2c3c9620062c7b10f4397b"
          ],
          "goals": {
            "867a2b780f2c3c9620062c7b10f4397b": {
              "cancel_request_count": 0,
              "feedback_count": 48,
              "goal_id": "867a2b780f2c3c9620062c7b10f4397b",
              "last_feedback_navigation_s": 13.299159,
              "last_feedback_simulated_progress_m": 1.329916,
              "state": "EXECUTING",
              "target_marker_x": 30.04,
              "terminal_at": null
            }
          },
          "lease_state": {
            "event": "lease_expired",
            "lease_ttl_ms": 1200,
            "lease_version": 131,
            "leases": [],
            "session_id": "R2_TTL_EXPIRY-T04-session-A"
          },
          "observed_at": {
            "monotonic_s": 180593.488749,
            "wall_utc": "2026-08-26T11:03:04.982Z"
          },
          "observed_offset_s": 10.000172,
          "scheduled_offset_s": 10.0
        }
      ],
      "cleanup": {
        "active_goal_ids_after_cleanup": [],
        "clean": true,
        "completed_at": {
          "monotonic_s": 180593.594712,
          "wall_utc": "2026-08-26T11:03:05.088Z"
        },
        "forced_goal_ids": [
          "867a2b780f2c3c9620062c7b10f4397b"
        ],
        "release_or_close_errors": [],
        "started_at": {
          "monotonic_s": 180593.489142,
          "wall_utc": "2026-08-26T11:03:04.982Z"
        },
        "terminal_wait_errors": []
      },
      "concurrency_events": [
        {
          "active_goal_count": 1,
          "active_goal_ids": [
            "867a2b780f2c3c9620062c7b10f4397b"
          ],
          "at": {
            "monotonic_s": 180580.148694,
            "wall_utc": "2026-08-26T11:02:51.642Z"
          },
          "reason": "goal_accepted"
        },
        {
          "active_goal_count": 1,
          "active_goal_ids": [
            "867a2b780f2c3c9620062c7b10f4397b"
          ],
          "at": {
            "monotonic_s": 180580.14905,
            "wall_utc": "2026-08-26T11:02:51.642Z"
          },
          "reason": "execute_started"
        }
      ],
      "distance_model": "constant 0.1 m/s; not physical motion",
      "duration_basis": "active_at_observation_end_lower_bound",
      "duration_is_right_censored_lower_bound": true,
      "evidence_fields": {
        "active_goal_count_at_observation_end": 1,
        "b_goal_id": null,
        "b_goal_status_at_observation_end": "NOT_APPLICABLE",
        "cancel_goal_ids": [],
        "cancel_request_times": [],
        "cleanup_clean": true,
        "expected": "A heartbeat stops and lease expiry is observed; measure accepted-goal lifecycle",
        "feedback_count_at_observation_end": 48,
        "first_feedback_time": {
          "monotonic_s": 180580.149246,
          "wall_utc": "2026-08-26T11:02:51.642Z"
        },
        "goal_accepted_time": {
          "monotonic_s": 180580.148666,
          "wall_utc": "2026-08-26T11:02:51.642Z"
        },
        "goal_id": "867a2b780f2c3c9620062c7b10f4397b",
        "goal_state_at_observation_end": "EXECUTING",
        "goal_terminal_state": "ABORTED_BY_TEST_CLEANUP",
        "last_feedback_time_at_observation_end": {
          "monotonic_s": 180593.448527,
          "wall_utc": "2026-08-26T11:03:04.942Z"
        },
        "last_simulated_progress_m_at_observation_end": 1.329916,
        "lease_holder": "A",
        "max_simultaneous_active_goals": 1,
        "observed": "GOAL_CONTINUED_THROUGH_OBSERVATION",
        "post_revocation_duration_s": 10.000172,
        "revision": "eca75cbf559f09ff793d8993338b2f1ffed1adfd",
        "revocation_time": {
          "monotonic_s": 180583.488577,
          "wall_utc": "2026-08-26T11:02:54.982Z"
        },
        "simulated_additional_distance_m": 1.000017,
        "terminal_time": {
          "monotonic_s": 180593.489358,
          "wall_utc": "2026-08-26T11:03:04.983Z"
        },
        "test_id": "R2_TTL_EXPIRY",
        "trial_id": "R2_TTL_EXPIRY-T04",
        "verdict": "MEASURED"
      },
      "expected": "A heartbeat stops and lease expiry is observed; measure accepted-goal lifecycle",
      "first_cancel_callback_at": null,
      "goal_records_at_measurement_end": {
        "867a2b780f2c3c9620062c7b10f4397b": {
          "accepted_at": {
            "monotonic_s": 180580.148666,
            "wall_utc": "2026-08-26T11:02:51.642Z"
          },
          "cancel_callbacks": [],
          "execute_started_at": {
            "monotonic_s": 180580.149028,
            "wall_utc": "2026-08-26T11:02:51.642Z"
          },
          "feedback_count": 48,
          "feedback_errors": [],
          "first_feedback_at": {
            "monotonic_s": 180580.149246,
            "wall_utc": "2026-08-26T11:02:51.642Z"
          },
          "goal_id": "867a2b780f2c3c9620062c7b10f4397b",
          "last_feedback_at": {
            "monotonic_s": 180593.448527,
            "wall_utc": "2026-08-26T11:03:04.942Z"
          },
          "last_feedback_navigation_s": 13.299159,
          "last_feedback_simulated_progress_m": 1.329916,
          "state": "EXECUTING",
          "state_history": [
            {
              "at": {
                "monotonic_s": 180580.148666,
                "wall_utc": "2026-08-26T11:02:51.642Z"
              },
              "state": "ACCEPTED"
            },
            {
              "at": {
                "monotonic_s": 180580.149028,
                "wall_utc": "2026-08-26T11:02:51.642Z"
              },
              "state": "EXECUTING"
            }
          ],
          "target_marker_x": 30.04,
          "terminal_at": null,
          "terminal_reason": null,
          "test_cleanup_requested_at": null
        }
      },
      "goal_records_final": {
        "867a2b780f2c3c9620062c7b10f4397b": {
          "accepted_at": {
            "monotonic_s": 180580.148666,
            "wall_utc": "2026-08-26T11:02:51.642Z"
          },
          "active_duration_s": 13.34033,
          "cancel_callbacks": [],
          "execute_started_at": {
            "monotonic_s": 180580.149028,
            "wall_utc": "2026-08-26T11:02:51.642Z"
          },
          "feedback_count": 48,
          "feedback_errors": [],
          "first_feedback_at": {
            "monotonic_s": 180580.149246,
            "wall_utc": "2026-08-26T11:02:51.642Z"
          },
          "goal_id": "867a2b780f2c3c9620062c7b10f4397b",
          "last_feedback_at": {
            "monotonic_s": 180593.448527,
            "wall_utc": "2026-08-26T11:03:04.942Z"
          },
          "last_feedback_navigation_s": 13.299159,
          "last_feedback_simulated_progress_m": 1.329916,
          "simulated_distance_at_terminal_m": 1.334033,
          "state": "ABORTED_BY_TEST_CLEANUP",
          "state_history": [
            {
              "at": {
                "monotonic_s": 180580.148666,
                "wall_utc": "2026-08-26T11:02:51.642Z"
              },
              "state": "ACCEPTED"
            },
            {
              "at": {
                "monotonic_s": 180580.149028,
                "wall_utc": "2026-08-26T11:02:51.642Z"
              },
              "state": "EXECUTING"
            },
            {
              "at": {
                "monotonic_s": 180593.489358,
                "wall_utc": "2026-08-26T11:03:04.983Z"
              },
              "reason": "forced_cleanup_after_measurement",
              "state": "ABORTED_BY_TEST_CLEANUP"
            }
          ],
          "target_marker_x": 30.04,
          "terminal_at": {
            "monotonic_s": 180593.489358,
            "wall_utc": "2026-08-26T11:03:04.983Z"
          },
          "terminal_reason": "forced_cleanup_after_measurement",
          "test_cleanup_requested_at": {
            "monotonic_s": 180593.489148,
            "wall_utc": "2026-08-26T11:03:04.982Z"
          }
        }
      },
      "goal_state_at_observation_end": "EXECUTING",
      "heartbeat_counts": {
        "A": 8,
        "B": 0
      },
      "lease_holder": "A",
      "lease_state_after_revocation": [],
      "max_simultaneous_active_goals": 1,
      "measurement_completed_at": {
        "monotonic_s": 180593.489116,
        "wall_utc": "2026-08-26T11:03:04.982Z"
      },
      "observed": "GOAL_CONTINUED_THROUGH_OBSERVATION",
      "outcome_class": "GOAL_CONTINUED_THROUGH_OBSERVATION",
      "path": [
        "HorusLink client",
        "horus_unity_bridge",
        "ROS goal/cancel topic",
        "horus_backend Nav2ActionAdapter",
        "dummy NavigateToPose action server"
      ],
      "post_revocation_active_duration_s": 10.000172,
      "revision": "eca75cbf559f09ff793d8993338b2f1ffed1adfd",
      "revocation_event": {
        "payload": {
          "event": "lease_expired",
          "lease_ttl_ms": 1200,
          "lease_version": 131,
          "leases": [],
          "session_id": "R2_TTL_EXPIRY-T04-session-A"
        },
        "received_at": {
          "monotonic_s": 180583.488577,
          "wall_utc": "2026-08-26T11:02:54.982Z"
        }
      },
      "revocation_event_timestamp": {
        "monotonic_s": 180583.488577,
        "wall_utc": "2026-08-26T11:02:54.982Z"
      },
      "revocation_initiated_at": {
        "monotonic_s": 180582.148771,
        "wall_utc": "2026-08-26T11:02:53.642Z"
      },
      "runtime_label": "fixed-unmodified",
      "setup": {
        "catalog_event": {
          "payload": {
            "event": "snapshot",
            "lease_ttl_ms": 1200,
            "lease_version": 122,
            "leases": [],
            "session_id": "horus-long-action-probe"
          },
          "received_at": {
            "monotonic_s": 180580.097078,
            "wall_utc": "2026-08-26T11:02:51.590Z"
          }
        },
        "fresh_trial_state_verified": true,
        "goal_accepted_at": {
          "monotonic_s": 180580.148666,
          "wall_utc": "2026-08-26T11:02:51.642Z"
        },
        "goal_id": "867a2b780f2c3c9620062c7b10f4397b",
        "goal_marker_x": 30.04,
        "goal_publish_sent_at": {
          "monotonic_s": 180580.147076,
          "wall_utc": "2026-08-26T11:02:51.640Z"
        },
        "lease_acquire_event": {
          "payload": {
            "event": "lease_granted",
            "holder_app_id": "long-probe-A",
            "lease_ttl_ms": 1200,
            "lease_version": 123,
            "leases": [
              {
                "acquired_at_ms": 180580137,
                "holder_app_id": "long-probe-A",
                "holder_role": "operator",
                "last_heartbeat_ms": 180580137,
                "lease_version": 123,
                "panel_open": true,
                "robot_name": "robot1",
                "session_id": "R2_TTL_EXPIRY-T04-session-A",
                "task_active": true,
                "task_kind": "navigation",
                "teleop_active": true
              }
            ],
            "request_id": "R2_TTL_EXPIRY-T04-A-acquire",
            "robot_name": "robot1",
            "session_id": "R2_TTL_EXPIRY-T04-session-A"
          },
          "received_at": {
            "monotonic_s": 180580.137596,
            "wall_utc": "2026-08-26T11:02:51.631Z"
          }
        },
        "lease_holder": "A",
        "lease_state_after_acquire": [
          {
            "acquired_at_ms": 180580137,
            "holder_app_id": "long-probe-A",
            "holder_role": "operator",
            "last_heartbeat_ms": 180580137,
            "lease_version": 123,
            "panel_open": true,
            "robot_name": "robot1",
            "session_id": "R2_TTL_EXPIRY-T04-session-A",
            "task_active": true,
            "task_kind": "navigation",
            "teleop_active": true
          }
        ]
      },
      "simulated_additional_distance_m": 1.000017,
      "started_at": {
        "monotonic_s": 180580.094416,
        "wall_utc": "2026-08-26T11:02:51.588Z"
      },
      "test_id": "R2_TTL_EXPIRY",
      "trial_complete": true,
      "trial_id": "R2_TTL_EXPIRY-T04",
      "trial_number": 4,
      "verdict": "MEASURED"
    },
    {
      "cancel_callback_latency_from_lease_state_observation_s": null,
      "cancel_callback_latency_from_revocation_initiation_s": null,
      "cancel_goal_ids": [],
      "cancel_request_count": 0,
      "cancel_request_count_at_measurement_end": 0,
      "checkpoints": [
        {
          "active_goal_count": 1,
          "active_goal_ids": [
            "ebf3ffc8f7966e5d101ff9149d2f4608"
          ],
          "goals": {
            "ebf3ffc8f7966e5d101ff9149d2f4608": {
              "cancel_request_count": 0,
              "feedback_count": 14,
              "goal_id": "ebf3ffc8f7966e5d101ff9149d2f4608",
              "last_feedback_navigation_s": 3.669885,
              "last_feedback_simulated_progress_m": 0.366988,
              "state": "EXECUTING",
              "target_marker_x": 30.05,
              "terminal_at": null
            }
          },
          "lease_state": {
            "event": "lease_expired",
            "lease_ttl_ms": 1200,
            "lease_version": 140,
            "leases": [],
            "session_id": "R2_TTL_EXPIRY-T05-session-A"
          },
          "observed_at": {
            "monotonic_s": 180597.488967,
            "wall_utc": "2026-08-26T11:03:08.982Z"
          },
          "observed_offset_s": 0.500075,
          "scheduled_offset_s": 0.5
        },
        {
          "active_goal_count": 1,
          "active_goal_ids": [
            "ebf3ffc8f7966e5d101ff9149d2f4608"
          ],
          "goals": {
            "ebf3ffc8f7966e5d101ff9149d2f4608": {
              "cancel_request_count": 0,
              "feedback_count": 16,
              "goal_id": "ebf3ffc8f7966e5d101ff9149d2f4608",
              "last_feedback_navigation_s": 4.237349,
              "last_feedback_simulated_progress_m": 0.423735,
              "state": "EXECUTING",
              "target_marker_x": 30.05,
              "terminal_at": null
            }
          },
          "lease_state": {
            "event": "lease_expired",
            "lease_ttl_ms": 1200,
            "lease_version": 140,
            "leases": [],
            "session_id": "R2_TTL_EXPIRY-T05-session-A"
          },
          "observed_at": {
            "monotonic_s": 180597.988964,
            "wall_utc": "2026-08-26T11:03:09.482Z"
          },
          "observed_offset_s": 1.000072,
          "scheduled_offset_s": 1.0
        },
        {
          "active_goal_count": 1,
          "active_goal_ids": [
            "ebf3ffc8f7966e5d101ff9149d2f4608"
          ],
          "goals": {
            "ebf3ffc8f7966e5d101ff9149d2f4608": {
              "cancel_request_count": 0,
              "feedback_count": 23,
              "goal_id": "ebf3ffc8f7966e5d101ff9149d2f4608",
              "last_feedback_navigation_s": 6.211645,
              "last_feedback_simulated_progress_m": 0.621164,
              "state": "EXECUTING",
              "target_marker_x": 30.05,
              "terminal_at": null
            }
          },
          "lease_state": {
            "event": "lease_expired",
            "lease_ttl_ms": 1200,
            "lease_version": 140,
            "leases": [],
            "session_id": "R2_TTL_EXPIRY-T05-session-A"
          },
          "observed_at": {
            "monotonic_s": 180599.988951,
            "wall_utc": "2026-08-26T11:03:11.482Z"
          },
          "observed_offset_s": 3.000059,
          "scheduled_offset_s": 3.0
        },
        {
          "active_goal_count": 1,
          "active_goal_ids": [
            "ebf3ffc8f7966e5d101ff9149d2f4608"
          ],
          "goals": {
            "ebf3ffc8f7966e5d101ff9149d2f4608": {
              "cancel_request_count": 0,
              "feedback_count": 30,
              "goal_id": "ebf3ffc8f7966e5d101ff9149d2f4608",
              "last_feedback_navigation_s": 8.191618,
              "last_feedback_simulated_progress_m": 0.819162,
              "state": "EXECUTING",
              "target_marker_x": 30.05,
              "terminal_at": null
            }
          },
          "lease_state": {
            "event": "lease_expired",
            "lease_ttl_ms": 1200,
            "lease_version": 140,
            "leases": [],
            "session_id": "R2_TTL_EXPIRY-T05-session-A"
          },
          "observed_at": {
            "monotonic_s": 180601.990739,
            "wall_utc": "2026-08-26T11:03:13.484Z"
          },
          "observed_offset_s": 5.001847,
          "scheduled_offset_s": 5.0
        },
        {
          "active_goal_count": 1,
          "active_goal_ids": [
            "ebf3ffc8f7966e5d101ff9149d2f4608"
          ],
          "goals": {
            "ebf3ffc8f7966e5d101ff9149d2f4608": {
              "cancel_request_count": 0,
              "feedback_count": 48,
              "goal_id": "ebf3ffc8f7966e5d101ff9149d2f4608",
              "last_feedback_navigation_s": 13.270325,
              "last_feedback_simulated_progress_m": 1.327033,
              "state": "EXECUTING",
              "target_marker_x": 30.05,
              "terminal_at": null
            }
          },
          "lease_state": {
            "event": "lease_expired",
            "lease_ttl_ms": 1200,
            "lease_version": 140,
            "leases": [],
            "session_id": "R2_TTL_EXPIRY-T05-session-A"
          },
          "observed_at": {
            "monotonic_s": 180606.98896,
            "wall_utc": "2026-08-26T11:03:18.482Z"
          },
          "observed_offset_s": 10.000068,
          "scheduled_offset_s": 10.0
        }
      ],
      "cleanup": {
        "active_goal_ids_after_cleanup": [],
        "clean": true,
        "completed_at": {
          "monotonic_s": 180607.094621,
          "wall_utc": "2026-08-26T11:03:18.588Z"
        },
        "forced_goal_ids": [
          "ebf3ffc8f7966e5d101ff9149d2f4608"
        ],
        "release_or_close_errors": [],
        "started_at": {
          "monotonic_s": 180606.989163,
          "wall_utc": "2026-08-26T11:03:18.482Z"
        },
        "terminal_wait_errors": []
      },
      "concurrency_events": [
        {
          "active_goal_count": 1,
          "active_goal_ids": [
            "ebf3ffc8f7966e5d101ff9149d2f4608"
          ],
          "at": {
            "monotonic_s": 180593.65331,
            "wall_utc": "2026-08-26T11:03:05.146Z"
          },
          "reason": "goal_accepted"
        },
        {
          "active_goal_count": 1,
          "active_goal_ids": [
            "ebf3ffc8f7966e5d101ff9149d2f4608"
          ],
          "at": {
            "monotonic_s": 180593.653736,
            "wall_utc": "2026-08-26T11:03:05.147Z"
          },
          "reason": "execute_started"
        }
      ],
      "distance_model": "constant 0.1 m/s; not physical motion",
      "duration_basis": "active_at_observation_end_lower_bound",
      "duration_is_right_censored_lower_bound": true,
      "evidence_fields": {
        "active_goal_count_at_observation_end": 1,
        "b_goal_id": null,
        "b_goal_status_at_observation_end": "NOT_APPLICABLE",
        "cancel_goal_ids": [],
        "cancel_request_times": [],
        "cleanup_clean": true,
        "expected": "A heartbeat stops and lease expiry is observed; measure accepted-goal lifecycle",
        "feedback_count_at_observation_end": 48,
        "first_feedback_time": {
          "monotonic_s": 180593.653877,
          "wall_utc": "2026-08-26T11:03:05.147Z"
        },
        "goal_accepted_time": {
          "monotonic_s": 180593.653265,
          "wall_utc": "2026-08-26T11:03:05.146Z"
        },
        "goal_id": "ebf3ffc8f7966e5d101ff9149d2f4608",
        "goal_state_at_observation_end": "EXECUTING",
        "goal_terminal_state": "ABORTED_BY_TEST_CLEANUP",
        "last_feedback_time_at_observation_end": {
          "monotonic_s": 180606.924333,
          "wall_utc": "2026-08-26T11:03:18.417Z"
        },
        "last_simulated_progress_m_at_observation_end": 1.327033,
        "lease_holder": "A",
        "max_simultaneous_active_goals": 1,
        "observed": "GOAL_CONTINUED_THROUGH_OBSERVATION",
        "post_revocation_duration_s": 10.000068,
        "revision": "eca75cbf559f09ff793d8993338b2f1ffed1adfd",
        "revocation_time": {
          "monotonic_s": 180596.988892,
          "wall_utc": "2026-08-26T11:03:08.482Z"
        },
        "simulated_additional_distance_m": 1.000007,
        "terminal_time": {
          "monotonic_s": 180606.989331,
          "wall_utc": "2026-08-26T11:03:18.482Z"
        },
        "test_id": "R2_TTL_EXPIRY",
        "trial_id": "R2_TTL_EXPIRY-T05",
        "verdict": "MEASURED"
      },
      "expected": "A heartbeat stops and lease expiry is observed; measure accepted-goal lifecycle",
      "first_cancel_callback_at": null,
      "goal_records_at_measurement_end": {
        "ebf3ffc8f7966e5d101ff9149d2f4608": {
          "accepted_at": {
            "monotonic_s": 180593.653265,
            "wall_utc": "2026-08-26T11:03:05.146Z"
          },
          "cancel_callbacks": [],
          "execute_started_at": {
            "monotonic_s": 180593.653719,
            "wall_utc": "2026-08-26T11:03:05.147Z"
          },
          "feedback_count": 48,
          "feedback_errors": [],
          "first_feedback_at": {
            "monotonic_s": 180593.653877,
            "wall_utc": "2026-08-26T11:03:05.147Z"
          },
          "goal_id": "ebf3ffc8f7966e5d101ff9149d2f4608",
          "last_feedback_at": {
            "monotonic_s": 180606.924333,
            "wall_utc": "2026-08-26T11:03:18.417Z"
          },
          "last_feedback_navigation_s": 13.270325,
          "last_feedback_simulated_progress_m": 1.327033,
          "state": "EXECUTING",
          "state_history": [
            {
              "at": {
                "monotonic_s": 180593.653265,
                "wall_utc": "2026-08-26T11:03:05.146Z"
              },
              "state": "ACCEPTED"
            },
            {
              "at": {
                "monotonic_s": 180593.653719,
                "wall_utc": "2026-08-26T11:03:05.147Z"
              },
              "state": "EXECUTING"
            }
          ],
          "target_marker_x": 30.05,
          "terminal_at": null,
          "terminal_reason": null,
          "test_cleanup_requested_at": null
        }
      },
      "goal_records_final": {
        "ebf3ffc8f7966e5d101ff9149d2f4608": {
          "accepted_at": {
            "monotonic_s": 180593.653265,
            "wall_utc": "2026-08-26T11:03:05.146Z"
          },
          "active_duration_s": 13.335612,
          "cancel_callbacks": [],
          "execute_started_at": {
            "monotonic_s": 180593.653719,
            "wall_utc": "2026-08-26T11:03:05.147Z"
          },
          "feedback_count": 48,
          "feedback_errors": [],
          "first_feedback_at": {
            "monotonic_s": 180593.653877,
            "wall_utc": "2026-08-26T11:03:05.147Z"
          },
          "goal_id": "ebf3ffc8f7966e5d101ff9149d2f4608",
          "last_feedback_at": {
            "monotonic_s": 180606.924333,
            "wall_utc": "2026-08-26T11:03:18.417Z"
          },
          "last_feedback_navigation_s": 13.270325,
          "last_feedback_simulated_progress_m": 1.327033,
          "simulated_distance_at_terminal_m": 1.333561,
          "state": "ABORTED_BY_TEST_CLEANUP",
          "state_history": [
            {
              "at": {
                "monotonic_s": 180593.653265,
                "wall_utc": "2026-08-26T11:03:05.146Z"
              },
              "state": "ACCEPTED"
            },
            {
              "at": {
                "monotonic_s": 180593.653719,
                "wall_utc": "2026-08-26T11:03:05.147Z"
              },
              "state": "EXECUTING"
            },
            {
              "at": {
                "monotonic_s": 180606.989331,
                "wall_utc": "2026-08-26T11:03:18.482Z"
              },
              "reason": "forced_cleanup_after_measurement",
              "state": "ABORTED_BY_TEST_CLEANUP"
            }
          ],
          "target_marker_x": 30.05,
          "terminal_at": {
            "monotonic_s": 180606.989331,
            "wall_utc": "2026-08-26T11:03:18.482Z"
          },
          "terminal_reason": "forced_cleanup_after_measurement",
          "test_cleanup_requested_at": {
            "monotonic_s": 180606.989167,
            "wall_utc": "2026-08-26T11:03:18.482Z"
          }
        }
      },
      "goal_state_at_observation_end": "EXECUTING",
      "heartbeat_counts": {
        "A": 8,
        "B": 0
      },
      "lease_holder": "A",
      "lease_state_after_revocation": [],
      "max_simultaneous_active_goals": 1,
      "measurement_completed_at": {
        "monotonic_s": 180606.989159,
        "wall_utc": "2026-08-26T11:03:18.482Z"
      },
      "observed": "GOAL_CONTINUED_THROUGH_OBSERVATION",
      "outcome_class": "GOAL_CONTINUED_THROUGH_OBSERVATION",
      "path": [
        "HorusLink client",
        "horus_unity_bridge",
        "ROS goal/cancel topic",
        "horus_backend Nav2ActionAdapter",
        "dummy NavigateToPose action server"
      ],
      "post_revocation_active_duration_s": 10.000068,
      "revision": "eca75cbf559f09ff793d8993338b2f1ffed1adfd",
      "revocation_event": {
        "payload": {
          "event": "lease_expired",
          "lease_ttl_ms": 1200,
          "lease_version": 140,
          "leases": [],
          "session_id": "R2_TTL_EXPIRY-T05-session-A"
        },
        "received_at": {
          "monotonic_s": 180596.988892,
          "wall_utc": "2026-08-26T11:03:08.482Z"
        }
      },
      "revocation_event_timestamp": {
        "monotonic_s": 180596.988892,
        "wall_utc": "2026-08-26T11:03:08.482Z"
      },
      "revocation_initiated_at": {
        "monotonic_s": 180595.653354,
        "wall_utc": "2026-08-26T11:03:07.147Z"
      },
      "runtime_label": "fixed-unmodified",
      "setup": {
        "catalog_event": {
          "payload": {
            "event": "snapshot",
            "lease_ttl_ms": 1200,
            "lease_version": 131,
            "leases": [],
            "session_id": "horus-long-action-probe"
          },
          "received_at": {
            "monotonic_s": 180593.598971,
            "wall_utc": "2026-08-26T11:03:05.092Z"
          }
        },
        "fresh_trial_state_verified": true,
        "goal_accepted_at": {
          "monotonic_s": 180593.653265,
          "wall_utc": "2026-08-26T11:03:05.146Z"
        },
        "goal_id": "ebf3ffc8f7966e5d101ff9149d2f4608",
        "goal_marker_x": 30.05,
        "goal_publish_sent_at": {
          "monotonic_s": 180593.648557,
          "wall_utc": "2026-08-26T11:03:05.142Z"
        },
        "lease_acquire_event": {
          "payload": {
            "event": "lease_granted",
            "holder_app_id": "long-probe-A",
            "lease_ttl_ms": 1200,
            "lease_version": 132,
            "leases": [
              {
                "acquired_at_ms": 180593639,
                "holder_app_id": "long-probe-A",
                "holder_role": "operator",
                "last_heartbeat_ms": 180593639,
                "lease_version": 132,
                "panel_open": true,
                "robot_name": "robot1",
                "session_id": "R2_TTL_EXPIRY-T05-session-A",
                "task_active": true,
                "task_kind": "navigation",
                "teleop_active": true
              }
            ],
            "request_id": "R2_TTL_EXPIRY-T05-A-acquire",
            "robot_name": "robot1",
            "session_id": "R2_TTL_EXPIRY-T05-session-A"
          },
          "received_at": {
            "monotonic_s": 180593.642718,
            "wall_utc": "2026-08-26T11:03:05.136Z"
          }
        },
        "lease_holder": "A",
        "lease_state_after_acquire": [
          {
            "acquired_at_ms": 180593639,
            "holder_app_id": "long-probe-A",
            "holder_role": "operator",
            "last_heartbeat_ms": 180593639,
            "lease_version": 132,
            "panel_open": true,
            "robot_name": "robot1",
            "session_id": "R2_TTL_EXPIRY-T05-session-A",
            "task_active": true,
            "task_kind": "navigation",
            "teleop_active": true
          }
        ]
      },
      "simulated_additional_distance_m": 1.000007,
      "started_at": {
        "monotonic_s": 180593.594887,
        "wall_utc": "2026-08-26T11:03:05.088Z"
      },
      "test_id": "R2_TTL_EXPIRY",
      "trial_complete": true,
      "trial_id": "R2_TTL_EXPIRY-T05",
      "trial_number": 5,
      "verdict": "MEASURED"
    },
    {
      "cancel_callback_latency_from_lease_state_observation_s": null,
      "cancel_callback_latency_from_revocation_initiation_s": null,
      "cancel_goal_ids": [],
      "cancel_request_count": 0,
      "cancel_request_count_at_measurement_end": 0,
      "checkpoints": [
        {
          "active_goal_count": 1,
          "active_goal_ids": [
            "45a7d1e738153bdaafc5aa6697e87b5f"
          ],
          "goals": {
            "45a7d1e738153bdaafc5aa6697e87b5f": {
              "cancel_request_count": 0,
              "feedback_count": 9,
              "goal_id": "45a7d1e738153bdaafc5aa6697e87b5f",
              "last_feedback_navigation_s": 2.264368,
              "last_feedback_simulated_progress_m": 0.226437,
              "state": "EXECUTING",
              "target_marker_x": 40.01,
              "terminal_at": null
            }
          },
          "lease_state": {
            "event": "client_disconnected_release",
            "lease_ttl_ms": 1200,
            "lease_version": 149,
            "leases": [],
            "session_id": "R3_DISCONNECT-T01-session-A"
          },
          "observed_at": {
            "monotonic_s": 180609.650017,
            "wall_utc": "2026-08-26T11:03:21.143Z"
          },
          "observed_offset_s": 0.500032,
          "scheduled_offset_s": 0.5
        },
        {
          "active_goal_count": 1,
          "active_goal_ids": [
            "45a7d1e738153bdaafc5aa6697e87b5f"
          ],
          "goals": {
            "45a7d1e738153bdaafc5aa6697e87b5f": {
              "cancel_request_count": 0,
              "feedback_count": 11,
              "goal_id": "45a7d1e738153bdaafc5aa6697e87b5f",
              "last_feedback_navigation_s": 2.829454,
              "last_feedback_simulated_progress_m": 0.282945,
              "state": "EXECUTING",
              "target_marker_x": 40.01,
              "terminal_at": null
            }
          },
          "lease_state": {
            "event": "client_disconnected_release",
            "lease_ttl_ms": 1200,
            "lease_version": 149,
            "leases": [],
            "session_id": "R3_DISCONNECT-T01-session-A"
          },
          "observed_at": {
            "monotonic_s": 180610.150014,
            "wall_utc": "2026-08-26T11:03:21.643Z"
          },
          "observed_offset_s": 1.000029,
          "scheduled_offset_s": 1.0
        },
        {
          "active_goal_count": 1,
          "active_goal_ids": [
            "45a7d1e738153bdaafc5aa6697e87b5f"
          ],
          "goals": {
            "45a7d1e738153bdaafc5aa6697e87b5f": {
              "cancel_request_count": 0,
              "feedback_count": 18,
              "goal_id": "45a7d1e738153bdaafc5aa6697e87b5f",
              "last_feedback_navigation_s": 4.811109,
              "last_feedback_simulated_progress_m": 0.481111,
              "state": "EXECUTING",
              "target_marker_x": 40.01,
              "terminal_at": null
            }
          },
          "lease_state": {
            "event": "client_disconnected_release",
            "lease_ttl_ms": 1200,
            "lease_version": 149,
            "leases": [],
            "session_id": "R3_DISCONNECT-T01-session-A"
          },
          "observed_at": {
            "monotonic_s": 180612.150053,
            "wall_utc": "2026-08-26T11:03:23.643Z"
          },
          "observed_offset_s": 3.000068,
          "scheduled_offset_s": 3.0
        },
        {
          "active_goal_count": 1,
          "active_goal_ids": [
            "45a7d1e738153bdaafc5aa6697e87b5f"
          ],
          "goals": {
            "45a7d1e738153bdaafc5aa6697e87b5f": {
              "cancel_request_count": 0,
              "feedback_count": 25,
              "goal_id": "45a7d1e738153bdaafc5aa6697e87b5f",
              "last_feedback_navigation_s": 6.787448,
              "last_feedback_simulated_progress_m": 0.678745,
              "state": "EXECUTING",
              "target_marker_x": 40.01,
              "terminal_at": null
            }
          },
          "lease_state": {
            "event": "client_disconnected_release",
            "lease_ttl_ms": 1200,
            "lease_version": 149,
            "leases": [],
            "session_id": "R3_DISCONNECT-T01-session-A"
          },
          "observed_at": {
            "monotonic_s": 180614.150014,
            "wall_utc": "2026-08-26T11:03:25.643Z"
          },
          "observed_offset_s": 5.000029,
          "scheduled_offset_s": 5.0
        },
        {
          "active_goal_count": 1,
          "active_goal_ids": [
            "45a7d1e738153bdaafc5aa6697e87b5f"
          ],
          "goals": {
            "45a7d1e738153bdaafc5aa6697e87b5f": {
              "cancel_request_count": 0,
              "feedback_count": 43,
              "goal_id": "45a7d1e738153bdaafc5aa6697e87b5f",
              "last_feedback_navigation_s": 11.870547,
              "last_feedback_simulated_progress_m": 1.187055,
              "state": "EXECUTING",
              "target_marker_x": 40.01,
              "terminal_at": null
            }
          },
          "lease_state": {
            "event": "client_disconnected_release",
            "lease_ttl_ms": 1200,
            "lease_version": 149,
            "leases": [],
            "session_id": "R3_DISCONNECT-T01-session-A"
          },
          "observed_at": {
            "monotonic_s": 180619.150029,
            "wall_utc": "2026-08-26T11:03:30.643Z"
          },
          "observed_offset_s": 10.000044,
          "scheduled_offset_s": 10.0
        }
      ],
      "cleanup": {
        "active_goal_ids_after_cleanup": [],
        "clean": true,
        "completed_at": {
          "monotonic_s": 180619.258426,
          "wall_utc": "2026-08-26T11:03:30.752Z"
        },
        "forced_goal_ids": [
          "45a7d1e738153bdaafc5aa6697e87b5f"
        ],
        "release_or_close_errors": [],
        "started_at": {
          "monotonic_s": 180619.150342,
          "wall_utc": "2026-08-26T11:03:30.644Z"
        },
        "terminal_wait_errors": []
      },
      "concurrency_events": [
        {
          "active_goal_count": 1,
          "active_goal_ids": [
            "45a7d1e738153bdaafc5aa6697e87b5f"
          ],
          "at": {
            "monotonic_s": 180607.149032,
            "wall_utc": "2026-08-26T11:03:18.642Z"
          },
          "reason": "goal_accepted"
        },
        {
          "active_goal_count": 1,
          "active_goal_ids": [
            "45a7d1e738153bdaafc5aa6697e87b5f"
          ],
          "at": {
            "monotonic_s": 180607.149303,
            "wall_utc": "2026-08-26T11:03:18.642Z"
          },
          "reason": "execute_started"
        }
      ],
      "distance_model": "constant 0.1 m/s; not physical motion",
      "duration_basis": "active_at_observation_end_lower_bound",
      "duration_is_right_censored_lower_bound": true,
      "evidence_fields": {
        "active_goal_count_at_observation_end": 1,
        "b_goal_id": null,
        "b_goal_status_at_observation_end": "NOT_APPLICABLE",
        "cancel_goal_ids": [],
        "cancel_request_times": [],
        "cleanup_clean": true,
        "expected": "A HorusLink connection closes and lease cleanup is observed; measure accepted-goal lifecycle",
        "feedback_count_at_observation_end": 43,
        "first_feedback_time": {
          "monotonic_s": 180607.149411,
          "wall_utc": "2026-08-26T11:03:18.643Z"
        },
        "goal_accepted_time": {
          "monotonic_s": 180607.148979,
          "wall_utc": "2026-08-26T11:03:18.642Z"
        },
        "goal_id": "45a7d1e738153bdaafc5aa6697e87b5f",
        "goal_state_at_observation_end": "EXECUTING",
        "goal_terminal_state": "ABORTED_BY_TEST_CLEANUP",
        "last_feedback_time_at_observation_end": {
          "monotonic_s": 180619.020122,
          "wall_utc": "2026-08-26T11:03:30.513Z"
        },
        "last_simulated_progress_m_at_observation_end": 1.187055,
        "lease_holder": "A",
        "max_simultaneous_active_goals": 1,
        "observed": "GOAL_CONTINUED_THROUGH_OBSERVATION",
        "post_revocation_duration_s": 10.000044,
        "revision": "eca75cbf559f09ff793d8993338b2f1ffed1adfd",
        "revocation_time": {
          "monotonic_s": 180609.149985,
          "wall_utc": "2026-08-26T11:03:20.643Z"
        },
        "simulated_additional_distance_m": 1.000004,
        "terminal_time": {
          "monotonic_s": 180619.150563,
          "wall_utc": "2026-08-26T11:03:30.644Z"
        },
        "test_id": "R3_DISCONNECT",
        "trial_id": "R3_DISCONNECT-T01",
        "verdict": "MEASURED"
      },
      "expected": "A HorusLink connection closes and lease cleanup is observed; measure accepted-goal lifecycle",
      "first_cancel_callback_at": null,
      "goal_records_at_measurement_end": {
        "45a7d1e738153bdaafc5aa6697e87b5f": {
          "accepted_at": {
            "monotonic_s": 180607.148979,
            "wall_utc": "2026-08-26T11:03:18.642Z"
          },
          "cancel_callbacks": [],
          "execute_started_at": {
            "monotonic_s": 180607.149289,
            "wall_utc": "2026-08-26T11:03:18.642Z"
          },
          "feedback_count": 43,
          "feedback_errors": [],
          "first_feedback_at": {
            "monotonic_s": 180607.149411,
            "wall_utc": "2026-08-26T11:03:18.643Z"
          },
          "goal_id": "45a7d1e738153bdaafc5aa6697e87b5f",
          "last_feedback_at": {
            "monotonic_s": 180619.020122,
            "wall_utc": "2026-08-26T11:03:30.513Z"
          },
          "last_feedback_navigation_s": 11.870547,
          "last_feedback_simulated_progress_m": 1.187055,
          "state": "EXECUTING",
          "state_history": [
            {
              "at": {
                "monotonic_s": 180607.148979,
                "wall_utc": "2026-08-26T11:03:18.642Z"
              },
              "state": "ACCEPTED"
            },
            {
              "at": {
                "monotonic_s": 180607.149289,
                "wall_utc": "2026-08-26T11:03:18.642Z"
              },
              "state": "EXECUTING"
            }
          ],
          "target_marker_x": 40.01,
          "terminal_at": null,
          "terminal_reason": null,
          "test_cleanup_requested_at": null
        }
      },
      "goal_records_final": {
        "45a7d1e738153bdaafc5aa6697e87b5f": {
          "accepted_at": {
            "monotonic_s": 180607.148979,
            "wall_utc": "2026-08-26T11:03:18.642Z"
          },
          "active_duration_s": 12.001274,
          "cancel_callbacks": [],
          "execute_started_at": {
            "monotonic_s": 180607.149289,
            "wall_utc": "2026-08-26T11:03:18.642Z"
          },
          "feedback_count": 43,
          "feedback_errors": [],
          "first_feedback_at": {
            "monotonic_s": 180607.149411,
            "wall_utc": "2026-08-26T11:03:18.643Z"
          },
          "goal_id": "45a7d1e738153bdaafc5aa6697e87b5f",
          "last_feedback_at": {
            "monotonic_s": 180619.020122,
            "wall_utc": "2026-08-26T11:03:30.513Z"
          },
          "last_feedback_navigation_s": 11.870547,
          "last_feedback_simulated_progress_m": 1.187055,
          "simulated_distance_at_terminal_m": 1.200127,
          "state": "ABORTED_BY_TEST_CLEANUP",
          "state_history": [
            {
              "at": {
                "monotonic_s": 180607.148979,
                "wall_utc": "2026-08-26T11:03:18.642Z"
              },
              "state": "ACCEPTED"
            },
            {
              "at": {
                "monotonic_s": 180607.149289,
                "wall_utc": "2026-08-26T11:03:18.642Z"
              },
              "state": "EXECUTING"
            },
            {
              "at": {
                "monotonic_s": 180619.150563,
                "wall_utc": "2026-08-26T11:03:30.644Z"
              },
              "reason": "forced_cleanup_after_measurement",
              "state": "ABORTED_BY_TEST_CLEANUP"
            }
          ],
          "target_marker_x": 40.01,
          "terminal_at": {
            "monotonic_s": 180619.150563,
            "wall_utc": "2026-08-26T11:03:30.644Z"
          },
          "terminal_reason": "forced_cleanup_after_measurement",
          "test_cleanup_requested_at": {
            "monotonic_s": 180619.150349,
            "wall_utc": "2026-08-26T11:03:30.644Z"
          }
        }
      },
      "goal_state_at_observation_end": "EXECUTING",
      "heartbeat_counts": {
        "A": 8,
        "B": 0
      },
      "lease_holder": "A",
      "lease_state_after_revocation": [],
      "max_simultaneous_active_goals": 1,
      "measurement_completed_at": {
        "monotonic_s": 180619.150331,
        "wall_utc": "2026-08-26T11:03:30.643Z"
      },
      "observed": "GOAL_CONTINUED_THROUGH_OBSERVATION",
      "outcome_class": "GOAL_CONTINUED_THROUGH_OBSERVATION",
      "path": [
        "HorusLink client",
        "horus_unity_bridge",
        "ROS goal/cancel topic",
        "horus_backend Nav2ActionAdapter",
        "dummy NavigateToPose action server"
      ],
      "post_revocation_active_duration_s": 10.000044,
      "revision": "eca75cbf559f09ff793d8993338b2f1ffed1adfd",
      "revocation_event": {
        "payload": {
          "event": "client_disconnected_release",
          "lease_ttl_ms": 1200,
          "lease_version": 149,
          "leases": [],
          "session_id": "R3_DISCONNECT-T01-session-A"
        },
        "received_at": {
          "monotonic_s": 180609.149985,
          "wall_utc": "2026-08-26T11:03:20.643Z"
        }
      },
      "revocation_event_timestamp": {
        "monotonic_s": 180609.149985,
        "wall_utc": "2026-08-26T11:03:20.643Z"
      },
      "revocation_initiated_at": {
        "monotonic_s": 180609.149059,
        "wall_utc": "2026-08-26T11:03:20.642Z"
      },
      "runtime_label": "fixed-unmodified",
      "setup": {
        "catalog_event": {
          "payload": {
            "event": "snapshot",
            "lease_ttl_ms": 1200,
            "lease_version": 140,
            "leases": [],
            "session_id": "horus-long-action-probe"
          },
          "received_at": {
            "monotonic_s": 180607.097281,
            "wall_utc": "2026-08-26T11:03:18.590Z"
          }
        },
        "fresh_trial_state_verified": true,
        "goal_accepted_at": {
          "monotonic_s": 180607.148979,
          "wall_utc": "2026-08-26T11:03:18.642Z"
        },
        "goal_id": "45a7d1e738153bdaafc5aa6697e87b5f",
        "goal_marker_x": 40.01,
        "goal_publish_sent_at": {
          "monotonic_s": 180607.147311,
          "wall_utc": "2026-08-26T11:03:18.640Z"
        },
        "lease_acquire_event": {
          "payload": {
            "event": "lease_granted",
            "holder_app_id": "long-probe-A",
            "lease_ttl_ms": 1200,
            "lease_version": 141,
            "leases": [
              {
                "acquired_at_ms": 180607137,
                "holder_app_id": "long-probe-A",
                "holder_role": "operator",
                "last_heartbeat_ms": 180607137,
                "lease_version": 141,
                "panel_open": true,
                "robot_name": "robot1",
                "session_id": "R3_DISCONNECT-T01-session-A",
                "task_active": true,
                "task_kind": "navigation",
                "teleop_active": true
              }
            ],
            "request_id": "R3_DISCONNECT-T01-A-acquire",
            "robot_name": "robot1",
            "session_id": "R3_DISCONNECT-T01-session-A"
          },
          "received_at": {
            "monotonic_s": 180607.13758,
            "wall_utc": "2026-08-26T11:03:18.631Z"
          }
        },
        "lease_holder": "A",
        "lease_state_after_acquire": [
          {
            "acquired_at_ms": 180607137,
            "holder_app_id": "long-probe-A",
            "holder_role": "operator",
            "last_heartbeat_ms": 180607137,
            "lease_version": 141,
            "panel_open": true,
            "robot_name": "robot1",
            "session_id": "R3_DISCONNECT-T01-session-A",
            "task_active": true,
            "task_kind": "navigation",
            "teleop_active": true
          }
        ]
      },
      "simulated_additional_distance_m": 1.000004,
      "started_at": {
        "monotonic_s": 180607.094707,
        "wall_utc": "2026-08-26T11:03:18.588Z"
      },
      "test_id": "R3_DISCONNECT",
      "trial_complete": true,
      "trial_id": "R3_DISCONNECT-T01",
      "trial_number": 1,
      "verdict": "MEASURED"
    },
    {
      "cancel_callback_latency_from_lease_state_observation_s": null,
      "cancel_callback_latency_from_revocation_initiation_s": null,
      "cancel_goal_ids": [],
      "cancel_request_count": 0,
      "cancel_request_count_at_measurement_end": 0,
      "checkpoints": [
        {
          "active_goal_count": 1,
          "active_goal_ids": [
            "fc8d8b50105e1c902b7b2160ab16a8d7"
          ],
          "goals": {
            "fc8d8b50105e1c902b7b2160ab16a8d7": {
              "cancel_request_count": 0,
              "feedback_count": 9,
              "goal_id": "fc8d8b50105e1c902b7b2160ab16a8d7",
              "last_feedback_navigation_s": 2.265829,
              "last_feedback_simulated_progress_m": 0.226583,
              "state": "EXECUTING",
              "target_marker_x": 40.02,
              "terminal_at": null
            }
          },
          "lease_state": {
            "event": "client_disconnected_release",
            "lease_ttl_ms": 1200,
            "lease_version": 158,
            "leases": [],
            "session_id": "R3_DISCONNECT-T02-session-A"
          },
          "observed_at": {
            "monotonic_s": 180621.814124,
            "wall_utc": "2026-08-26T11:03:33.307Z"
          },
          "observed_offset_s": 0.500075,
          "scheduled_offset_s": 0.5
        },
        {
          "active_goal_count": 1,
          "active_goal_ids": [
            "fc8d8b50105e1c902b7b2160ab16a8d7"
          ],
          "goals": {
            "fc8d8b50105e1c902b7b2160ab16a8d7": {
              "cancel_request_count": 0,
              "feedback_count": 11,
              "goal_id": "fc8d8b50105e1c902b7b2160ab16a8d7",
              "last_feedback_navigation_s": 2.834423,
              "last_feedback_simulated_progress_m": 0.283442,
              "state": "EXECUTING",
              "target_marker_x": 40.02,
              "terminal_at": null
            }
          },
          "lease_state": {
            "event": "client_disconnected_release",
            "lease_ttl_ms": 1200,
            "lease_version": 158,
            "leases": [],
            "session_id": "R3_DISCONNECT-T02-session-A"
          },
          "observed_at": {
            "monotonic_s": 180622.314119,
            "wall_utc": "2026-08-26T11:03:33.807Z"
          },
          "observed_offset_s": 1.00007,
          "scheduled_offset_s": 1.0
        },
        {
          "active_goal_count": 1,
          "active_goal_ids": [
            "fc8d8b50105e1c902b7b2160ab16a8d7"
          ],
          "goals": {
            "fc8d8b50105e1c902b7b2160ab16a8d7": {
              "cancel_request_count": 0,
              "feedback_count": 18,
              "goal_id": "fc8d8b50105e1c902b7b2160ab16a8d7",
              "last_feedback_navigation_s": 4.810531,
              "last_feedback_simulated_progress_m": 0.481053,
              "state": "EXECUTING",
              "target_marker_x": 40.02,
              "terminal_at": null
            }
          },
          "lease_state": {
            "event": "client_disconnected_release",
            "lease_ttl_ms": 1200,
            "lease_version": 158,
            "leases": [],
            "session_id": "R3_DISCONNECT-T02-session-A"
          },
          "observed_at": {
            "monotonic_s": 180624.314124,
            "wall_utc": "2026-08-26T11:03:35.807Z"
          },
          "observed_offset_s": 3.000075,
          "scheduled_offset_s": 3.0
        },
        {
          "active_goal_count": 1,
          "active_goal_ids": [
            "fc8d8b50105e1c902b7b2160ab16a8d7"
          ],
          "goals": {
            "fc8d8b50105e1c902b7b2160ab16a8d7": {
              "cancel_request_count": 0,
              "feedback_count": 25,
              "goal_id": "fc8d8b50105e1c902b7b2160ab16a8d7",
              "last_feedback_navigation_s": 6.796117,
              "last_feedback_simulated_progress_m": 0.679612,
              "state": "EXECUTING",
              "target_marker_x": 40.02,
              "terminal_at": null
            }
          },
          "lease_state": {
            "event": "client_disconnected_release",
            "lease_ttl_ms": 1200,
            "lease_version": 158,
            "leases": [],
            "session_id": "R3_DISCONNECT-T02-session-A"
          },
          "observed_at": {
            "monotonic_s": 180626.314115,
            "wall_utc": "2026-08-26T11:03:37.807Z"
          },
          "observed_offset_s": 5.000066,
          "scheduled_offset_s": 5.0
        },
        {
          "active_goal_count": 1,
          "active_goal_ids": [
            "fc8d8b50105e1c902b7b2160ab16a8d7"
          ],
          "goals": {
            "fc8d8b50105e1c902b7b2160ab16a8d7": {
              "cancel_request_count": 0,
              "feedback_count": 43,
              "goal_id": "fc8d8b50105e1c902b7b2160ab16a8d7",
              "last_feedback_navigation_s": 11.88463,
              "last_feedback_simulated_progress_m": 1.188463,
              "state": "EXECUTING",
              "target_marker_x": 40.02,
              "terminal_at": null
            }
          },
          "lease_state": {
            "event": "client_disconnected_release",
            "lease_ttl_ms": 1200,
            "lease_version": 158,
            "leases": [],
            "session_id": "R3_DISCONNECT-T02-session-A"
          },
          "observed_at": {
            "monotonic_s": 180631.314111,
            "wall_utc": "2026-08-26T11:03:42.807Z"
          },
          "observed_offset_s": 10.000062,
          "scheduled_offset_s": 10.0
        }
      ],
      "cleanup": {
        "active_goal_ids_after_cleanup": [],
        "clean": true,
        "completed_at": {
          "monotonic_s": 180631.419732,
          "wall_utc": "2026-08-26T11:03:42.913Z"
        },
        "forced_goal_ids": [
          "fc8d8b50105e1c902b7b2160ab16a8d7"
        ],
        "release_or_close_errors": [],
        "started_at": {
          "monotonic_s": 180631.314278,
          "wall_utc": "2026-08-26T11:03:42.807Z"
        },
        "terminal_wait_errors": []
      },
      "concurrency_events": [
        {
          "active_goal_count": 1,
          "active_goal_ids": [
            "fc8d8b50105e1c902b7b2160ab16a8d7"
          ],
          "at": {
            "monotonic_s": 180619.312996,
            "wall_utc": "2026-08-26T11:03:30.806Z"
          },
          "reason": "goal_accepted"
        },
        {
          "active_goal_count": 1,
          "active_goal_ids": [
            "fc8d8b50105e1c902b7b2160ab16a8d7"
          ],
          "at": {
            "monotonic_s": 180619.313621,
            "wall_utc": "2026-08-26T11:03:30.807Z"
          },
          "reason": "execute_started"
        }
      ],
      "distance_model": "constant 0.1 m/s; not physical motion",
      "duration_basis": "active_at_observation_end_lower_bound",
      "duration_is_right_censored_lower_bound": true,
      "evidence_fields": {
        "active_goal_count_at_observation_end": 1,
        "b_goal_id": null,
        "b_goal_status_at_observation_end": "NOT_APPLICABLE",
        "cancel_goal_ids": [],
        "cancel_request_times": [],
        "cleanup_clean": true,
        "expected": "A HorusLink connection closes and lease cleanup is observed; measure accepted-goal lifecycle",
        "feedback_count_at_observation_end": 43,
        "first_feedback_time": {
          "monotonic_s": 180619.313826,
          "wall_utc": "2026-08-26T11:03:30.807Z"
        },
        "goal_accepted_time": {
          "monotonic_s": 180619.312965,
          "wall_utc": "2026-08-26T11:03:30.806Z"
        },
        "goal_id": "fc8d8b50105e1c902b7b2160ab16a8d7",
        "goal_state_at_observation_end": "EXECUTING",
        "goal_terminal_state": "ABORTED_BY_TEST_CLEANUP",
        "last_feedback_time_at_observation_end": {
          "monotonic_s": 180631.198517,
          "wall_utc": "2026-08-26T11:03:42.692Z"
        },
        "last_simulated_progress_m_at_observation_end": 1.188463,
        "lease_holder": "A",
        "max_simultaneous_active_goals": 1,
        "observed": "GOAL_CONTINUED_THROUGH_OBSERVATION",
        "post_revocation_duration_s": 10.000062,
        "revision": "eca75cbf559f09ff793d8993338b2f1ffed1adfd",
        "revocation_time": {
          "monotonic_s": 180621.314049,
          "wall_utc": "2026-08-26T11:03:32.807Z"
        },
        "simulated_additional_distance_m": 1.000006,
        "terminal_time": {
          "monotonic_s": 180631.314411,
          "wall_utc": "2026-08-26T11:03:42.808Z"
        },
        "test_id": "R3_DISCONNECT",
        "trial_id": "R3_DISCONNECT-T02",
        "verdict": "MEASURED"
      },
      "expected": "A HorusLink connection closes and lease cleanup is observed; measure accepted-goal lifecycle",
      "first_cancel_callback_at": null,
      "goal_records_at_measurement_end": {
        "fc8d8b50105e1c902b7b2160ab16a8d7": {
          "accepted_at": {
            "monotonic_s": 180619.312965,
            "wall_utc": "2026-08-26T11:03:30.806Z"
          },
          "cancel_callbacks": [],
          "execute_started_at": {
            "monotonic_s": 180619.313597,
            "wall_utc": "2026-08-26T11:03:30.807Z"
          },
          "feedback_count": 43,
          "feedback_errors": [],
          "first_feedback_at": {
            "monotonic_s": 180619.313826,
            "wall_utc": "2026-08-26T11:03:30.807Z"
          },
          "goal_id": "fc8d8b50105e1c902b7b2160ab16a8d7",
          "last_feedback_at": {
            "monotonic_s": 180631.198517,
            "wall_utc": "2026-08-26T11:03:42.692Z"
          },
          "last_feedback_navigation_s": 11.88463,
          "last_feedback_simulated_progress_m": 1.188463,
          "state": "EXECUTING",
          "state_history": [
            {
              "at": {
                "monotonic_s": 180619.312965,
                "wall_utc": "2026-08-26T11:03:30.806Z"
              },
              "state": "ACCEPTED"
            },
            {
              "at": {
                "monotonic_s": 180619.313597,
                "wall_utc": "2026-08-26T11:03:30.807Z"
              },
              "state": "EXECUTING"
            }
          ],
          "target_marker_x": 40.02,
          "terminal_at": null,
          "terminal_reason": null,
          "test_cleanup_requested_at": null
        }
      },
      "goal_records_final": {
        "fc8d8b50105e1c902b7b2160ab16a8d7": {
          "accepted_at": {
            "monotonic_s": 180619.312965,
            "wall_utc": "2026-08-26T11:03:30.806Z"
          },
          "active_duration_s": 12.000814,
          "cancel_callbacks": [],
          "execute_started_at": {
            "monotonic_s": 180619.313597,
            "wall_utc": "2026-08-26T11:03:30.807Z"
          },
          "feedback_count": 43,
          "feedback_errors": [],
          "first_feedback_at": {
            "monotonic_s": 180619.313826,
            "wall_utc": "2026-08-26T11:03:30.807Z"
          },
          "goal_id": "fc8d8b50105e1c902b7b2160ab16a8d7",
          "last_feedback_at": {
            "monotonic_s": 180631.198517,
            "wall_utc": "2026-08-26T11:03:42.692Z"
          },
          "last_feedback_navigation_s": 11.88463,
          "last_feedback_simulated_progress_m": 1.188463,
          "simulated_distance_at_terminal_m": 1.200081,
          "state": "ABORTED_BY_TEST_CLEANUP",
          "state_history": [
            {
              "at": {
                "monotonic_s": 180619.312965,
                "wall_utc": "2026-08-26T11:03:30.806Z"
              },
              "state": "ACCEPTED"
            },
            {
              "at": {
                "monotonic_s": 180619.313597,
                "wall_utc": "2026-08-26T11:03:30.807Z"
              },
              "state": "EXECUTING"
            },
            {
              "at": {
                "monotonic_s": 180631.314411,
                "wall_utc": "2026-08-26T11:03:42.808Z"
              },
              "reason": "forced_cleanup_after_measurement",
              "state": "ABORTED_BY_TEST_CLEANUP"
            }
          ],
          "target_marker_x": 40.02,
          "terminal_at": {
            "monotonic_s": 180631.314411,
            "wall_utc": "2026-08-26T11:03:42.808Z"
          },
          "terminal_reason": "forced_cleanup_after_measurement",
          "test_cleanup_requested_at": {
            "monotonic_s": 180631.314282,
            "wall_utc": "2026-08-26T11:03:42.807Z"
          }
        }
      },
      "goal_state_at_observation_end": "EXECUTING",
      "heartbeat_counts": {
        "A": 8,
        "B": 0
      },
      "lease_holder": "A",
      "lease_state_after_revocation": [],
      "max_simultaneous_active_goals": 1,
      "measurement_completed_at": {
        "monotonic_s": 180631.314273,
        "wall_utc": "2026-08-26T11:03:42.807Z"
      },
      "observed": "GOAL_CONTINUED_THROUGH_OBSERVATION",
      "outcome_class": "GOAL_CONTINUED_THROUGH_OBSERVATION",
      "path": [
        "HorusLink client",
        "horus_unity_bridge",
        "ROS goal/cancel topic",
        "horus_backend Nav2ActionAdapter",
        "dummy NavigateToPose action server"
      ],
      "post_revocation_active_duration_s": 10.000062,
      "revision": "eca75cbf559f09ff793d8993338b2f1ffed1adfd",
      "revocation_event": {
        "payload": {
          "event": "client_disconnected_release",
          "lease_ttl_ms": 1200,
          "lease_version": 158,
          "leases": [],
          "session_id": "R3_DISCONNECT-T02-session-A"
        },
        "received_at": {
          "monotonic_s": 180621.314049,
          "wall_utc": "2026-08-26T11:03:32.807Z"
        }
      },
      "revocation_event_timestamp": {
        "monotonic_s": 180621.314049,
        "wall_utc": "2026-08-26T11:03:32.807Z"
      },
      "revocation_initiated_at": {
        "monotonic_s": 180621.31304,
        "wall_utc": "2026-08-26T11:03:32.806Z"
      },
      "runtime_label": "fixed-unmodified",
      "setup": {
        "catalog_event": {
          "payload": {
            "event": "snapshot",
            "lease_ttl_ms": 1200,
            "lease_version": 149,
            "leases": [],
            "session_id": "horus-long-action-probe"
          },
          "received_at": {
            "monotonic_s": 180619.261749,
            "wall_utc": "2026-08-26T11:03:30.755Z"
          }
        },
        "fresh_trial_state_verified": true,
        "goal_accepted_at": {
          "monotonic_s": 180619.312965,
          "wall_utc": "2026-08-26T11:03:30.806Z"
        },
        "goal_id": "fc8d8b50105e1c902b7b2160ab16a8d7",
        "goal_marker_x": 40.02,
        "goal_publish_sent_at": {
          "monotonic_s": 180619.311611,
          "wall_utc": "2026-08-26T11:03:30.805Z"
        },
        "lease_acquire_event": {
          "payload": {
            "event": "lease_granted",
            "holder_app_id": "long-probe-A",
            "lease_ttl_ms": 1200,
            "lease_version": 150,
            "leases": [
              {
                "acquired_at_ms": 180619302,
                "holder_app_id": "long-probe-A",
                "holder_role": "operator",
                "last_heartbeat_ms": 180619302,
                "lease_version": 150,
                "panel_open": true,
                "robot_name": "robot1",
                "session_id": "R3_DISCONNECT-T02-session-A",
                "task_active": true,
                "task_kind": "navigation",
                "teleop_active": true
              }
            ],
            "request_id": "R3_DISCONNECT-T02-A-acquire",
            "robot_name": "robot1",
            "session_id": "R3_DISCONNECT-T02-session-A"
          },
          "received_at": {
            "monotonic_s": 180619.302892,
            "wall_utc": "2026-08-26T11:03:30.796Z"
          }
        },
        "lease_holder": "A",
        "lease_state_after_acquire": [
          {
            "acquired_at_ms": 180619302,
            "holder_app_id": "long-probe-A",
            "holder_role": "operator",
            "last_heartbeat_ms": 180619302,
            "lease_version": 150,
            "panel_open": true,
            "robot_name": "robot1",
            "session_id": "R3_DISCONNECT-T02-session-A",
            "task_active": true,
            "task_kind": "navigation",
            "teleop_active": true
          }
        ]
      },
      "simulated_additional_distance_m": 1.000006,
      "started_at": {
        "monotonic_s": 180619.25854,
        "wall_utc": "2026-08-26T11:03:30.752Z"
      },
      "test_id": "R3_DISCONNECT",
      "trial_complete": true,
      "trial_id": "R3_DISCONNECT-T02",
      "trial_number": 2,
      "verdict": "MEASURED"
    },
    {
      "cancel_callback_latency_from_lease_state_observation_s": null,
      "cancel_callback_latency_from_revocation_initiation_s": null,
      "cancel_goal_ids": [],
      "cancel_request_count": 0,
      "cancel_request_count_at_measurement_end": 0,
      "checkpoints": [
        {
          "active_goal_count": 1,
          "active_goal_ids": [
            "2ceccdf7135cd7d25a1c8deffb8151ce"
          ],
          "goals": {
            "2ceccdf7135cd7d25a1c8deffb8151ce": {
              "cancel_request_count": 0,
              "feedback_count": 9,
              "goal_id": "2ceccdf7135cd7d25a1c8deffb8151ce",
              "last_feedback_navigation_s": 2.25899,
              "last_feedback_simulated_progress_m": 0.225899,
              "state": "EXECUTING",
              "target_marker_x": 40.03,
              "terminal_at": null
            }
          },
          "lease_state": {
            "event": "client_disconnected_release",
            "lease_ttl_ms": 1200,
            "lease_version": 167,
            "leases": [],
            "session_id": "R3_DISCONNECT-T03-session-A"
          },
          "observed_at": {
            "monotonic_s": 180633.986239,
            "wall_utc": "2026-08-26T11:03:45.479Z"
          },
          "observed_offset_s": 0.500058,
          "scheduled_offset_s": 0.5
        },
        {
          "active_goal_count": 1,
          "active_goal_ids": [
            "2ceccdf7135cd7d25a1c8deffb8151ce"
          ],
          "goals": {
            "2ceccdf7135cd7d25a1c8deffb8151ce": {
              "cancel_request_count": 0,
              "feedback_count": 11,
              "goal_id": "2ceccdf7135cd7d25a1c8deffb8151ce",
              "last_feedback_navigation_s": 2.831545,
              "last_feedback_simulated_progress_m": 0.283155,
              "state": "EXECUTING",
              "target_marker_x": 40.03,
              "terminal_at": null
            }
          },
          "lease_state": {
            "event": "client_disconnected_release",
            "lease_ttl_ms": 1200,
            "lease_version": 167,
            "leases": [],
            "session_id": "R3_DISCONNECT-T03-session-A"
          },
          "observed_at": {
            "monotonic_s": 180634.486261,
            "wall_utc": "2026-08-26T11:03:45.979Z"
          },
          "observed_offset_s": 1.00008,
          "scheduled_offset_s": 1.0
        },
        {
          "active_goal_count": 1,
          "active_goal_ids": [
            "2ceccdf7135cd7d25a1c8deffb8151ce"
          ],
          "goals": {
            "2ceccdf7135cd7d25a1c8deffb8151ce": {
              "cancel_request_count": 0,
              "feedback_count": 18,
              "goal_id": "2ceccdf7135cd7d25a1c8deffb8151ce",
              "last_feedback_navigation_s": 4.803443,
              "last_feedback_simulated_progress_m": 0.480344,
              "state": "EXECUTING",
              "target_marker_x": 40.03,
              "terminal_at": null
            }
          },
          "lease_state": {
            "event": "client_disconnected_release",
            "lease_ttl_ms": 1200,
            "lease_version": 167,
            "leases": [],
            "session_id": "R3_DISCONNECT-T03-session-A"
          },
          "observed_at": {
            "monotonic_s": 180636.486259,
            "wall_utc": "2026-08-26T11:03:47.979Z"
          },
          "observed_offset_s": 3.000078,
          "scheduled_offset_s": 3.0
        },
        {
          "active_goal_count": 1,
          "active_goal_ids": [
            "2ceccdf7135cd7d25a1c8deffb8151ce"
          ],
          "goals": {
            "2ceccdf7135cd7d25a1c8deffb8151ce": {
              "cancel_request_count": 0,
              "feedback_count": 25,
              "goal_id": "2ceccdf7135cd7d25a1c8deffb8151ce",
              "last_feedback_navigation_s": 6.782647,
              "last_feedback_simulated_progress_m": 0.678265,
              "state": "EXECUTING",
              "target_marker_x": 40.03,
              "terminal_at": null
            }
          },
          "lease_state": {
            "event": "client_disconnected_release",
            "lease_ttl_ms": 1200,
            "lease_version": 167,
            "leases": [],
            "session_id": "R3_DISCONNECT-T03-session-A"
          },
          "observed_at": {
            "monotonic_s": 180638.486252,
            "wall_utc": "2026-08-26T11:03:49.979Z"
          },
          "observed_offset_s": 5.000071,
          "scheduled_offset_s": 5.0
        },
        {
          "active_goal_count": 1,
          "active_goal_ids": [
            "2ceccdf7135cd7d25a1c8deffb8151ce"
          ],
          "goals": {
            "2ceccdf7135cd7d25a1c8deffb8151ce": {
              "cancel_request_count": 0,
              "feedback_count": 43,
              "goal_id": "2ceccdf7135cd7d25a1c8deffb8151ce",
              "last_feedback_navigation_s": 11.865874,
              "last_feedback_simulated_progress_m": 1.186587,
              "state": "EXECUTING",
              "target_marker_x": 40.03,
              "terminal_at": null
            }
          },
          "lease_state": {
            "event": "client_disconnected_release",
            "lease_ttl_ms": 1200,
            "lease_version": 167,
            "leases": [],
            "session_id": "R3_DISCONNECT-T03-session-A"
          },
          "observed_at": {
            "monotonic_s": 180643.486257,
            "wall_utc": "2026-08-26T11:03:54.979Z"
          },
          "observed_offset_s": 10.000076,
          "scheduled_offset_s": 10.0
        }
      ],
      "cleanup": {
        "active_goal_ids_after_cleanup": [],
        "clean": true,
        "completed_at": {
          "monotonic_s": 180643.593472,
          "wall_utc": "2026-08-26T11:03:55.087Z"
        },
        "forced_goal_ids": [
          "2ceccdf7135cd7d25a1c8deffb8151ce"
        ],
        "release_or_close_errors": [],
        "started_at": {
          "monotonic_s": 180643.486463,
          "wall_utc": "2026-08-26T11:03:54.980Z"
        },
        "terminal_wait_errors": []
      },
      "concurrency_events": [
        {
          "active_goal_count": 1,
          "active_goal_ids": [
            "2ceccdf7135cd7d25a1c8deffb8151ce"
          ],
          "at": {
            "monotonic_s": 180631.475204,
            "wall_utc": "2026-08-26T11:03:42.968Z"
          },
          "reason": "goal_accepted"
        },
        {
          "active_goal_count": 1,
          "active_goal_ids": [
            "2ceccdf7135cd7d25a1c8deffb8151ce"
          ],
          "at": {
            "monotonic_s": 180631.475512,
            "wall_utc": "2026-08-26T11:03:42.969Z"
          },
          "reason": "execute_started"
        }
      ],
      "distance_model": "constant 0.1 m/s; not physical motion",
      "duration_basis": "active_at_observation_end_lower_bound",
      "duration_is_right_censored_lower_bound": true,
      "evidence_fields": {
        "active_goal_count_at_observation_end": 1,
        "b_goal_id": null,
        "b_goal_status_at_observation_end": "NOT_APPLICABLE",
        "cancel_goal_ids": [],
        "cancel_request_times": [],
        "cleanup_clean": true,
        "expected": "A HorusLink connection closes and lease cleanup is observed; measure accepted-goal lifecycle",
        "feedback_count_at_observation_end": 43,
        "first_feedback_time": {
          "monotonic_s": 180631.475639,
          "wall_utc": "2026-08-26T11:03:42.969Z"
        },
        "goal_accepted_time": {
          "monotonic_s": 180631.47518,
          "wall_utc": "2026-08-26T11:03:42.968Z"
        },
        "goal_id": "2ceccdf7135cd7d25a1c8deffb8151ce",
        "goal_state_at_observation_end": "EXECUTING",
        "goal_terminal_state": "ABORTED_BY_TEST_CLEANUP",
        "last_feedback_time_at_observation_end": {
          "monotonic_s": 180643.3416,
          "wall_utc": "2026-08-26T11:03:54.835Z"
        },
        "last_simulated_progress_m_at_observation_end": 1.186587,
        "lease_holder": "A",
        "max_simultaneous_active_goals": 1,
        "observed": "GOAL_CONTINUED_THROUGH_OBSERVATION",
        "post_revocation_duration_s": 10.000076,
        "revision": "eca75cbf559f09ff793d8993338b2f1ffed1adfd",
        "revocation_time": {
          "monotonic_s": 180633.486181,
          "wall_utc": "2026-08-26T11:03:44.979Z"
        },
        "simulated_additional_distance_m": 1.000008,
        "terminal_time": {
          "monotonic_s": 180643.486629,
          "wall_utc": "2026-08-26T11:03:54.980Z"
        },
        "test_id": "R3_DISCONNECT",
        "trial_id": "R3_DISCONNECT-T03",
        "verdict": "MEASURED"
      },
      "expected": "A HorusLink connection closes and lease cleanup is observed; measure accepted-goal lifecycle",
      "first_cancel_callback_at": null,
      "goal_records_at_measurement_end": {
        "2ceccdf7135cd7d25a1c8deffb8151ce": {
          "accepted_at": {
            "monotonic_s": 180631.47518,
            "wall_utc": "2026-08-26T11:03:42.968Z"
          },
          "cancel_callbacks": [],
          "execute_started_at": {
            "monotonic_s": 180631.475497,
            "wall_utc": "2026-08-26T11:03:42.969Z"
          },
          "feedback_count": 43,
          "feedback_errors": [],
          "first_feedback_at": {
            "monotonic_s": 180631.475639,
            "wall_utc": "2026-08-26T11:03:42.969Z"
          },
          "goal_id": "2ceccdf7135cd7d25a1c8deffb8151ce",
          "last_feedback_at": {
            "monotonic_s": 180643.3416,
            "wall_utc": "2026-08-26T11:03:54.835Z"
          },
          "last_feedback_navigation_s": 11.865874,
          "last_feedback_simulated_progress_m": 1.186587,
          "state": "EXECUTING",
          "state_history": [
            {
              "at": {
                "monotonic_s": 180631.47518,
                "wall_utc": "2026-08-26T11:03:42.968Z"
              },
              "state": "ACCEPTED"
            },
            {
              "at": {
                "monotonic_s": 180631.475497,
                "wall_utc": "2026-08-26T11:03:42.969Z"
              },
              "state": "EXECUTING"
            }
          ],
          "target_marker_x": 40.03,
          "terminal_at": null,
          "terminal_reason": null,
          "test_cleanup_requested_at": null
        }
      },
      "goal_records_final": {
        "2ceccdf7135cd7d25a1c8deffb8151ce": {
          "accepted_at": {
            "monotonic_s": 180631.47518,
            "wall_utc": "2026-08-26T11:03:42.968Z"
          },
          "active_duration_s": 12.011132,
          "cancel_callbacks": [],
          "execute_started_at": {
            "monotonic_s": 180631.475497,
            "wall_utc": "2026-08-26T11:03:42.969Z"
          },
          "feedback_count": 43,
          "feedback_errors": [],
          "first_feedback_at": {
            "monotonic_s": 180631.475639,
            "wall_utc": "2026-08-26T11:03:42.969Z"
          },
          "goal_id": "2ceccdf7135cd7d25a1c8deffb8151ce",
          "last_feedback_at": {
            "monotonic_s": 180643.3416,
            "wall_utc": "2026-08-26T11:03:54.835Z"
          },
          "last_feedback_navigation_s": 11.865874,
          "last_feedback_simulated_progress_m": 1.186587,
          "simulated_distance_at_terminal_m": 1.201113,
          "state": "ABORTED_BY_TEST_CLEANUP",
          "state_history": [
            {
              "at": {
                "monotonic_s": 180631.47518,
                "wall_utc": "2026-08-26T11:03:42.968Z"
              },
              "state": "ACCEPTED"
            },
            {
              "at": {
                "monotonic_s": 180631.475497,
                "wall_utc": "2026-08-26T11:03:42.969Z"
              },
              "state": "EXECUTING"
            },
            {
              "at": {
                "monotonic_s": 180643.486629,
                "wall_utc": "2026-08-26T11:03:54.980Z"
              },
              "reason": "forced_cleanup_after_measurement",
              "state": "ABORTED_BY_TEST_CLEANUP"
            }
          ],
          "target_marker_x": 40.03,
          "terminal_at": {
            "monotonic_s": 180643.486629,
            "wall_utc": "2026-08-26T11:03:54.980Z"
          },
          "terminal_reason": "forced_cleanup_after_measurement",
          "test_cleanup_requested_at": {
            "monotonic_s": 180643.486467,
            "wall_utc": "2026-08-26T11:03:54.980Z"
          }
        }
      },
      "goal_state_at_observation_end": "EXECUTING",
      "heartbeat_counts": {
        "A": 8,
        "B": 0
      },
      "lease_holder": "A",
      "lease_state_after_revocation": [],
      "max_simultaneous_active_goals": 1,
      "measurement_completed_at": {
        "monotonic_s": 180643.486457,
        "wall_utc": "2026-08-26T11:03:54.980Z"
      },
      "observed": "GOAL_CONTINUED_THROUGH_OBSERVATION",
      "outcome_class": "GOAL_CONTINUED_THROUGH_OBSERVATION",
      "path": [
        "HorusLink client",
        "horus_unity_bridge",
        "ROS goal/cancel topic",
        "horus_backend Nav2ActionAdapter",
        "dummy NavigateToPose action server"
      ],
      "post_revocation_active_duration_s": 10.000076,
      "revision": "eca75cbf559f09ff793d8993338b2f1ffed1adfd",
      "revocation_event": {
        "payload": {
          "event": "client_disconnected_release",
          "lease_ttl_ms": 1200,
          "lease_version": 167,
          "leases": [],
          "session_id": "R3_DISCONNECT-T03-session-A"
        },
        "received_at": {
          "monotonic_s": 180633.486181,
          "wall_utc": "2026-08-26T11:03:44.979Z"
        }
      },
      "revocation_event_timestamp": {
        "monotonic_s": 180633.486181,
        "wall_utc": "2026-08-26T11:03:44.979Z"
      },
      "revocation_initiated_at": {
        "monotonic_s": 180633.475281,
        "wall_utc": "2026-08-26T11:03:44.968Z"
      },
      "runtime_label": "fixed-unmodified",
      "setup": {
        "catalog_event": {
          "payload": {
            "event": "snapshot",
            "lease_ttl_ms": 1200,
            "lease_version": 158,
            "leases": [],
            "session_id": "horus-long-action-probe"
          },
          "received_at": {
            "monotonic_s": 180631.424089,
            "wall_utc": "2026-08-26T11:03:42.917Z"
          }
        },
        "fresh_trial_state_verified": true,
        "goal_accepted_at": {
          "monotonic_s": 180631.47518,
          "wall_utc": "2026-08-26T11:03:42.968Z"
        },
        "goal_id": "2ceccdf7135cd7d25a1c8deffb8151ce",
        "goal_marker_x": 40.03,
        "goal_publish_sent_at": {
          "monotonic_s": 180631.473845,
          "wall_utc": "2026-08-26T11:03:42.967Z"
        },
        "lease_acquire_event": {
          "payload": {
            "event": "lease_granted",
            "holder_app_id": "long-probe-A",
            "lease_ttl_ms": 1200,
            "lease_version": 159,
            "leases": [
              {
                "acquired_at_ms": 180631464,
                "holder_app_id": "long-probe-A",
                "holder_role": "operator",
                "last_heartbeat_ms": 180631464,
                "lease_version": 159,
                "panel_open": true,
                "robot_name": "robot1",
                "session_id": "R3_DISCONNECT-T03-session-A",
                "task_active": true,
                "task_kind": "navigation",
                "teleop_active": true
              }
            ],
            "request_id": "R3_DISCONNECT-T03-A-acquire",
            "robot_name": "robot1",
            "session_id": "R3_DISCONNECT-T03-session-A"
          },
          "received_at": {
            "monotonic_s": 180631.465,
            "wall_utc": "2026-08-26T11:03:42.958Z"
          }
        },
        "lease_holder": "A",
        "lease_state_after_acquire": [
          {
            "acquired_at_ms": 180631464,
            "holder_app_id": "long-probe-A",
            "holder_role": "operator",
            "last_heartbeat_ms": 180631464,
            "lease_version": 159,
            "panel_open": true,
            "robot_name": "robot1",
            "session_id": "R3_DISCONNECT-T03-session-A",
            "task_active": true,
            "task_kind": "navigation",
            "teleop_active": true
          }
        ]
      },
      "simulated_additional_distance_m": 1.000008,
      "started_at": {
        "monotonic_s": 180631.419843,
        "wall_utc": "2026-08-26T11:03:42.913Z"
      },
      "test_id": "R3_DISCONNECT",
      "trial_complete": true,
      "trial_id": "R3_DISCONNECT-T03",
      "trial_number": 3,
      "verdict": "MEASURED"
    },
    {
      "cancel_callback_latency_from_lease_state_observation_s": null,
      "cancel_callback_latency_from_revocation_initiation_s": null,
      "cancel_goal_ids": [],
      "cancel_request_count": 0,
      "cancel_request_count_at_measurement_end": 0,
      "checkpoints": [
        {
          "active_goal_count": 1,
          "active_goal_ids": [
            "1df8aaa85c686ac3a6aad60bbe186aa3"
          ],
          "goals": {
            "1df8aaa85c686ac3a6aad60bbe186aa3": {
              "cancel_request_count": 0,
              "feedback_count": 9,
              "goal_id": "1df8aaa85c686ac3a6aad60bbe186aa3",
              "last_feedback_navigation_s": 2.263544,
              "last_feedback_simulated_progress_m": 0.226354,
              "state": "EXECUTING",
              "target_marker_x": 40.04,
              "terminal_at": null
            }
          },
          "lease_state": {
            "event": "client_disconnected_release",
            "lease_ttl_ms": 1200,
            "lease_version": 176,
            "leases": [],
            "session_id": "R3_DISCONNECT-T04-session-A"
          },
          "observed_at": {
            "monotonic_s": 180646.162484,
            "wall_utc": "2026-08-26T11:03:57.656Z"
          },
          "observed_offset_s": 0.500067,
          "scheduled_offset_s": 0.5
        },
        {
          "active_goal_count": 1,
          "active_goal_ids": [
            "1df8aaa85c686ac3a6aad60bbe186aa3"
          ],
          "goals": {
            "1df8aaa85c686ac3a6aad60bbe186aa3": {
              "cancel_request_count": 0,
              "feedback_count": 11,
              "goal_id": "1df8aaa85c686ac3a6aad60bbe186aa3",
              "last_feedback_navigation_s": 2.82831,
              "last_feedback_simulated_progress_m": 0.282831,
              "state": "EXECUTING",
              "target_marker_x": 40.04,
              "terminal_at": null
            }
          },
          "lease_state": {
            "event": "client_disconnected_release",
            "lease_ttl_ms": 1200,
            "lease_version": 176,
            "leases": [],
            "session_id": "R3_DISCONNECT-T04-session-A"
          },
          "observed_at": {
            "monotonic_s": 180646.662492,
            "wall_utc": "2026-08-26T11:03:58.156Z"
          },
          "observed_offset_s": 1.000075,
          "scheduled_offset_s": 1.0
        },
        {
          "active_goal_count": 1,
          "active_goal_ids": [
            "1df8aaa85c686ac3a6aad60bbe186aa3"
          ],
          "goals": {
            "1df8aaa85c686ac3a6aad60bbe186aa3": {
              "cancel_request_count": 0,
              "feedback_count": 18,
              "goal_id": "1df8aaa85c686ac3a6aad60bbe186aa3",
              "last_feedback_navigation_s": 4.80339,
              "last_feedback_simulated_progress_m": 0.480339,
              "state": "EXECUTING",
              "target_marker_x": 40.04,
              "terminal_at": null
            }
          },
          "lease_state": {
            "event": "client_disconnected_release",
            "lease_ttl_ms": 1200,
            "lease_version": 176,
            "leases": [],
            "session_id": "R3_DISCONNECT-T04-session-A"
          },
          "observed_at": {
            "monotonic_s": 180648.662494,
            "wall_utc": "2026-08-26T11:04:00.156Z"
          },
          "observed_offset_s": 3.000077,
          "scheduled_offset_s": 3.0
        },
        {
          "active_goal_count": 1,
          "active_goal_ids": [
            "1df8aaa85c686ac3a6aad60bbe186aa3"
          ],
          "goals": {
            "1df8aaa85c686ac3a6aad60bbe186aa3": {
              "cancel_request_count": 0,
              "feedback_count": 25,
              "goal_id": "1df8aaa85c686ac3a6aad60bbe186aa3",
              "last_feedback_navigation_s": 6.783381,
              "last_feedback_simulated_progress_m": 0.678338,
              "state": "EXECUTING",
              "target_marker_x": 40.04,
              "terminal_at": null
            }
          },
          "lease_state": {
            "event": "client_disconnected_release",
            "lease_ttl_ms": 1200,
            "lease_version": 176,
            "leases": [],
            "session_id": "R3_DISCONNECT-T04-session-A"
          },
          "observed_at": {
            "monotonic_s": 180650.662525,
            "wall_utc": "2026-08-26T11:04:02.156Z"
          },
          "observed_offset_s": 5.000108,
          "scheduled_offset_s": 5.0
        },
        {
          "active_goal_count": 1,
          "active_goal_ids": [
            "1df8aaa85c686ac3a6aad60bbe186aa3"
          ],
          "goals": {
            "1df8aaa85c686ac3a6aad60bbe186aa3": {
              "cancel_request_count": 0,
              "feedback_count": 43,
              "goal_id": "1df8aaa85c686ac3a6aad60bbe186aa3",
              "last_feedback_navigation_s": 11.866867,
              "last_feedback_simulated_progress_m": 1.186687,
              "state": "EXECUTING",
              "target_marker_x": 40.04,
              "terminal_at": null
            }
          },
          "lease_state": {
            "event": "client_disconnected_release",
            "lease_ttl_ms": 1200,
            "lease_version": 176,
            "leases": [],
            "session_id": "R3_DISCONNECT-T04-session-A"
          },
          "observed_at": {
            "monotonic_s": 180655.662486,
            "wall_utc": "2026-08-26T11:04:07.156Z"
          },
          "observed_offset_s": 10.000069,
          "scheduled_offset_s": 10.0
        }
      ],
      "cleanup": {
        "active_goal_ids_after_cleanup": [],
        "clean": true,
        "completed_at": {
          "monotonic_s": 180655.768956,
          "wall_utc": "2026-08-26T11:04:07.262Z"
        },
        "forced_goal_ids": [
          "1df8aaa85c686ac3a6aad60bbe186aa3"
        ],
        "release_or_close_errors": [],
        "started_at": {
          "monotonic_s": 180655.662671,
          "wall_utc": "2026-08-26T11:04:07.156Z"
        },
        "terminal_wait_errors": []
      },
      "concurrency_events": [
        {
          "active_goal_count": 1,
          "active_goal_ids": [
            "1df8aaa85c686ac3a6aad60bbe186aa3"
          ],
          "at": {
            "monotonic_s": 180643.648574,
            "wall_utc": "2026-08-26T11:03:55.142Z"
          },
          "reason": "goal_accepted"
        },
        {
          "active_goal_count": 1,
          "active_goal_ids": [
            "1df8aaa85c686ac3a6aad60bbe186aa3"
          ],
          "at": {
            "monotonic_s": 180643.648869,
            "wall_utc": "2026-08-26T11:03:55.142Z"
          },
          "reason": "execute_started"
        }
      ],
      "distance_model": "constant 0.1 m/s; not physical motion",
      "duration_basis": "active_at_observation_end_lower_bound",
      "duration_is_right_censored_lower_bound": true,
      "evidence_fields": {
        "active_goal_count_at_observation_end": 1,
        "b_goal_id": null,
        "b_goal_status_at_observation_end": "NOT_APPLICABLE",
        "cancel_goal_ids": [],
        "cancel_request_times": [],
        "cleanup_clean": true,
        "expected": "A HorusLink connection closes and lease cleanup is observed; measure accepted-goal lifecycle",
        "feedback_count_at_observation_end": 43,
        "first_feedback_time": {
          "monotonic_s": 180643.648986,
          "wall_utc": "2026-08-26T11:03:55.142Z"
        },
        "goal_accepted_time": {
          "monotonic_s": 180643.648544,
          "wall_utc": "2026-08-26T11:03:55.142Z"
        },
        "goal_id": "1df8aaa85c686ac3a6aad60bbe186aa3",
        "goal_state_at_observation_end": "EXECUTING",
        "goal_terminal_state": "ABORTED_BY_TEST_CLEANUP",
        "last_feedback_time_at_observation_end": {
          "monotonic_s": 180655.515935,
          "wall_utc": "2026-08-26T11:04:07.009Z"
        },
        "last_simulated_progress_m_at_observation_end": 1.186687,
        "lease_holder": "A",
        "max_simultaneous_active_goals": 1,
        "observed": "GOAL_CONTINUED_THROUGH_OBSERVATION",
        "post_revocation_duration_s": 10.000069,
        "revision": "eca75cbf559f09ff793d8993338b2f1ffed1adfd",
        "revocation_time": {
          "monotonic_s": 180645.662417,
          "wall_utc": "2026-08-26T11:03:57.156Z"
        },
        "simulated_additional_distance_m": 1.000007,
        "terminal_time": {
          "monotonic_s": 180655.662808,
          "wall_utc": "2026-08-26T11:04:07.156Z"
        },
        "test_id": "R3_DISCONNECT",
        "trial_id": "R3_DISCONNECT-T04",
        "verdict": "MEASURED"
      },
      "expected": "A HorusLink connection closes and lease cleanup is observed; measure accepted-goal lifecycle",
      "first_cancel_callback_at": null,
      "goal_records_at_measurement_end": {
        "1df8aaa85c686ac3a6aad60bbe186aa3": {
          "accepted_at": {
            "monotonic_s": 180643.648544,
            "wall_utc": "2026-08-26T11:03:55.142Z"
          },
          "cancel_callbacks": [],
          "execute_started_at": {
            "monotonic_s": 180643.648854,
            "wall_utc": "2026-08-26T11:03:55.142Z"
          },
          "feedback_count": 43,
          "feedback_errors": [],
          "first_feedback_at": {
            "monotonic_s": 180643.648986,
            "wall_utc": "2026-08-26T11:03:55.142Z"
          },
          "goal_id": "1df8aaa85c686ac3a6aad60bbe186aa3",
          "last_feedback_at": {
            "monotonic_s": 180655.515935,
            "wall_utc": "2026-08-26T11:04:07.009Z"
          },
          "last_feedback_navigation_s": 11.866867,
          "last_feedback_simulated_progress_m": 1.186687,
          "state": "EXECUTING",
          "state_history": [
            {
              "at": {
                "monotonic_s": 180643.648544,
                "wall_utc": "2026-08-26T11:03:55.142Z"
              },
              "state": "ACCEPTED"
            },
            {
              "at": {
                "monotonic_s": 180643.648854,
                "wall_utc": "2026-08-26T11:03:55.142Z"
              },
              "state": "EXECUTING"
            }
          ],
          "target_marker_x": 40.04,
          "terminal_at": null,
          "terminal_reason": null,
          "test_cleanup_requested_at": null
        }
      },
      "goal_records_final": {
        "1df8aaa85c686ac3a6aad60bbe186aa3": {
          "accepted_at": {
            "monotonic_s": 180643.648544,
            "wall_utc": "2026-08-26T11:03:55.142Z"
          },
          "active_duration_s": 12.013954,
          "cancel_callbacks": [],
          "execute_started_at": {
            "monotonic_s": 180643.648854,
            "wall_utc": "2026-08-26T11:03:55.142Z"
          },
          "feedback_count": 43,
          "feedback_errors": [],
          "first_feedback_at": {
            "monotonic_s": 180643.648986,
            "wall_utc": "2026-08-26T11:03:55.142Z"
          },
          "goal_id": "1df8aaa85c686ac3a6aad60bbe186aa3",
          "last_feedback_at": {
            "monotonic_s": 180655.515935,
            "wall_utc": "2026-08-26T11:04:07.009Z"
          },
          "last_feedback_navigation_s": 11.866867,
          "last_feedback_simulated_progress_m": 1.186687,
          "simulated_distance_at_terminal_m": 1.201395,
          "state": "ABORTED_BY_TEST_CLEANUP",
          "state_history": [
            {
              "at": {
                "monotonic_s": 180643.648544,
                "wall_utc": "2026-08-26T11:03:55.142Z"
              },
              "state": "ACCEPTED"
            },
            {
              "at": {
                "monotonic_s": 180643.648854,
                "wall_utc": "2026-08-26T11:03:55.142Z"
              },
              "state": "EXECUTING"
            },
            {
              "at": {
                "monotonic_s": 180655.662808,
                "wall_utc": "2026-08-26T11:04:07.156Z"
              },
              "reason": "forced_cleanup_after_measurement",
              "state": "ABORTED_BY_TEST_CLEANUP"
            }
          ],
          "target_marker_x": 40.04,
          "terminal_at": {
            "monotonic_s": 180655.662808,
            "wall_utc": "2026-08-26T11:04:07.156Z"
          },
          "terminal_reason": "forced_cleanup_after_measurement",
          "test_cleanup_requested_at": {
            "monotonic_s": 180655.662675,
            "wall_utc": "2026-08-26T11:04:07.156Z"
          }
        }
      },
      "goal_state_at_observation_end": "EXECUTING",
      "heartbeat_counts": {
        "A": 8,
        "B": 0
      },
      "lease_holder": "A",
      "lease_state_after_revocation": [],
      "max_simultaneous_active_goals": 1,
      "measurement_completed_at": {
        "monotonic_s": 180655.662666,
        "wall_utc": "2026-08-26T11:04:07.156Z"
      },
      "observed": "GOAL_CONTINUED_THROUGH_OBSERVATION",
      "outcome_class": "GOAL_CONTINUED_THROUGH_OBSERVATION",
      "path": [
        "HorusLink client",
        "horus_unity_bridge",
        "ROS goal/cancel topic",
        "horus_backend Nav2ActionAdapter",
        "dummy NavigateToPose action server"
      ],
      "post_revocation_active_duration_s": 10.000069,
      "revision": "eca75cbf559f09ff793d8993338b2f1ffed1adfd",
      "revocation_event": {
        "payload": {
          "event": "client_disconnected_release",
          "lease_ttl_ms": 1200,
          "lease_version": 176,
          "leases": [],
          "session_id": "R3_DISCONNECT-T04-session-A"
        },
        "received_at": {
          "monotonic_s": 180645.662417,
          "wall_utc": "2026-08-26T11:03:57.156Z"
        }
      },
      "revocation_event_timestamp": {
        "monotonic_s": 180645.662417,
        "wall_utc": "2026-08-26T11:03:57.156Z"
      },
      "revocation_initiated_at": {
        "monotonic_s": 180645.64864,
        "wall_utc": "2026-08-26T11:03:57.142Z"
      },
      "runtime_label": "fixed-unmodified",
      "setup": {
        "catalog_event": {
          "payload": {
            "event": "snapshot",
            "lease_ttl_ms": 1200,
            "lease_version": 167,
            "leases": [],
            "session_id": "horus-long-action-probe"
          },
          "received_at": {
            "monotonic_s": 180643.596468,
            "wall_utc": "2026-08-26T11:03:55.090Z"
          }
        },
        "fresh_trial_state_verified": true,
        "goal_accepted_at": {
          "monotonic_s": 180643.648544,
          "wall_utc": "2026-08-26T11:03:55.142Z"
        },
        "goal_id": "1df8aaa85c686ac3a6aad60bbe186aa3",
        "goal_marker_x": 40.04,
        "goal_publish_sent_at": {
          "monotonic_s": 180643.647129,
          "wall_utc": "2026-08-26T11:03:55.140Z"
        },
        "lease_acquire_event": {
          "payload": {
            "event": "lease_granted",
            "holder_app_id": "long-probe-A",
            "lease_ttl_ms": 1200,
            "lease_version": 168,
            "leases": [
              {
                "acquired_at_ms": 180643637,
                "holder_app_id": "long-probe-A",
                "holder_role": "operator",
                "last_heartbeat_ms": 180643637,
                "lease_version": 168,
                "panel_open": true,
                "robot_name": "robot1",
                "session_id": "R3_DISCONNECT-T04-session-A",
                "task_active": true,
                "task_kind": "navigation",
                "teleop_active": true
              }
            ],
            "request_id": "R3_DISCONNECT-T04-A-acquire",
            "robot_name": "robot1",
            "session_id": "R3_DISCONNECT-T04-session-A"
          },
          "received_at": {
            "monotonic_s": 180643.637669,
            "wall_utc": "2026-08-26T11:03:55.131Z"
          }
        },
        "lease_holder": "A",
        "lease_state_after_acquire": [
          {
            "acquired_at_ms": 180643637,
            "holder_app_id": "long-probe-A",
            "holder_role": "operator",
            "last_heartbeat_ms": 180643637,
            "lease_version": 168,
            "panel_open": true,
            "robot_name": "robot1",
            "session_id": "R3_DISCONNECT-T04-session-A",
            "task_active": true,
            "task_kind": "navigation",
            "teleop_active": true
          }
        ]
      },
      "simulated_additional_distance_m": 1.000007,
      "started_at": {
        "monotonic_s": 180643.593591,
        "wall_utc": "2026-08-26T11:03:55.087Z"
      },
      "test_id": "R3_DISCONNECT",
      "trial_complete": true,
      "trial_id": "R3_DISCONNECT-T04",
      "trial_number": 4,
      "verdict": "MEASURED"
    },
    {
      "cancel_callback_latency_from_lease_state_observation_s": null,
      "cancel_callback_latency_from_revocation_initiation_s": null,
      "cancel_goal_ids": [],
      "cancel_request_count": 0,
      "cancel_request_count_at_measurement_end": 0,
      "checkpoints": [
        {
          "active_goal_count": 1,
          "active_goal_ids": [
            "960f90a5d8f78e4c1bf1ef64747d65ba"
          ],
          "goals": {
            "960f90a5d8f78e4c1bf1ef64747d65ba": {
              "cancel_request_count": 0,
              "feedback_count": 9,
              "goal_id": "960f90a5d8f78e4c1bf1ef64747d65ba",
              "last_feedback_navigation_s": 2.256209,
              "last_feedback_simulated_progress_m": 0.225621,
              "state": "EXECUTING",
              "target_marker_x": 40.05,
              "terminal_at": null
            }
          },
          "lease_state": {
            "event": "client_disconnected_release",
            "lease_ttl_ms": 1200,
            "lease_version": 185,
            "leases": [],
            "session_id": "R3_DISCONNECT-T05-session-A"
          },
          "observed_at": {
            "monotonic_s": 180658.333382,
            "wall_utc": "2026-08-26T11:04:09.827Z"
          },
          "observed_offset_s": 0.500062,
          "scheduled_offset_s": 0.5
        },
        {
          "active_goal_count": 1,
          "active_goal_ids": [
            "960f90a5d8f78e4c1bf1ef64747d65ba"
          ],
          "goals": {
            "960f90a5d8f78e4c1bf1ef64747d65ba": {
              "cancel_request_count": 0,
              "feedback_count": 11,
              "goal_id": "960f90a5d8f78e4c1bf1ef64747d65ba",
              "last_feedback_navigation_s": 2.81834,
              "last_feedback_simulated_progress_m": 0.281834,
              "state": "EXECUTING",
              "target_marker_x": 40.05,
              "terminal_at": null
            }
          },
          "lease_state": {
            "event": "client_disconnected_release",
            "lease_ttl_ms": 1200,
            "lease_version": 185,
            "leases": [],
            "session_id": "R3_DISCONNECT-T05-session-A"
          },
          "observed_at": {
            "monotonic_s": 180658.833393,
            "wall_utc": "2026-08-26T11:04:10.327Z"
          },
          "observed_offset_s": 1.000073,
          "scheduled_offset_s": 1.0
        },
        {
          "active_goal_count": 1,
          "active_goal_ids": [
            "960f90a5d8f78e4c1bf1ef64747d65ba"
          ],
          "goals": {
            "960f90a5d8f78e4c1bf1ef64747d65ba": {
              "cancel_request_count": 0,
              "feedback_count": 18,
              "goal_id": "960f90a5d8f78e4c1bf1ef64747d65ba",
              "last_feedback_navigation_s": 4.809914,
              "last_feedback_simulated_progress_m": 0.480991,
              "state": "EXECUTING",
              "target_marker_x": 40.05,
              "terminal_at": null
            }
          },
          "lease_state": {
            "event": "client_disconnected_release",
            "lease_ttl_ms": 1200,
            "lease_version": 185,
            "leases": [],
            "session_id": "R3_DISCONNECT-T05-session-A"
          },
          "observed_at": {
            "monotonic_s": 180660.833395,
            "wall_utc": "2026-08-26T11:04:12.327Z"
          },
          "observed_offset_s": 3.000075,
          "scheduled_offset_s": 3.0
        },
        {
          "active_goal_count": 1,
          "active_goal_ids": [
            "960f90a5d8f78e4c1bf1ef64747d65ba"
          ],
          "goals": {
            "960f90a5d8f78e4c1bf1ef64747d65ba": {
              "cancel_request_count": 0,
              "feedback_count": 25,
              "goal_id": "960f90a5d8f78e4c1bf1ef64747d65ba",
              "last_feedback_navigation_s": 6.791131,
              "last_feedback_simulated_progress_m": 0.679113,
              "state": "EXECUTING",
              "target_marker_x": 40.05,
              "terminal_at": null
            }
          },
          "lease_state": {
            "event": "client_disconnected_release",
            "lease_ttl_ms": 1200,
            "lease_version": 185,
            "leases": [],
            "session_id": "R3_DISCONNECT-T05-session-A"
          },
          "observed_at": {
            "monotonic_s": 180662.833394,
            "wall_utc": "2026-08-26T11:04:14.327Z"
          },
          "observed_offset_s": 5.000074,
          "scheduled_offset_s": 5.0
        },
        {
          "active_goal_count": 1,
          "active_goal_ids": [
            "960f90a5d8f78e4c1bf1ef64747d65ba"
          ],
          "goals": {
            "960f90a5d8f78e4c1bf1ef64747d65ba": {
              "cancel_request_count": 0,
              "feedback_count": 43,
              "goal_id": "960f90a5d8f78e4c1bf1ef64747d65ba",
              "last_feedback_navigation_s": 11.876802,
              "last_feedback_simulated_progress_m": 1.18768,
              "state": "EXECUTING",
              "target_marker_x": 40.05,
              "terminal_at": null
            }
          },
          "lease_state": {
            "event": "client_disconnected_release",
            "lease_ttl_ms": 1200,
            "lease_version": 185,
            "leases": [],
            "session_id": "R3_DISCONNECT-T05-session-A"
          },
          "observed_at": {
            "monotonic_s": 180667.833391,
            "wall_utc": "2026-08-26T11:04:19.327Z"
          },
          "observed_offset_s": 10.000071,
          "scheduled_offset_s": 10.0
        }
      ],
      "cleanup": {
        "active_goal_ids_after_cleanup": [],
        "clean": true,
        "completed_at": {
          "monotonic_s": 180667.94254,
          "wall_utc": "2026-08-26T11:04:19.436Z"
        },
        "forced_goal_ids": [
          "960f90a5d8f78e4c1bf1ef64747d65ba"
        ],
        "release_or_close_errors": [],
        "started_at": {
          "monotonic_s": 180667.83363,
          "wall_utc": "2026-08-26T11:04:19.327Z"
        },
        "terminal_wait_errors": []
      },
      "concurrency_events": [
        {
          "active_goal_count": 1,
          "active_goal_ids": [
            "960f90a5d8f78e4c1bf1ef64747d65ba"
          ],
          "at": {
            "monotonic_s": 180655.83259,
            "wall_utc": "2026-08-26T11:04:07.326Z"
          },
          "reason": "goal_accepted"
        },
        {
          "active_goal_count": 1,
          "active_goal_ids": [
            "960f90a5d8f78e4c1bf1ef64747d65ba"
          ],
          "at": {
            "monotonic_s": 180655.832832,
            "wall_utc": "2026-08-26T11:04:07.326Z"
          },
          "reason": "execute_started"
        }
      ],
      "distance_model": "constant 0.1 m/s; not physical motion",
      "duration_basis": "active_at_observation_end_lower_bound",
      "duration_is_right_censored_lower_bound": true,
      "evidence_fields": {
        "active_goal_count_at_observation_end": 1,
        "b_goal_id": null,
        "b_goal_status_at_observation_end": "NOT_APPLICABLE",
        "cancel_goal_ids": [],
        "cancel_request_times": [],
        "cleanup_clean": true,
        "expected": "A HorusLink connection closes and lease cleanup is observed; measure accepted-goal lifecycle",
        "feedback_count_at_observation_end": 43,
        "first_feedback_time": {
          "monotonic_s": 180655.832951,
          "wall_utc": "2026-08-26T11:04:07.326Z"
        },
        "goal_accepted_time": {
          "monotonic_s": 180655.83256,
          "wall_utc": "2026-08-26T11:04:07.326Z"
        },
        "goal_id": "960f90a5d8f78e4c1bf1ef64747d65ba",
        "goal_state_at_observation_end": "EXECUTING",
        "goal_terminal_state": "ABORTED_BY_TEST_CLEANUP",
        "last_feedback_time_at_observation_end": {
          "monotonic_s": 180667.709882,
          "wall_utc": "2026-08-26T11:04:19.203Z"
        },
        "last_simulated_progress_m_at_observation_end": 1.18768,
        "lease_holder": "A",
        "max_simultaneous_active_goals": 1,
        "observed": "GOAL_CONTINUED_THROUGH_OBSERVATION",
        "post_revocation_duration_s": 10.000071,
        "revision": "eca75cbf559f09ff793d8993338b2f1ffed1adfd",
        "revocation_time": {
          "monotonic_s": 180657.83332,
          "wall_utc": "2026-08-26T11:04:09.326Z"
        },
        "simulated_additional_distance_m": 1.000007,
        "terminal_time": {
          "monotonic_s": 180667.833774,
          "wall_utc": "2026-08-26T11:04:19.327Z"
        },
        "test_id": "R3_DISCONNECT",
        "trial_id": "R3_DISCONNECT-T05",
        "verdict": "MEASURED"
      },
      "expected": "A HorusLink connection closes and lease cleanup is observed; measure accepted-goal lifecycle",
      "first_cancel_callback_at": null,
      "goal_records_at_measurement_end": {
        "960f90a5d8f78e4c1bf1ef64747d65ba": {
          "accepted_at": {
            "monotonic_s": 180655.83256,
            "wall_utc": "2026-08-26T11:04:07.326Z"
          },
          "cancel_callbacks": [],
          "execute_started_at": {
            "monotonic_s": 180655.832817,
            "wall_utc": "2026-08-26T11:04:07.326Z"
          },
          "feedback_count": 43,
          "feedback_errors": [],
          "first_feedback_at": {
            "monotonic_s": 180655.832951,
            "wall_utc": "2026-08-26T11:04:07.326Z"
          },
          "goal_id": "960f90a5d8f78e4c1bf1ef64747d65ba",
          "last_feedback_at": {
            "monotonic_s": 180667.709882,
            "wall_utc": "2026-08-26T11:04:19.203Z"
          },
          "last_feedback_navigation_s": 11.876802,
          "last_feedback_simulated_progress_m": 1.18768,
          "state": "EXECUTING",
          "state_history": [
            {
              "at": {
                "monotonic_s": 180655.83256,
                "wall_utc": "2026-08-26T11:04:07.326Z"
              },
              "state": "ACCEPTED"
            },
            {
              "at": {
                "monotonic_s": 180655.832817,
                "wall_utc": "2026-08-26T11:04:07.326Z"
              },
              "state": "EXECUTING"
            }
          ],
          "target_marker_x": 40.05,
          "terminal_at": null,
          "terminal_reason": null,
          "test_cleanup_requested_at": null
        }
      },
      "goal_records_final": {
        "960f90a5d8f78e4c1bf1ef64747d65ba": {
          "accepted_at": {
            "monotonic_s": 180655.83256,
            "wall_utc": "2026-08-26T11:04:07.326Z"
          },
          "active_duration_s": 12.000957,
          "cancel_callbacks": [],
          "execute_started_at": {
            "monotonic_s": 180655.832817,
            "wall_utc": "2026-08-26T11:04:07.326Z"
          },
          "feedback_count": 43,
          "feedback_errors": [],
          "first_feedback_at": {
            "monotonic_s": 180655.832951,
            "wall_utc": "2026-08-26T11:04:07.326Z"
          },
          "goal_id": "960f90a5d8f78e4c1bf1ef64747d65ba",
          "last_feedback_at": {
            "monotonic_s": 180667.709882,
            "wall_utc": "2026-08-26T11:04:19.203Z"
          },
          "last_feedback_navigation_s": 11.876802,
          "last_feedback_simulated_progress_m": 1.18768,
          "simulated_distance_at_terminal_m": 1.200096,
          "state": "ABORTED_BY_TEST_CLEANUP",
          "state_history": [
            {
              "at": {
                "monotonic_s": 180655.83256,
                "wall_utc": "2026-08-26T11:04:07.326Z"
              },
              "state": "ACCEPTED"
            },
            {
              "at": {
                "monotonic_s": 180655.832817,
                "wall_utc": "2026-08-26T11:04:07.326Z"
              },
              "state": "EXECUTING"
            },
            {
              "at": {
                "monotonic_s": 180667.833774,
                "wall_utc": "2026-08-26T11:04:19.327Z"
              },
              "reason": "forced_cleanup_after_measurement",
              "state": "ABORTED_BY_TEST_CLEANUP"
            }
          ],
          "target_marker_x": 40.05,
          "terminal_at": {
            "monotonic_s": 180667.833774,
            "wall_utc": "2026-08-26T11:04:19.327Z"
          },
          "terminal_reason": "forced_cleanup_after_measurement",
          "test_cleanup_requested_at": {
            "monotonic_s": 180667.833637,
            "wall_utc": "2026-08-26T11:04:19.327Z"
          }
        }
      },
      "goal_state_at_observation_end": "EXECUTING",
      "heartbeat_counts": {
        "A": 8,
        "B": 0
      },
      "lease_holder": "A",
      "lease_state_after_revocation": [],
      "max_simultaneous_active_goals": 1,
      "measurement_completed_at": {
        "monotonic_s": 180667.833621,
        "wall_utc": "2026-08-26T11:04:19.327Z"
      },
      "observed": "GOAL_CONTINUED_THROUGH_OBSERVATION",
      "outcome_class": "GOAL_CONTINUED_THROUGH_OBSERVATION",
      "path": [
        "HorusLink client",
        "horus_unity_bridge",
        "ROS goal/cancel topic",
        "horus_backend Nav2ActionAdapter",
        "dummy NavigateToPose action server"
      ],
      "post_revocation_active_duration_s": 10.000071,
      "revision": "eca75cbf559f09ff793d8993338b2f1ffed1adfd",
      "revocation_event": {
        "payload": {
          "event": "client_disconnected_release",
          "lease_ttl_ms": 1200,
          "lease_version": 185,
          "leases": [],
          "session_id": "R3_DISCONNECT-T05-session-A"
        },
        "received_at": {
          "monotonic_s": 180657.83332,
          "wall_utc": "2026-08-26T11:04:09.326Z"
        }
      },
      "revocation_event_timestamp": {
        "monotonic_s": 180657.83332,
        "wall_utc": "2026-08-26T11:04:09.326Z"
      },
      "revocation_initiated_at": {
        "monotonic_s": 180657.832646,
        "wall_utc": "2026-08-26T11:04:09.326Z"
      },
      "runtime_label": "fixed-unmodified",
      "setup": {
        "catalog_event": {
          "payload": {
            "event": "snapshot",
            "lease_ttl_ms": 1200,
            "lease_version": 176,
            "leases": [],
            "session_id": "horus-long-action-probe"
          },
          "received_at": {
            "monotonic_s": 180655.771836,
            "wall_utc": "2026-08-26T11:04:07.265Z"
          }
        },
        "fresh_trial_state_verified": true,
        "goal_accepted_at": {
          "monotonic_s": 180655.83256,
          "wall_utc": "2026-08-26T11:04:07.326Z"
        },
        "goal_id": "960f90a5d8f78e4c1bf1ef64747d65ba",
        "goal_marker_x": 40.05,
        "goal_publish_sent_at": {
          "monotonic_s": 180655.821699,
          "wall_utc": "2026-08-26T11:04:07.315Z"
        },
        "lease_acquire_event": {
          "payload": {
            "event": "lease_granted",
            "holder_app_id": "long-probe-A",
            "lease_ttl_ms": 1200,
            "lease_version": 177,
            "leases": [
              {
                "acquired_at_ms": 180655812,
                "holder_app_id": "long-probe-A",
                "holder_role": "operator",
                "last_heartbeat_ms": 180655812,
                "lease_version": 177,
                "panel_open": true,
                "robot_name": "robot1",
                "session_id": "R3_DISCONNECT-T05-session-A",
                "task_active": true,
                "task_kind": "navigation",
                "teleop_active": true
              }
            ],
            "request_id": "R3_DISCONNECT-T05-A-acquire",
            "robot_name": "robot1",
            "session_id": "R3_DISCONNECT-T05-session-A"
          },
          "received_at": {
            "monotonic_s": 180655.812493,
            "wall_utc": "2026-08-26T11:04:07.306Z"
          }
        },
        "lease_holder": "A",
        "lease_state_after_acquire": [
          {
            "acquired_at_ms": 180655812,
            "holder_app_id": "long-probe-A",
            "holder_role": "operator",
            "last_heartbeat_ms": 180655812,
            "lease_version": 177,
            "panel_open": true,
            "robot_name": "robot1",
            "session_id": "R3_DISCONNECT-T05-session-A",
            "task_active": true,
            "task_kind": "navigation",
            "teleop_active": true
          }
        ]
      },
      "simulated_additional_distance_m": 1.000007,
      "started_at": {
        "monotonic_s": 180655.769137,
        "wall_utc": "2026-08-26T11:04:07.262Z"
      },
      "test_id": "R3_DISCONNECT",
      "trial_complete": true,
      "trial_id": "R3_DISCONNECT-T05",
      "trial_number": 5,
      "verdict": "MEASURED"
    }
  ]
}
HORUS_LONG_ACTION_JSON_END
HORUS_RUNTIME_PROBE_COMPLETE
suite=revocation rc=0
